Country,Year,Radius,Continent,CountryID,Region,Subregion,gdpA,gdpS,gdpTot,gdpAn,gdpSn
Algeria,2000,10,Africa,23424740,Africa,Northern Africa,385632,,280807489472,0.0,
American Samoa,2000,10,Oceania,23424746,Oceania,Polynesia,611555222,,664203656,92.07,
Antarctica,2000,10,Antarctica,28289409,Antarctica,Antarctica,0,0.0,0,,
Argentina,2000,10,South America,23424747,Americas,South America,1599115,30121.0,479467320891,0.0,0.0
Armenia,2000,10,Asia,23424743,Asia,Western Asia,9698616,,9141604394,0.11,
Australia,2000,10,Oceania,-90,Oceania,Australia and New Zealand,204975,,555824248823,0.0,
Azerbaijan,2000,10,Asia,23424741,Asia,Western Asia,3778431,,31244618901,0.01,
Bolivia,2000,10,South America,23424762,Americas,South America,826692,,32408301826,0.0,
Cameroon,2000,10,Africa,23424785,Africa,Middle Africa,173518486,119811606.0,33569819994,0.52,0.36
Canada,2000,10,North America,23424775,Americas,Northern America,247725,3301.0,914350611474,0.0,0.0
Chad,2000,10,Africa,23424777,Africa,Middle Africa,85591,,7244319935,0.0,
Chile,2000,10,South America,23424782,Americas,South America,18204817,5377508.0,163072205424,0.01,0.0
China,2000,10,Asia,23424781,Asia,Eastern Asia,240455444,23790292.0,4130041992721,0.01,0.0
Colombia,2000,10,South America,23424787,Americas,South America,489938770,406509426.0,294254703981,0.17,0.14
Comoros,2000,10,Africa,23424786,Africa,Eastern Africa,272419477,142585769.0,949509857,28.69,15.02
Costa Rica,2000,10,North America,23424791,Americas,Central America,141322204,31812184.0,34763464302,0.41,0.09
Dem. Rep. Korea,2000,10,Asia,23424865,Asia,Eastern Asia,53143267,15154357.0,40026072943,0.13,0.04
Democratic Republic of the Congo,2000,10,Africa,23424780,Africa,Middle Africa,36735567,32275785.0,23796226616,0.15,0.14
Djibouti,2000,10,Africa,23424797,Africa,Eastern Africa,6083890,,1094755019,0.56,
Dominica,2000,10,North America,23424798,Americas,Caribbean,423818895,,454608625,93.23,
Ecuador,2000,10,South America,23424801,Americas,South America,2458898196,1089592812.0,76143283145,3.23,1.43
El Salvador,2000,10,North America,23424807,Americas,Central America,10223343355,8495998977.0,29266913120,34.93,29.03
Equatorial Guinea,2000,10,Africa,23424804,Africa,Middle Africa,211048764,,4987060715,4.23,
Eritrea,2000,10,Africa,23424806,Africa,Eastern Africa,8387265,3736661.0,5992765501,0.14,0.06
Ethiopia,2000,10,Africa,23424808,Africa,Eastern Africa,289073167,34083549.0,35889658085,0.81,0.09
Fiji,2000,10,Oceania,23424813,Oceania,Melanesia,8332614,,4469862516,0.19,
France,2000,10,Europe,-90,Europe,Western Europe,11503804145,1392314520.0,1724056058926,0.67,0.08
French Southern and Antarctic Lands,2000,10,Seven seas (open ocean),28289406,Seven seas (open ocean),Seven seas (open ocean),0,,0,,
Georgia,2000,10,Asia,23424823,Asia,Western Asia,5942922,,14875485034,0.04,
Germany,2000,10,Europe,23424829,Europe,Western Europe,137286878,,2525242288585,0.01,
Greece,2000,10,Europe,23424833,Europe,Southern Europe,21384480,18061989.0,225909979220,0.01,0.01
Grenada,2000,10,North America,23424826,Americas,Caribbean,361507571,35606338.0,695949442,51.94,5.12
Guatemala,2000,10,North America,23424834,Americas,Central America,1526020406,417753873.0,62153885783,2.46,0.67
Heard I. and McDonald Islands,2000,10,Seven seas (open ocean),28289411,Seven seas (open ocean),Seven seas (open ocean),0,,0,,
Honduras,2000,10,North America,23424841,Americas,Central America,47506574,,18930803903,0.25,
Iceland,2000,10,Europe,23424845,Europe,Northern Europe,286726267,18153027.0,8030592378,3.57,0.23
Indonesia,2000,10,Asia,23424846,Asia,South-Eastern Asia,13092836454,6368861276.0,1087414426171,1.2,0.59
Iran,2000,10,Asia,23424851,Asia,Southern Asia,32394980,,752673827336,0.0,
Italy,2000,10,Europe,23424853,Europe,Southern Europe,93322660381,87908028683.0,1631273792878,5.72,5.39
Japan,2000,10,Asia,23424856,Asia,Eastern Asia,4192672811,1997321433.0,3802820745483,0.11,0.05
Jordan,2000,10,Asia,23424860,Asia,Western Asia,69912,,34052392681,0.0,
Kenya,2000,10,Africa,23424863,Africa,Eastern Africa,534468425,,50379402145,1.06,
Mexico,2000,10,North America,23424900,Americas,Central America,788727081,207324472.0,1254623459562,0.06,0.02
Mongolia,2000,10,Asia,23424887,Asia,Eastern Asia,2776515,,10001827270,0.03,
Montserrat,2000,10,North America,23424888,Americas,Caribbean,25251870,25251870.0,25251870,100.0,100.0
Myanmar,2000,10,Asia,23424763,Asia,South-Eastern Asia,20658120,,47753956196,0.04,
Netherlands,2000,10,Europe,-90,Europe,Western Europe,19424235,,569603316646,0.0,
New Zealand,2000,10,Oceania,23424916,Oceania,Australia and New Zealand,26608277501,662347.0,81123293295,32.8,0.0
Nicaragua,2000,10,North America,23424915,Americas,Central America,8349819329,841016821.0,15761998294,52.97,5.34
Niger,2000,10,Africa,23424906,Africa,Western Africa,1057314,,9872605459,0.01,
Northern Mariana Islands,2000,10,Oceania,23424788,Oceania,Micronesia,0,,1810338282,0.0,
Norway,2000,10,Europe,-90,Europe,Northern Europe,413273,,185095765809,0.0,
Panama,2000,10,North America,23424924,Americas,Central America,29961727,,28266886970,0.11,
Papua New Guinea,2000,10,Oceania,23424926,Oceania,Melanesia,159315044,71832058.0,8456179847,1.88,0.85
Peru,2000,10,South America,23424919,Americas,South America,13532776,1074022.0,148862256216,0.01,0.0
Philippines,2000,10,Asia,23424934,Asia,South-Eastern Asia,899480158,238330473.0,294203446301,0.31,0.08
Portugal,2000,10,Europe,23424925,Europe,Southern Europe,1066914337,48001381.0,180976476074,0.59,0.03
Republic of Cabo Verde,2000,10,Africa,23424794,Africa,Western Africa,66451208,66451208.0,1203709304,5.52,5.52
Republic of Korea,2000,10,Asia,23424868,Asia,Eastern Asia,26736647,,918835141437,0.0,
Russian Federation,2000,10,Europe,23424936,Europe,Eastern Europe,12189027,920600.0,1263338507264,0.0,0.0
Rwanda,2000,10,Africa,23424937,Africa,Eastern Africa,104987550,1321530.0,5571311829,1.88,0.02
Saint Helena,2000,10,Seven seas (open ocean),23424944,Africa,Western Africa,6445660,,13889590,46.41,
Saint Kitts and Nevis,2000,10,North America,23424940,Americas,Caribbean,210334019,137018728.0,687840143,30.58,19.92
Saint Lucia,2000,10,North America,23424951,Americas,Caribbean,123680325,,1318441834,9.38,
Saint Vincent and the Grenadines,2000,10,North America,23424981,Americas,Caribbean,74082295,74082295.0,386395778,19.17,19.17
Samoa,2000,10,Oceania,23424992,Oceania,Polynesia,151795770,,599207584,25.33,
Saudi Arabia,2000,10,Asia,23424938,Asia,Western Asia,1303495332,,902023016127,0.14,
South Africa,2000,10,Africa,23424942,Africa,Southern Africa,0,,386995196280,0.0,
South Georgia and the Islands,2000,10,Seven seas (open ocean),23424955,Seven seas (open ocean),Seven seas (open ocean),0,,0,,
Spain,2000,10,Europe,23424950,Europe,Southern Europe,1495088368,1170848420.0,1001126264100,0.15,0.12
Sudan,2000,10,Africa,-90,Africa,Northern Africa,8887603,,60654212742,0.01,
Taiwan,2000,10,Asia,23424971,Asia,Eastern Asia,9420874186,,401063022701,2.35,
Tanzania,2000,10,Africa,23424973,Africa,Eastern Africa,125424566,39479376.0,43018874974,0.29,0.09
Turkey,2000,10,Asia,23424969,Asia,Western Asia,61952515,3700001.0,598830019881,0.01,0.0
Uganda,2000,10,Africa,23424974,Africa,Eastern Africa,300826649,,18666780889,1.61,
United States,2000,10,North America,23424977,Americas,Northern America,421804064,6942051.0,11180736613276,0.0,0.0
Vanuatu,2000,10,Oceania,23424907,Oceania,Melanesia,27302398,21002763.0,366585260,7.45,5.73
Yemen,2000,10,Asia,23425002,Asia,Western Asia,55661912,30436414.0,60905057745,0.09,0.05
Algeria,2001,10,Africa,23424740,Africa,Northern Africa,468917,,293394425710,0.0,
American Samoa,2001,10,Oceania,23424746,Oceania,Polynesia,656033796,,707217106,92.76,
Antarctica,2001,10,Antarctica,28289409,Antarctica,Antarctica,0,0.0,0,,
Argentina,2001,10,South America,23424747,Americas,South America,1614004,32104.0,458137370995,0.0,0.0
Armenia,2001,10,Asia,23424743,Asia,Western Asia,13980905,,10007740347,0.14,
Australia,2001,10,Oceania,-90,Oceania,Australia and New Zealand,135505,,565542260973,0.0,
Azerbaijan,2001,10,Asia,23424741,Asia,Western Asia,5694769,,34331573867,0.02,
Bolivia,2001,10,South America,23424762,Americas,South America,885202,,32954547853,0.0,
Cameroon,2001,10,Africa,23424785,Africa,Middle Africa,171849235,118046630.0,35151798251,0.49,0.34
Canada,2001,10,North America,23424775,Americas,Northern America,267097,3946.0,935805265198,0.0,0.0
Chad,2001,10,Africa,23424777,Africa,Middle Africa,107896,,8058737438,0.0,
Chile,2001,10,South America,23424782,Americas,South America,20275107,6200269.0,168549492055,0.01,0.0
China,2001,10,Asia,23424781,Asia,Eastern Asia,216284971,23939660.0,4490078337894,0.0,0.0
Colombia,2001,10,South America,23424787,Americas,South America,699625885,614886149.0,299202075207,0.23,0.21
Comoros,2001,10,Africa,23424786,Africa,Eastern Africa,275856553,142498267.0,975488042,28.28,14.61
Costa Rica,2001,10,North America,23424791,Americas,Central America,163058689,40509374.0,35975828052,0.45,0.11
Dem. Rep. Korea,2001,10,Asia,23424865,Asia,Eastern Asia,47625914,17131113.0,41383566069,0.12,0.04
Democratic Republic of the Congo,2001,10,Africa,23424780,Africa,Middle Africa,35755051,30818543.0,23389064465,0.15,0.13
Djibouti,2001,10,Africa,23424797,Africa,Eastern Africa,3261562,,738962753,0.44,
Dominica,2001,10,North America,23424798,Americas,Caribbean,442859484,,467459115,94.74,
Ecuador,2001,10,South America,23424801,Americas,South America,3063169438,1399575169.0,77710365331,3.94,1.8
El Salvador,2001,10,North America,23424807,Americas,Central America,10152120399,8022449961.0,29566877295,34.34,27.13
Equatorial Guinea,2001,10,Africa,23424804,Africa,Middle Africa,213442200,,7026090413,3.04,
Eritrea,2001,10,Africa,23424806,Africa,Eastern Africa,11178119,5205594.0,6511759927,0.17,0.08
Ethiopia,2001,10,Africa,23424808,Africa,Eastern Africa,309392596,38435831.0,38875005326,0.8,0.1
Fiji,2001,10,Oceania,23424813,Oceania,Melanesia,6910589,,4754272350,0.15,
France,2001,10,Europe,-90,Europe,Western Europe,11313565917,1675004937.0,1764075252257,0.64,0.09
French Southern and Antarctic Lands,2001,10,Seven seas (open ocean),28289406,Seven seas (open ocean),Seven seas (open ocean),0,,0,,
Georgia,2001,10,Asia,23424823,Asia,Western Asia,6641198,,15733998610,0.04,
Germany,2001,10,Europe,23424829,Europe,Western Europe,146276363,,2566379833654,0.01,
Greece,2001,10,Europe,23424833,Europe,Southern Europe,30076422,26469854.0,238678664977,0.01,0.01
Grenada,2001,10,North America,23424826,Americas,Caribbean,263893554,20622217.0,741762478,35.58,2.78
Guatemala,2001,10,North America,23424834,Americas,Central America,1500984359,391267356.0,63557291926,2.36,0.62
Heard I. and McDonald Islands,2001,10,Seven seas (open ocean),28289411,Seven seas (open ocean),Seven seas (open ocean),0,,0,,
Honduras,2001,10,North America,23424841,Americas,Central America,44524259,,19511560898,0.23,
Iceland,2001,10,Europe,23424845,Europe,Northern Europe,333832416,23471798.0,8535742686,3.91,0.27
Indonesia,2001,10,Asia,23424846,Asia,South-Eastern Asia,13666502271,7050797008.0,1127434684029,1.21,0.63
Iran,2001,10,Asia,23424851,Asia,Southern Asia,36293638,,758485200443,0.0,
Italy,2001,10,Europe,23424853,Europe,Southern Europe,89236467196,85360599533.0,1675742133984,5.33,5.09
Japan,2001,10,Asia,23424856,Asia,Eastern Asia,5919309344,2635711008.0,3816833282642,0.16,0.07
Jordan,2001,10,Asia,23424860,Asia,Western Asia,84266,,35863072201,0.0,
Kenya,2001,10,Africa,23424863,Africa,Eastern Africa,535275876,,52312275300,1.02,
Mexico,2001,10,North America,23424900,Americas,Central America,931669026,319142407.0,1253807542105,0.07,0.03
Mongolia,2001,10,Asia,23424887,Asia,Eastern Asia,3198659,,10297294511,0.03,
Montserrat,2001,10,North America,23424888,Americas,Caribbean,17126036,17126036.0,17126036,100.0,100.0
Myanmar,2001,10,Asia,23424763,Asia,South-Eastern Asia,26343939,,53224061799,0.05,
Netherlands,2001,10,Europe,-90,Europe,Western Europe,26772429,,581164261990,0.0,
New Zealand,2001,10,Oceania,23424916,Oceania,Australia and New Zealand,22595297192,622258.0,84354354377,26.79,0.0
Nicaragua,2001,10,North America,23424915,Americas,Central America,8621359705,919385258.0,16238406120,53.09,5.66
Niger,2001,10,Africa,23424906,Africa,Western Africa,1210100,,10585861594,0.01,
Northern Mariana Islands,2001,10,Oceania,23424788,Oceania,Micronesia,0,,1827567754,0.0,
Norway,2001,10,Europe,-90,Europe,Northern Europe,408539,,190809993991,0.0,
Panama,2001,10,North America,23424924,Americas,Central America,26948287,,28437577309,0.09,
Papua New Guinea,2001,10,Oceania,23424926,Oceania,Melanesia,150376339,66040097.0,8468650895,1.78,0.78
Peru,2001,10,South America,23424919,Americas,South America,15305450,1078991.0,150107058458,0.01,0.0
Philippines,2001,10,Asia,23424934,Asia,South-Eastern Asia,972053723,267278221.0,302021215215,0.32,0.09
Portugal,2001,10,Europe,23424925,Europe,Southern Europe,1745469793,47829574.0,198057692994,0.88,0.02
Republic of Cabo Verde,2001,10,Africa,23424794,Africa,Western Africa,61378432,61378432.0,1250835936,4.91,4.91
Republic of Korea,2001,10,Asia,23424868,Asia,Eastern Asia,29605511,,968886633909,0.0,
Russian Federation,2001,10,Europe,23424936,Europe,Eastern Europe,12118035,749840.0,1329022851808,0.0,0.0
Rwanda,2001,10,Africa,23424937,Africa,Eastern Africa,133677119,986628.0,6018301624,2.22,0.02
Saint Helena,2001,10,Seven seas (open ocean),23424944,Africa,Western Africa,5012396,,28405968,17.65,
Saint Kitts and Nevis,2001,10,North America,23424940,Americas,Caribbean,288248428,199191045.0,741690802,38.86,26.86
Saint Lucia,2001,10,North America,23424951,Americas,Caribbean,86599065,,1281030076,6.76,
Saint Vincent and the Grenadines,2001,10,North America,23424981,Americas,Caribbean,80875858,80875858.0,507793980,15.93,15.93
Samoa,2001,10,Oceania,23424992,Oceania,Polynesia,141235708,,601804746,23.47,
Saudi Arabia,2001,10,Asia,23424938,Asia,Western Asia,1788435554,,892298118209,0.2,
South Africa,2001,10,Africa,23424942,Africa,Southern Africa,0,,397741039838,0.0,
South Georgia and the Islands,2001,10,Seven seas (open ocean),23424955,Seven seas (open ocean),Seven seas (open ocean),0,,0,,
Spain,2001,10,Europe,23424950,Europe,Southern Europe,2145379482,1519243881.0,1052848298689,0.2,0.14
Sudan,2001,10,Africa,-90,Africa,Northern Africa,9408535,,64772183448,0.01,
Taiwan,2001,10,Asia,23424971,Asia,Eastern Asia,10385086950,,417018920491,2.49,
Tanzania,2001,10,Africa,23424973,Africa,Eastern Africa,133728276,38895585.0,45543739498,0.29,0.09
Turkey,2001,10,Asia,23424969,Asia,Western Asia,69644884,3860704.0,573065422337,0.01,0.0
Uganda,2001,10,Africa,23424974,Africa,Eastern Africa,298845227,,19634267657,1.52,
United States,2001,10,North America,23424977,Americas,Northern America,276717840,7670485.0,11327910347854,0.0,0.0
Vanuatu,2001,10,Oceania,23424907,Oceania,Melanesia,24194263,18243766.0,372402423,6.5,4.9
Yemen,2001,10,Asia,23425002,Asia,Western Asia,52702394,29047189.0,61402944446,0.09,0.05
Algeria,2002,10,Africa,23424740,Africa,Northern Africa,420158,,309033077338,0.0,
American Samoa,2002,10,Oceania,23424746,Oceania,Polynesia,667806294,,714380560,93.48,
Antarctica,2002,10,Antarctica,28289409,Antarctica,Antarctica,0,0.0,0,,
Argentina,2002,10,South America,23424747,Americas,South America,1584977,26349.0,408155169293,0.0,0.0
Armenia,2002,10,Asia,23424743,Asia,Western Asia,9149112,,11334136685,0.08,
Australia,2002,10,Oceania,-90,Oceania,Australia and New Zealand,87555,,586554351888,0.0,
Azerbaijan,2002,10,Asia,23424741,Asia,Western Asia,4213864,,37720940800,0.01,
Bolivia,2002,10,South America,23424762,Americas,South America,869087,,33767682382,0.0,
Cameroon,2002,10,Africa,23424785,Africa,Middle Africa,153726482,107927370.0,36700835231,0.42,0.29
Canada,2002,10,North America,23424775,Americas,Northern America,289362,5960.0,966969282669,0.0,0.0
Chad,2002,10,Africa,23424777,Africa,Middle Africa,116504,,8729740119,0.0,
Chile,2002,10,South America,23424782,Americas,South America,20392714,5761192.0,173919308103,0.01,0.0
China,2002,10,Asia,23424781,Asia,Eastern Asia,281885751,27580197.0,4893719799516,0.01,0.0
Colombia,2002,10,South America,23424787,Americas,South America,672403414,587420435.0,306427272075,0.22,0.19
Comoros,2002,10,Africa,23424786,Africa,Eastern Africa,276245934,141991521.0,999864850,27.63,14.2
Costa Rica,2002,10,North America,23424791,Americas,Central America,176139388,46207552.0,37196183458,0.47,0.12
Dem. Rep. Korea,2002,10,Asia,23424865,Asia,Eastern Asia,45303358,15448518.0,41736592263,0.11,0.04
Democratic Republic of the Congo,2002,10,Africa,23424780,Africa,Middle Africa,38598475,33165099.0,24069846789,0.16,0.14
Djibouti,2002,10,Africa,23424797,Africa,Eastern Africa,4716164,,1035688467,0.46,
Dominica,2002,10,North America,23424798,Americas,Caribbean,438909132,,459925586,95.43,
Ecuador,2002,10,South America,23424801,Americas,South America,2845674638,1139508250.0,80679932674,3.53,1.41
El Salvador,2002,10,North America,23424807,Americas,Central America,10853013541,8638316766.0,30030774709,36.14,28.76
Equatorial Guinea,2002,10,Africa,23424804,Africa,Middle Africa,295494804,,9501752911,3.11,
Eritrea,2002,10,Africa,23424806,Africa,Eastern Africa,10336690,4555651.0,6707706525,0.15,0.07
Ethiopia,2002,10,Africa,23424808,Africa,Eastern Africa,295507183,39032811.0,39471248963,0.75,0.1
Fiji,2002,10,Oceania,23424813,Oceania,Melanesia,6262020,,4874919252,0.13,
France,2002,10,Europe,-90,Europe,Western Europe,10616432384,1923177956.0,1785061850114,0.59,0.11
French Southern and Antarctic Lands,2002,10,Seven seas (open ocean),28289406,Seven seas (open ocean),Seven seas (open ocean),0,,0,,
Georgia,2002,10,Asia,23424823,Asia,Western Asia,4322940,,16530837104,0.03,
Germany,2002,10,Europe,23424829,Europe,Western Europe,161543589,,2559185855432,0.01,
Greece,2002,10,Europe,23424833,Europe,Southern Europe,20706075,16815371.0,248650099596,0.01,0.01
Grenada,2002,10,North America,23424826,Americas,Caribbean,246834597,19602520.0,776803391,31.78,2.52
Guatemala,2002,10,North America,23424834,Americas,Central America,2215869627,710663483.0,66024873136,3.36,1.08
Heard I. and McDonald Islands,2002,10,Seven seas (open ocean),28289411,Seven seas (open ocean),Seven seas (open ocean),0,,0,,
Honduras,2002,10,North America,23424841,Americas,Central America,44853043,,20244896717,0.22,
Iceland,2002,10,Europe,23424845,Europe,Northern Europe,295330005,21020070.0,8552141381,3.45,0.25
Indonesia,2002,10,Asia,23424846,Asia,South-Eastern Asia,13679753039,6913128294.0,1174918965008,1.16,0.59
Iran,2002,10,Asia,23424851,Asia,Southern Asia,39848000,,813917046531,0.0,
Italy,2002,10,Europe,23424853,Europe,Southern Europe,78597486622,73607692936.0,1681583250091,4.67,4.38
Japan,2002,10,Asia,23424856,Asia,Eastern Asia,6519516962,2983940301.0,3816569635656,0.17,0.08
Jordan,2002,10,Asia,23424860,Asia,Western Asia,89443,,37943068825,0.0,
Kenya,2002,10,Africa,23424863,Africa,Eastern Africa,486737601,,52565151517,0.93,
Mexico,2002,10,North America,23424900,Americas,Central America,881042107,278626706.0,1252830273146,0.07,0.02
Mongolia,2002,10,Asia,23424887,Asia,Eastern Asia,3052962,,10784016862,0.03,
Montserrat,2002,10,North America,23424888,Americas,Caribbean,17950439,17950439.0,17950439,100.0,100.0
Myanmar,2002,10,Asia,23424763,Asia,South-Eastern Asia,30084761,,59704994234,0.05,
Netherlands,2002,10,Europe,-90,Europe,Western Europe,20800220,,583302485412,0.0,
New Zealand,2002,10,Oceania,23424916,Oceania,Australia and New Zealand,22030961450,688658.0,88280656089,24.96,0.0
Nicaragua,2002,10,North America,23424915,Americas,Central America,8669169954,1109390758.0,16358606963,52.99,6.78
Niger,2002,10,Africa,23424906,Africa,Western Africa,1352316,,11107517408,0.01,
Northern Mariana Islands,2002,10,Oceania,23424788,Oceania,Micronesia,0,,1811128537,0.0,
Norway,2002,10,Europe,-90,Europe,Northern Europe,415557,,191718953054,0.0,
Panama,2002,10,North America,23424924,Americas,Central America,20639372,,29088420695,0.07,
Papua New Guinea,2002,10,Oceania,23424926,Oceania,Melanesia,149429568,65224617.0,8467878355,1.76,0.77
Peru,2002,10,South America,23424919,Americas,South America,17077735,1210412.0,158091639937,0.01,0.0
Philippines,2002,10,Asia,23424934,Asia,South-Eastern Asia,1164546143,273102590.0,311011588452,0.37,0.09
Portugal,2002,10,Europe,23424925,Europe,Southern Europe,1124127597,42859790.0,198925465498,0.57,0.02
Republic of Cabo Verde,2002,10,Africa,23424794,Africa,Western Africa,61052303,61052303.0,1365749093,4.47,4.47
Republic of Korea,2002,10,Asia,23424868,Asia,Eastern Asia,37943945,,1041966337953,0.0,
Russian Federation,2002,10,Europe,23424936,Europe,Eastern Europe,11759270,610397.0,1395071318688,0.0,0.0
Rwanda,2002,10,Africa,23424937,Africa,Eastern Africa,142347938,1126287.0,6815238857,2.09,0.02
Saint Helena,2002,10,Seven seas (open ocean),23424944,Africa,Western Africa,5004370,,27746741,18.04,
Saint Kitts and Nevis,2002,10,North America,23424940,Americas,Caribbean,291813440,183115596.0,726118882,40.19,25.22
Saint Lucia,2002,10,North America,23424951,Americas,Caribbean,72686051,,1258940863,5.77,
Saint Vincent and the Grenadines,2002,10,North America,23424981,Americas,Caribbean,82946599,82946599.0,521664001,15.9,15.9
Samoa,2002,10,Oceania,23424992,Oceania,Polynesia,146434692,,626629599,23.37,
Saudi Arabia,2002,10,Asia,23424938,Asia,Western Asia,1671211005,,867834271054,0.19,
South Africa,2002,10,Africa,23424942,Africa,Southern Africa,0,,412431487244,0.0,
South Georgia and the Islands,2002,10,Seven seas (open ocean),23424955,Seven seas (open ocean),Seven seas (open ocean),0,,0,,
Spain,2002,10,Europe,23424950,Europe,Southern Europe,1877750457,1143097923.0,1076519711254,0.17,0.11
Sudan,2002,10,Africa,-90,Africa,Northern Africa,9223468,,69290658401,0.01,
Taiwan,2002,10,Asia,23424971,Asia,Eastern Asia,9822703159,,432826141515,2.27,
Tanzania,2002,10,Africa,23424973,Africa,Eastern Africa,144643447,41373091.0,48776947446,0.3,0.08
Turkey,2002,10,Asia,23424969,Asia,Western Asia,63990995,3901306.0,614963532417,0.01,0.0
Uganda,2002,10,Africa,23424974,Africa,Eastern Africa,300556513,,21352589743,1.41,
United States,2002,10,North America,23424977,Americas,Northern America,305847085,8040489.0,11535280466800,0.0,0.0
Vanuatu,2002,10,Oceania,23424907,Oceania,Melanesia,22390174,16697871.0,354460671,6.32,4.71
Yemen,2002,10,Asia,23425002,Asia,Western Asia,52359466,28584737.0,63852716030,0.08,0.04
Algeria,2003,10,Africa,23424740,Africa,Northern Africa,485814,,331097377573,0.0,
American Samoa,2003,10,Oceania,23424746,Oceania,Polynesia,662734880,,713499225,92.89,
Antarctica,2003,10,Antarctica,28289409,Antarctica,Antarctica,0,0.0,0,,
Argentina,2003,10,South America,23424747,Americas,South America,1522764,31315.0,444202807377,0.0,0.0
Armenia,2003,10,Asia,23424743,Asia,Western Asia,12013237,,12920534124,0.09,
Australia,2003,10,Oceania,-90,Oceania,Australia and New Zealand,107970,,604100493606,0.0,
Azerbaijan,2003,10,Asia,23424741,Asia,Western Asia,5389367,,41631360154,0.01,
Bolivia,2003,10,South America,23424762,Americas,South America,851787,,34673467517,0.0,
Cameroon,2003,10,Africa,23424785,Africa,Middle Africa,171915612,120880505.0,38372807310,0.45,0.32
Canada,2003,10,North America,23424775,Americas,Northern America,341553,6879.0,1006409858919,0.0,0.0
Chad,2003,10,Africa,23424777,Africa,Middle Africa,131491,,10011365375,0.0,
Chile,2003,10,South America,23424782,Americas,South America,22195304,6699691.0,180724974292,0.01,0.0
China,2003,10,Asia,23424781,Asia,Eastern Asia,266389531,28748559.0,5396518956200,0.0,0.0
Colombia,2003,10,South America,23424787,Americas,South America,793368295,689442930.0,318711922779,0.25,0.22
Comoros,2003,10,Africa,23424786,Africa,Eastern Africa,286517687,147773115.0,1017479295,28.16,14.52
Costa Rica,2003,10,North America,23424791,Americas,Central America,205279450,54369627.0,38811474323,0.53,0.14
Dem. Rep. Korea,2003,10,Asia,23424865,Asia,Eastern Asia,48612848,17716884.0,42460255459,0.11,0.04
Democratic Republic of the Congo,2003,10,Africa,23424780,Africa,Middle Africa,41499912,35336311.0,25408942076,0.16,0.14
Djibouti,2003,10,Africa,23424797,Africa,Eastern Africa,4268211,,1438026166,0.3,
Dominica,2003,10,North America,23424798,Americas,Caribbean,458625084,,483748458,94.81,
Ecuador,2003,10,South America,23424801,Americas,South America,2816534555,1029131476.0,84563573664,3.33,1.22
El Salvador,2003,10,North America,23424807,Americas,Central America,11169834521,8830048459.0,30499986539,36.62,28.95
Equatorial Guinea,2003,10,Africa,23424804,Africa,Middle Africa,338254164,,9797236489,3.45,
Eritrea,2003,10,Africa,23424806,Africa,Eastern Africa,10868608,4898441.0,6533557247,0.17,0.07
Ethiopia,2003,10,Africa,23424808,Africa,Eastern Africa,293276635,38022769.0,38633088442,0.76,0.1
Fiji,2003,10,Oceania,23424813,Oceania,Melanesia,6822573,,4915191356,0.14,
France,2003,10,Europe,-90,Europe,Western Europe,12106632780,1789140135.0,1794575980401,0.67,0.1
French Southern and Antarctic Lands,2003,10,Seven seas (open ocean),28289406,Seven seas (open ocean),Seven seas (open ocean),0,,0,,
Georgia,2003,10,Asia,23424823,Asia,Western Asia,4383415,,18345985027,0.02,
Germany,2003,10,Europe,23424829,Europe,Western Europe,139524825,,2541166071942,0.01,
Greece,2003,10,Europe,23424833,Europe,Southern Europe,24780832,20805521.0,262440039808,0.01,0.01
Grenada,2003,10,North America,23424826,Americas,Caribbean,260234937,22166092.0,853103385,30.5,2.6
Guatemala,2003,10,North America,23424834,Americas,Central America,2338319315,666173630.0,67825033031,3.45,0.98
Heard I. and McDonald Islands,2003,10,Seven seas (open ocean),28289411,Seven seas (open ocean),Seven seas (open ocean),0,,0,,
Honduras,2003,10,North America,23424841,Americas,Central America,50219934,,21119514234,0.24,
Iceland,2003,10,Europe,23424845,Europe,Northern Europe,46195350,3063353.0,9042213427,0.51,0.03
Indonesia,2003,10,Asia,23424846,Asia,South-Eastern Asia,14331244543,7316781079.0,1229041965588,1.17,0.6
Iran,2003,10,Asia,23424851,Asia,Southern Asia,43947316,,885212331489,0.0,
Italy,2003,10,Europe,23424853,Europe,Southern Europe,81309328808,76586654211.0,1687409727092,4.82,4.54
Japan,2003,10,Asia,23424856,Asia,Eastern Asia,6348480388,3061594721.0,3870692849522,0.16,0.08
Jordan,2003,10,Asia,23424860,Asia,Western Asia,83368,,39533317037,0.0,
Kenya,2003,10,Africa,23424863,Africa,Eastern Africa,555527580,,54120818849,1.03,
Mexico,2003,10,North America,23424900,Americas,Central America,1001412822,359070768.0,1272715281709,0.08,0.03
Mongolia,2003,10,Asia,23424887,Asia,Eastern Asia,4023875,,11536664750,0.03,
Montserrat,2003,10,North America,23424888,Americas,Caribbean,15266538,15266538.0,15266538,100.0,100.0
Myanmar,2003,10,Asia,23424763,Asia,South-Eastern Asia,35506352,,68244427823,0.05,
Netherlands,2003,10,Europe,-90,Europe,Western Europe,21518380,,581966807666,0.0,
New Zealand,2003,10,Oceania,23424916,Oceania,Australia and New Zealand,21248447416,705287.0,91672424627,23.18,0.0
Nicaragua,2003,10,North America,23424915,Americas,Central America,8449017933,859193327.0,16775570734,50.37,5.12
Niger,2003,10,Africa,23424906,Africa,Western Africa,1320738,,11353416719,0.01,
Northern Mariana Islands,2003,10,Oceania,23424788,Oceania,Micronesia,0,,1825061230,0.0,
Norway,2003,10,Europe,-90,Europe,Northern Europe,404938,,198859029500,0.0,
Panama,2003,10,North America,23424924,Americas,Central America,23237985,,30288237071,0.08,
Papua New Guinea,2003,10,Oceania,23424926,Oceania,Melanesia,150413302,66937983.0,8652975629,1.74,0.77
Peru,2003,10,South America,23424919,Americas,South America,17534429,1205790.0,164924615999,0.01,0.0
Philippines,2003,10,Asia,23424934,Asia,South-Eastern Asia,1322720826,330692400.0,327001882354,0.4,0.1
Portugal,2003,10,Europe,23424925,Europe,Southern Europe,1517956398,53274018.0,201507302172,0.75,0.03
Republic of Cabo Verde,2003,10,Africa,23424794,Africa,Western Africa,67850592,67850592.0,1433081374,4.73,4.73
Republic of Korea,2003,10,Asia,23424868,Asia,Eastern Asia,40875040,,1073319739740,0.0,
Russian Federation,2003,10,Europe,23424936,Europe,Eastern Europe,14376958,804412.0,1497370349485,0.0,0.0
Rwanda,2003,10,Africa,23424937,Africa,Eastern Africa,151470565,1227012.0,6961504352,2.18,0.02
Saint Helena,2003,10,Seven seas (open ocean),23424944,Africa,Western Africa,4672821,,26799859,17.44,
Saint Kitts and Nevis,2003,10,North America,23424940,Americas,Caribbean,286656319,188780561.0,711602436,40.28,26.53
Saint Lucia,2003,10,North America,23424951,Americas,Caribbean,96603321,,1301228119,7.42,
Saint Vincent and the Grenadines,2003,10,North America,23424981,Americas,Caribbean,88806693,88806693.0,565038423,15.72,15.72
Samoa,2003,10,Oceania,23424992,Oceania,Polynesia,150959481,,650113167,23.22,
Saudi Arabia,2003,10,Asia,23424938,Asia,Western Asia,2379365430,,965267111044,0.25,
South Africa,2003,10,Africa,23424942,Africa,Southern Africa,0,,424530238108,0.0,
South Georgia and the Islands,2003,10,Seven seas (open ocean),23424955,Seven seas (open ocean),Seven seas (open ocean),0,,0,,
Spain,2003,10,Europe,23424950,Europe,Southern Europe,1602340772,747386049.0,1104574224975,0.15,0.07
Sudan,2003,10,Africa,-90,Africa,Northern Africa,11277481,,73572269059,0.02,
Taiwan,2003,10,Asia,23424971,Asia,Eastern Asia,10527421636,,448336606705,2.35,
Tanzania,2003,10,Africa,23424973,Africa,Eastern Africa,157237404,46258200.0,51998752396,0.3,0.09
Turkey,2003,10,Asia,23424969,Asia,Western Asia,72151807,4108035.0,648963186929,0.01,0.0
Uganda,2003,10,Africa,23424974,Africa,Eastern Africa,332715646,,22735416182,1.46,
United States,2003,10,North America,23424977,Americas,Northern America,364770796,8528384.0,11871568365624,0.0,0.0
Vanuatu,2003,10,Oceania,23424907,Oceania,Melanesia,23173229,17382251.0,369108689,6.28,4.71
Yemen,2003,10,Asia,23425002,Asia,Western Asia,56868478,31242156.0,66382417913,0.09,0.05
Algeria,2004,10,Africa,23424740,Africa,Northern Africa,618273,,347550624759,0.0,
American Samoa,2004,10,Oceania,23424746,Oceania,Polynesia,660509423,,714415110,92.45,
Antarctica,2004,10,Antarctica,28289409,Antarctica,Antarctica,0,0.0,0,,
Argentina,2004,10,South America,23424747,Americas,South America,2360958,33956.0,484132579657,0.0,0.0
Armenia,2004,10,Asia,23424743,Asia,Western Asia,12577737,,14282102826,0.09,
Australia,2004,10,Oceania,-90,Oceania,Australia and New Zealand,355032,,628772108471,0.0,
Azerbaijan,2004,10,Asia,23424741,Asia,Western Asia,6231629,,45541912549,0.01,
Bolivia,2004,10,South America,23424762,Americas,South America,1113946,,36135473124,0.0,
Cameroon,2004,10,Africa,23424785,Africa,Middle Africa,174416851,124431155.0,41060677030,0.42,0.3
Canada,2004,10,North America,23424775,Americas,Northern America,466863,9453.0,1050147233347,0.0,0.0
Chad,2004,10,Africa,23424777,Africa,Middle Africa,213528,,13325018388,0.0,
Chile,2004,10,South America,23424782,Americas,South America,27377835,7734337.0,194144659958,0.01,0.0
China,2004,10,Asia,23424781,Asia,Eastern Asia,420054659,35667202.0,5950186428024,0.01,0.0
Colombia,2004,10,South America,23424787,Americas,South America,997318987,859326051.0,335529282978,0.3,0.26
Comoros,2004,10,Africa,23424786,Africa,Eastern Africa,279876256,136072942.0,1034854999,27.04,13.15
Costa Rica,2004,10,North America,23424791,Americas,Central America,290470822,81118184.0,40521069825,0.72,0.2
Dem. Rep. Korea,2004,10,Asia,23424865,Asia,Eastern Asia,48271514,17683465.0,43076568450,0.11,0.04
Democratic Republic of the Congo,2004,10,Africa,23424780,Africa,Middle Africa,51731259,44578453.0,27078036402,0.19,0.16
Djibouti,2004,10,Africa,23424797,Africa,Eastern Africa,4851567,,1304771655,0.37,
Dominica,2004,10,North America,23424798,Americas,Caribbean,472241631,,498580580,94.72,
Ecuador,2004,10,South America,23424801,Americas,South America,3303886651,917773077.0,93319857699,3.54,0.98
El Salvador,2004,10,North America,23424807,Americas,Central America,11416364339,9068018637.0,30759847785,37.11,29.48
Equatorial Guinea,2004,10,Africa,23424804,Africa,Middle Africa,481885846,,13850676252,3.48,
Eritrea,2004,10,Africa,23424806,Africa,Eastern Africa,11012880,4829687.0,6633624363,0.17,0.07
Ethiopia,2004,10,Africa,23424808,Africa,Eastern Africa,361843397,47539459.0,43878475509,0.82,0.11
Fiji,2004,10,Oceania,23424813,Oceania,Melanesia,6564600,,4841346995,0.14,
France,2004,10,Europe,-90,Europe,Western Europe,10610448017,1507887421.0,1847907440702,0.57,0.08
French Southern and Antarctic Lands,2004,10,Seven seas (open ocean),28289406,Seven seas (open ocean),Seven seas (open ocean),0,,0,,
Georgia,2004,10,Asia,23424823,Asia,Western Asia,4228674,,19400592970,0.02,
Germany,2004,10,Europe,23424829,Europe,Western Europe,206434159,,2574908532787,0.01,
Greece,2004,10,Europe,23424833,Europe,Southern Europe,47029782,42149992.0,276298108537,0.02,0.02
Grenada,2004,10,North America,23424826,Americas,Caribbean,416293316,34244357.0,815009566,51.08,4.2
Guatemala,2004,10,North America,23424834,Americas,Central America,3144329990,1138964881.0,70081635471,4.49,1.63
Heard I. and McDonald Islands,2004,10,Seven seas (open ocean),28289411,Seven seas (open ocean),Seven seas (open ocean),0,,0,,
Honduras,2004,10,North America,23424841,Americas,Central America,54219443,,22468663697,0.24,
Iceland,2004,10,Europe,23424845,Europe,Northern Europe,82106818,5224185.0,9917440217,0.83,0.05
Indonesia,2004,10,Asia,23424846,Asia,South-Eastern Asia,18043058235,8906373525.0,1293433857167,1.39,0.69
Iran,2004,10,Asia,23424851,Asia,Southern Asia,55536933,,924050172239,0.01,
Italy,2004,10,Europe,23424853,Europe,Southern Europe,88176397209,83139036070.0,1709293480971,5.16,4.86
Japan,2004,10,Asia,23424856,Asia,Eastern Asia,6658703109,3331065669.0,3958237954421,0.17,0.08
Jordan,2004,10,Asia,23424860,Asia,Western Asia,109733,,42929550588,0.0,
Kenya,2004,10,Africa,23424863,Africa,Eastern Africa,599939287,,56766635940,1.06,
Mexico,2004,10,North America,23424900,Americas,Central America,1099185472,315087301.0,1322439932411,0.08,0.02
Mongolia,2004,10,Asia,23424887,Asia,Eastern Asia,5014207,,12766749707,0.04,
Montserrat,2004,10,North America,23424888,Americas,Caribbean,15619596,15619596.0,15619596,100.0,100.0
Myanmar,2004,10,Asia,23424763,Asia,South-Eastern Asia,39729839,,77118976493,0.05,
Netherlands,2004,10,Europe,-90,Europe,Western Europe,19545566,,594558488897,0.0,
New Zealand,2004,10,Oceania,23424916,Oceania,Australia and New Zealand,20050498341,1054920.0,94898492033,21.13,0.0
Nicaragua,2004,10,North America,23424915,Americas,Central America,8172435837,875047896.0,17662529128,46.27,4.95
Niger,2004,10,Africa,23424906,Africa,Western Africa,1402372,,11409653724,0.01,
Northern Mariana Islands,2004,10,Oceania,23424788,Oceania,Micronesia,0,,1761495973,0.0,
Norway,2004,10,Europe,-90,Europe,Northern Europe,400254,,207960447585,0.0,
Panama,2004,10,North America,23424924,Americas,Central America,26979090,,32605243622,0.08,
Papua New Guinea,2004,10,Oceania,23424926,Oceania,Melanesia,159797163,71456190.0,8884930854,1.8,0.8
Peru,2004,10,South America,23424919,Americas,South America,22066960,1710924.0,173033169082,0.01,0.0
Philippines,2004,10,Asia,23424934,Asia,South-Eastern Asia,1694277669,411713532.0,344468759325,0.49,0.12
Portugal,2004,10,Europe,23424925,Europe,Southern Europe,1231159997,67649681.0,205248080466,0.6,0.03
Republic of Cabo Verde,2004,10,Africa,23424794,Africa,Western Africa,67261639,67261639.0,1579350489,4.26,4.26
Republic of Korea,2004,10,Asia,23424868,Asia,Eastern Asia,55047467,,1128820942017,0.0,
Russian Federation,2004,10,Europe,23424936,Europe,Eastern Europe,20855672,1292282.0,1606497500361,0.0,0.0
Rwanda,2004,10,Africa,23424937,Africa,Eastern Africa,195050174,1291401.0,7451704335,2.62,0.02
Saint Helena,2004,10,Seven seas (open ocean),23424944,Africa,Western Africa,4506146,,26200533,17.2,
Saint Kitts and Nevis,2004,10,North America,23424940,Americas,Caribbean,330573921,204552847.0,715473220,46.2,28.59
Saint Lucia,2004,10,North America,23424951,Americas,Caribbean,165943657,,1484937225,11.18,
Saint Vincent and the Grenadines,2004,10,North America,23424981,Americas,Caribbean,90110193,90110193.0,612242853,14.72,14.72
Samoa,2004,10,Oceania,23424992,Oceania,Polynesia,152586873,,688517580,22.16,
Saudi Arabia,2004,10,Asia,23424938,Asia,Western Asia,2456501532,,1042884730988,0.24,
South Africa,2004,10,Africa,23424942,Africa,Southern Africa,0,,443698005516,0.0,
South Georgia and the Islands,2004,10,Seven seas (open ocean),23424955,Seven seas (open ocean),Seven seas (open ocean),0,,0,,
Spain,2004,10,Europe,23424950,Europe,Southern Europe,1399677065,625299245.0,1136274023056,0.12,0.06
Sudan,2004,10,Africa,-90,Africa,Northern Africa,11832599,,75607430944,0.02,
Taiwan,2004,10,Asia,23424971,Asia,Eastern Asia,8943940359,,463451615536,1.93,
Tanzania,2004,10,Africa,23424973,Africa,Eastern Africa,198962851,57867069.0,55968956093,0.36,0.1
Turkey,2004,10,Asia,23424969,Asia,Western Asia,88836859,5406217.0,711997060658,0.01,0.0
Uganda,2004,10,Africa,23424974,Africa,Eastern Africa,367332355,,24290923432,1.51,
United States,2004,10,North America,23424977,Americas,Northern America,353709074,11580188.0,12295215699916,0.0,0.0
Vanuatu,2004,10,Oceania,23424907,Oceania,Melanesia,23651092,17749635.0,386491597,6.12,4.59
Yemen,2004,10,Asia,23425002,Asia,Western Asia,64788924,35864023.0,69214425067,0.09,0.05
Algeria,2005,10,Africa,23424740,Africa,Northern Africa,581676,,365041128992,0.0,
American Samoa,2005,10,Oceania,23424746,Oceania,Polynesia,643825802,,704019698,91.45,
Antarctica,2005,10,Antarctica,28289409,Antarctica,Antarctica,0,0.0,0,,
Argentina,2005,10,South America,23424747,Americas,South America,2064123,25115.0,527400527049,0.0,0.0
Armenia,2005,10,Asia,23424743,Asia,Western Asia,11677919,,16268055905,0.07,
Australia,2005,10,Oceania,-90,Oceania,Australia and New Zealand,337691,,650903744918,0.0,
Azerbaijan,2005,10,Asia,23424741,Asia,Western Asia,4951291,,58304746053,0.01,
Bolivia,2005,10,South America,23424762,Americas,South America,997923,,37724545984,0.0,
Cameroon,2005,10,Africa,23424785,Africa,Middle Africa,188361490,132884201.0,41898670114,0.45,0.32
Canada,2005,10,North America,23424775,Americas,Northern America,319534,5814.0,1099889424341,0.0,0.0
Chad,2005,10,Africa,23424777,Africa,Middle Africa,219206,,15611942554,0.0,
Chile,2005,10,South America,23424782,Americas,South America,24098136,7337455.0,205425097912,0.01,0.0
China,2005,10,Asia,23424781,Asia,Eastern Asia,247809486,28940448.0,6619264163923,0.0,0.0
Colombia,2005,10,South America,23424787,Americas,South America,760596626,661145250.0,351485660009,0.22,0.19
Comoros,2005,10,Africa,23424786,Africa,Eastern Africa,285485233,134586805.0,1062011533,26.88,12.67
Costa Rica,2005,10,North America,23424791,Americas,Central America,264394530,72632436.0,42129336618,0.63,0.17
Dem. Rep. Korea,2005,10,Asia,23424865,Asia,Eastern Asia,47870681,17491694.0,44625975444,0.11,0.04
Democratic Republic of the Congo,2005,10,Africa,23424780,Africa,Middle Africa,63122629,56476566.0,28639608897,0.22,0.2
Djibouti,2005,10,Africa,23424797,Africa,Eastern Africa,5536070,,1425105574,0.39,
Dominica,2005,10,North America,23424798,Americas,Caribbean,477077205,,503354084,94.78,
Ecuador,2005,10,South America,23424801,Americas,South America,3567781056,1358819733.0,98183455517,3.63,1.38
El Salvador,2005,10,North America,23424807,Americas,Central America,10995456334,8315391997.0,31591269539,34.81,26.32
Equatorial Guinea,2005,10,Africa,23424804,Africa,Middle Africa,533517406,,16142322922,3.31,
Eritrea,2005,10,Africa,23424806,Africa,Eastern Africa,10637261,4694834.0,6804811432,0.16,0.07
Ethiopia,2005,10,Africa,23424808,Africa,Eastern Africa,353322357,46805264.0,49046729629,0.72,0.1
Fiji,2005,10,Oceania,23424813,Oceania,Melanesia,7679017,,5439660527,0.14,
France,2005,10,Europe,-90,Europe,Western Europe,9886069355,1491425106.0,1887501763672,0.52,0.08
French Southern and Antarctic Lands,2005,10,Seven seas (open ocean),28289406,Seven seas (open ocean),Seven seas (open ocean),0,,0,,
Georgia,2005,10,Asia,23424823,Asia,Western Asia,6225720,,21392112866,0.03,
Germany,2005,10,Europe,23424829,Europe,Western Europe,156391732,,2590427178508,0.01,
Greece,2005,10,Europe,23424833,Europe,Southern Europe,27775772,23742784.0,278218177042,0.01,0.01
Grenada,2005,10,North America,23424826,Americas,Caribbean,454487969,38128189.0,940508810,48.32,4.05
Guatemala,2005,10,North America,23424834,Americas,Central America,2342560791,663077157.0,72539738956,3.23,0.91
Heard I. and McDonald Islands,2005,10,Seven seas (open ocean),28289411,Seven seas (open ocean),Seven seas (open ocean),0,,0,,
Honduras,2005,10,North America,23424841,Americas,Central America,52888747,,23787077802,0.22,
Iceland,2005,10,Europe,23424845,Europe,Northern Europe,76647611,4474505.0,10442546924,0.73,0.04
Indonesia,2005,10,Asia,23424846,Asia,South-Eastern Asia,19016297966,9709195940.0,1356130461276,1.4,0.72
Iran,2005,10,Asia,23424851,Asia,Southern Asia,38139317,,953193079204,0.0,
Italy,2005,10,Europe,23424853,Europe,Southern Europe,71551161961,66230540508.0,1731374465614,4.13,3.83
Japan,2005,10,Asia,23424856,Asia,Eastern Asia,6811310323,3514733258.0,4033028351570,0.17,0.09
Jordan,2005,10,Asia,23424860,Asia,Western Asia,85745,,46385077824,0.0,
Kenya,2005,10,Africa,23424863,Africa,Eastern Africa,681850367,,60217725157,1.13,
Mexico,2005,10,North America,23424900,Americas,Central America,715187924,223345972.0,1358851380520,0.05,0.02
Mongolia,2005,10,Asia,23424887,Asia,Eastern Asia,4672312,,13692018107,0.03,
Montserrat,2005,10,North America,23424888,Americas,Caribbean,16110187,16110187.0,16110187,100.0,100.0
Myanmar,2005,10,Asia,23424763,Asia,South-Eastern Asia,46919253,,87242039663,0.05,
Netherlands,2005,10,Europe,-90,Europe,Western Europe,25982245,,609879634989,0.0,
New Zealand,2005,10,Oceania,23424916,Oceania,Australia and New Zealand,22701487768,913619.0,99281513121,22.87,0.0
Nicaragua,2005,10,North America,23424915,Americas,Central America,8180968925,884931144.0,18420377941,44.41,4.8
Niger,2005,10,Africa,23424906,Africa,Western Africa,1446300,,12229575599,0.01,
Northern Mariana Islands,2005,10,Oceania,23424788,Oceania,Micronesia,67177,,1551796604,0.0,
Norway,2005,10,Europe,-90,Europe,Northern Europe,407432,,212077460700,0.0,
Panama,2005,10,North America,23424924,Americas,Central America,24932505,,34918822034,0.07,
Papua New Guinea,2005,10,Oceania,23424926,Oceania,Melanesia,170456639,74777364.0,9448584792,1.8,0.79
Peru,2005,10,South America,23424919,Americas,South America,19674446,1495829.0,184091308066,0.01,0.0
Philippines,2005,10,Asia,23424934,Asia,South-Eastern Asia,1415054676,345903090.0,366914505733,0.39,0.09
Portugal,2005,10,Europe,23424925,Europe,Southern Europe,1007524043,46066480.0,209629695890,0.48,0.02
Republic of Cabo Verde,2005,10,Africa,23424794,Africa,Western Africa,70379835,70379835.0,1699320867,4.14,4.14
Republic of Korea,2005,10,Asia,23424868,Asia,Eastern Asia,39076664,,1180743433103,0.0,
Russian Federation,2005,10,Europe,23424936,Europe,Eastern Europe,14959784,1061501.0,1711211488360,0.0,0.0
Rwanda,2005,10,Africa,23424937,Africa,Eastern Africa,209345518,1094706.0,8145018010,2.57,0.01
Saint Helena,2005,10,Seven seas (open ocean),23424944,Africa,Western Africa,4535995,,25804021,17.58,
Saint Kitts and Nevis,2005,10,North America,23424940,Americas,Caribbean,374789895,240091363.0,791915663,47.33,30.32
Saint Lucia,2005,10,North America,23424951,Americas,Caribbean,187299477,,1406049686,13.32,
Saint Vincent and the Grenadines,2005,10,North America,23424981,Americas,Caribbean,91575467,91575467.0,641878376,14.27,14.27
Samoa,2005,10,Oceania,23424992,Oceania,Polynesia,159602775,,716614242,22.27,
Saudi Arabia,2005,10,Asia,23424938,Asia,Western Asia,2423009795,,1099446109471,0.22,
South Africa,2005,10,Africa,23424942,Africa,Southern Africa,0,,467886030371,0.0,
South Georgia and the Islands,2005,10,Seven seas (open ocean),23424955,Seven seas (open ocean),Seven seas (open ocean),0,,0,,
Spain,2005,10,Europe,23424950,Europe,Southern Europe,1273188638,699961819.0,1189870368434,0.11,0.06
Sudan,2005,10,Africa,-90,Africa,Northern Africa,11169071,,82583118154,0.01,
Taiwan,2005,10,Asia,23424971,Asia,Eastern Asia,10050271129,,478943268700,2.1,
Tanzania,2005,10,Africa,23424973,Africa,Eastern Africa,218376423,63474082.0,59973707410,0.36,0.11
Turkey,2005,10,Asia,23424969,Asia,Western Asia,85936756,4314032.0,773890485264,0.01,0.0
Uganda,2005,10,Africa,23424974,Africa,Eastern Africa,406137251,,25815325626,1.57,
United States,2005,10,North America,23424977,Americas,Northern America,265261384,9900497.0,12731446668406,0.0,0.0
Vanuatu,2005,10,Oceania,23424907,Oceania,Melanesia,26369795,19602700.0,400913275,6.58,4.89
Yemen,2005,10,Asia,23425002,Asia,Western Asia,46741233,25757380.0,74450286740,0.06,0.03
Algeria,2006,10,Africa,23424740,Africa,Northern Africa,500557,,368838386758,0.0,
American Samoa,2006,10,Oceania,23424746,Oceania,Polynesia,638660821,,678838978,94.08,
Antarctica,2006,10,Antarctica,28289409,Antarctica,Antarctica,0,0.0,0,,
Argentina,2006,10,South America,23424747,Americas,South America,1732597,25949.0,569497001228,0.0,0.0
Armenia,2006,10,Asia,23424743,Asia,Western Asia,7415255,,18435258722,0.04,
Australia,2006,10,Oceania,-90,Oceania,Australia and New Zealand,232676,,669919587242,0.0,
Azerbaijan,2006,10,Asia,23424741,Asia,Western Asia,7281251,,78369305582,0.01,
Bolivia,2006,10,South America,23424762,Americas,South America,813234,,39522947014,0.0,
Cameroon,2006,10,Africa,23424785,Africa,Middle Africa,186416519,132260718.0,43343775373,0.43,0.31
Canada,2006,10,North America,23424775,Americas,Northern America,320460,5226.0,1140858165271,0.0,0.0
Chad,2006,10,Africa,23424777,Africa,Middle Africa,251719,,15713942226,0.0,
Chile,2006,10,South America,23424782,Americas,South America,23134596,8310811.0,218317027405,0.01,0.0
China,2006,10,Asia,23424781,Asia,Eastern Asia,392145716,30819525.0,7463041931256,0.01,0.0
Colombia,2006,10,South America,23424787,Americas,South America,749720810,652298050.0,375086278138,0.2,0.17
Comoros,2006,10,Africa,23424786,Africa,Eastern Africa,287199004,139531195.0,1093051318,26.27,12.77
Costa Rica,2006,10,North America,23424791,Americas,Central America,180194469,50889763.0,45216424047,0.4,0.11
Dem. Rep. Korea,2006,10,Asia,23424865,Asia,Eastern Asia,47428286,17572031.0,44395944512,0.11,0.04
Democratic Republic of the Congo,2006,10,Africa,23424780,Africa,Middle Africa,64886428,58518305.0,30145308623,0.22,0.19
Djibouti,2006,10,Africa,23424797,Africa,Eastern Africa,4506017,,1260624228,0.36,
Dominica,2006,10,North America,23424798,Americas,Caribbean,499836696,,527376884,94.78,
Ecuador,2006,10,South America,23424801,Americas,South America,3719356582,1245617417.0,100629716133,3.7,1.24
El Salvador,2006,10,North America,23424807,Americas,Central America,11644204532,9569119414.0,32973438669,35.31,29.02
Equatorial Guinea,2006,10,Africa,23424804,Africa,Middle Africa,592707265,,18680780298,3.17,
Eritrea,2006,10,Africa,23424806,Africa,Eastern Africa,11243737,4929531.0,6731914299,0.17,0.07
Ethiopia,2006,10,Africa,23424808,Africa,Eastern Africa,385895737,53399502.0,54331963849,0.71,0.1
Fiji,2006,10,Oceania,23424813,Oceania,Melanesia,7982580,,5591131089,0.14,
France,2006,10,Europe,-90,Europe,Western Europe,9076202707,1080040114.0,1923728601357,0.47,0.06
French Southern and Antarctic Lands,2006,10,Seven seas (open ocean),28289406,Seven seas (open ocean),Seven seas (open ocean),0,,0,,
Georgia,2006,10,Asia,23424823,Asia,Western Asia,4044422,,23398683970,0.02,
Germany,2006,10,Europe,23424829,Europe,Western Europe,165720132,,2691441784722,0.01,
Greece,2006,10,Europe,23424833,Europe,Southern Europe,73390427,69704261.0,290266411165,0.03,0.02
Grenada,2006,10,North America,23424826,Americas,Caribbean,377666284,31706240.0,923470292,40.9,3.43
Guatemala,2006,10,North America,23424834,Americas,Central America,2043382384,633791332.0,76624436697,2.67,0.83
Heard I. and McDonald Islands,2006,10,Seven seas (open ocean),28289411,Seven seas (open ocean),Seven seas (open ocean),0,,0,,
Honduras,2006,10,North America,23424841,Americas,Central America,55116467,,25264934093,0.22,
Iceland,2006,10,Europe,23424845,Europe,Northern Europe,62626674,3205430.0,10920997083,0.57,0.03
Indonesia,2006,10,Asia,23424846,Asia,South-Eastern Asia,14082691998,7346509261.0,1428570618224,0.99,0.51
Iran,2006,10,Asia,23424851,Asia,Southern Asia,33089922,,1000054352427,0.0,
Italy,2006,10,Europe,23424853,Europe,Southern Europe,103982929431,99239060838.0,1765176298078,5.89,5.62
Japan,2006,10,Asia,23424856,Asia,Eastern Asia,5589967294,2840083255.0,4092074735183,0.14,0.07
Jordan,2006,10,Asia,23424860,Asia,Western Asia,74495,,50165359050,0.0,
Kenya,2006,10,Africa,23424863,Africa,Eastern Africa,583502905,,64169867563,0.91,
Mexico,2006,10,North America,23424900,Americas,Central America,760531681,196582856.0,1416056093505,0.05,0.01
Mongolia,2006,10,Asia,23424887,Asia,Eastern Asia,3780179,,14867127136,0.03,
Montserrat,2006,10,North America,23424888,Americas,Caribbean,18815301,18815301.0,18815301,100.0,100.0
Myanmar,2006,10,Asia,23424763,Asia,South-Eastern Asia,52706995,,98617043549,0.05,
Netherlands,2006,10,Europe,-90,Europe,Western Europe,28846212,,632678193191,0.0,
New Zealand,2006,10,Oceania,23424916,Oceania,Australia and New Zealand,27186764199,815512.0,101651035443,26.75,0.0
Nicaragua,2006,10,North America,23424915,Americas,Central America,10851466404,725858178.0,19192608174,56.54,3.78
Niger,2006,10,Africa,23424906,Africa,Western Africa,1531613,,12936671323,0.01,
Northern Mariana Islands,2006,10,Oceania,23424788,Oceania,Micronesia,0,,1460719102,0.0,
Norway,2006,10,Europe,-90,Europe,Northern Europe,416765,,217692396218,0.0,
Panama,2006,10,North America,23424924,Americas,Central America,23371842,,37939918331,0.06,
Papua New Guinea,2006,10,Oceania,23424926,Oceania,Melanesia,176129611,77750725.0,9963140729,1.77,0.78
Peru,2006,10,South America,23424919,Americas,South America,18210698,1293738.0,197845078973,0.01,0.0
Philippines,2006,10,Asia,23424934,Asia,South-Eastern Asia,1364716836,364080947.0,387772330782,0.35,0.09
Portugal,2006,10,Europe,23424925,Europe,Southern Europe,1487886588,42903037.0,210344894806,0.71,0.02
Republic of Cabo Verde,2006,10,Africa,23424794,Africa,Western Africa,83382618,83382618.0,1791700542,4.65,4.65
Republic of Korea,2006,10,Asia,23424868,Asia,Eastern Asia,33593654,,1239229225233,0.0,
Russian Federation,2006,10,Europe,23424936,Europe,Eastern Europe,13924879,916728.0,1852451032198,0.0,0.0
Rwanda,2006,10,Africa,23424937,Africa,Eastern Africa,214530259,1068749.0,8902219610,2.41,0.01
Saint Helena,2006,10,Seven seas (open ocean),23424944,Africa,Western Africa,4922547,,25566135,19.25,
Saint Kitts and Nevis,2006,10,North America,23424940,Americas,Caribbean,313631650,194629944.0,848989065,36.94,22.92
Saint Lucia,2006,10,North America,23424951,Americas,Caribbean,164388855,,1417877548,11.59,
Saint Vincent and the Grenadines,2006,10,North America,23424981,Americas,Caribbean,108038086,108038086.0,685351993,15.76,15.76
Samoa,2006,10,Oceania,23424992,Oceania,Polynesia,164678666,,726637753,22.66,
Saudi Arabia,2006,10,Asia,23424938,Asia,Western Asia,2680131440,,1131221602403,0.24,
South Africa,2006,10,Africa,23424942,Africa,Southern Africa,0,,494001007936,0.0,
South Georgia and the Islands,2006,10,Seven seas (open ocean),23424955,Seven seas (open ocean),Seven seas (open ocean),0,,0,,
Spain,2006,10,Europe,23424950,Europe,Southern Europe,1464832738,913414717.0,1233190396050,0.12,0.07
Sudan,2006,10,Africa,-90,Africa,Northern Africa,11398554,,91935715408,0.01,
Taiwan,2006,10,Asia,23424971,Asia,Eastern Asia,9384811303,,489985433743,1.92,
Tanzania,2006,10,Africa,23424973,Africa,Eastern Africa,179911473,52122232.0,64094874507,0.28,0.08
Turkey,2006,10,Asia,23424969,Asia,Western Asia,60375077,3354950.0,835047879191,0.01,0.0
Uganda,2006,10,Africa,23424974,Africa,Eastern Africa,475309326,,28582244022,1.66,
United States,2006,10,North America,23424977,Americas,Northern America,361245390,8393817.0,13124752152990,0.0,0.0
Vanuatu,2006,10,Oceania,23424907,Oceania,Melanesia,26430491,19736565.0,440045307,6.01,4.49
Yemen,2006,10,Asia,23425002,Asia,Western Asia,41216760,22362150.0,76460537913,0.05,0.03
Algeria,2007,10,Africa,23424740,Africa,Northern Africa,379516,,382053369039,0.0,
American Samoa,2007,10,Oceania,23424746,Oceania,Polynesia,641955499,,694515512,92.43,
Antarctica,2007,10,Antarctica,28289409,Antarctica,Antarctica,0,0.0,0,,
Argentina,2007,10,South America,23424747,Americas,South America,1798511,27086.0,620901264045,0.0,0.0
Armenia,2007,10,Asia,23424743,Asia,Western Asia,8336402,,20952780777,0.04,
Australia,2007,10,Oceania,-90,Oceania,Australia and New Zealand,247056,,705579445485,0.0,
Azerbaijan,2007,10,Asia,23424741,Asia,Western Asia,7210403,,98306107784,0.01,
Bolivia,2007,10,South America,23424762,Americas,South America,888636,,41341087851,0.0,
Cameroon,2007,10,Africa,23424785,Africa,Middle Africa,192823010,140404731.0,45413283177,0.42,0.31
Canada,2007,10,North America,23424775,Americas,Northern America,337042,5627.0,1228879450734,0.0,0.0
Chad,2007,10,Africa,23424777,Africa,Middle Africa,259438,,16237144683,0.0,
Chile,2007,10,South America,23424782,Americas,South America,25994739,7493623.0,229170655228,0.01,0.0
China,2007,10,Asia,23424781,Asia,Eastern Asia,495741444,34045615.0,8531367205089,0.01,0.0
Colombia,2007,10,South America,23424787,Americas,South America,641868490,544139940.0,400658174972,0.16,0.14
Comoros,2007,10,Africa,23424786,Africa,Eastern Africa,289742435,138186862.0,1096249796,26.43,12.61
Costa Rica,2007,10,North America,23424791,Americas,Central America,249198891,60267134.0,48945112364,0.51,0.12
Dem. Rep. Korea,2007,10,Asia,23424865,Asia,Eastern Asia,48309571,18231795.0,43942225151,0.11,0.04
Democratic Republic of the Congo,2007,10,Africa,23424780,Africa,Middle Africa,94996593,87585848.0,32084802081,0.3,0.27
Djibouti,2007,10,Africa,23424797,Africa,Eastern Africa,3284383,,1361577904,0.24,
Dominica,2007,10,North America,23424798,Americas,Caribbean,536401963,,563268110,95.23,
Ecuador,2007,10,South America,23424801,Americas,South America,3803420233,997708383.0,105454968651,3.61,0.95
El Salvador,2007,10,North America,23424807,Americas,Central America,11574846772,9174974658.0,33582150924,34.47,27.32
Equatorial Guinea,2007,10,Africa,23424804,Africa,Middle Africa,551511767,,20723861839,2.66,
Eritrea,2007,10,Africa,23424806,Africa,Eastern Africa,11185134,5041457.0,6835288305,0.16,0.07
Ethiopia,2007,10,Africa,23424808,Africa,Eastern Africa,446440314,63464587.0,60561466940,0.74,0.1
Fiji,2007,10,Oceania,23424813,Oceania,Melanesia,6507544,,5282166961,0.12,
France,2007,10,Europe,-90,Europe,Western Europe,9121959894,1242630218.0,1972135423673,0.46,0.06
French Southern and Antarctic Lands,2007,10,Seven seas (open ocean),28289406,Seven seas (open ocean),Seven seas (open ocean),0,,0,,
Georgia,2007,10,Asia,23424823,Asia,Western Asia,3000774,,26463191840,0.01,
Germany,2007,10,Europe,23424829,Europe,Western Europe,165716861,,2768748090059,0.01,
Greece,2007,10,Europe,23424833,Europe,Southern Europe,122488440,118610800.0,297529998068,0.04,0.04
Grenada,2007,10,North America,23424826,Americas,Caribbean,378014786,30801918.0,997204521,37.91,3.09
Guatemala,2007,10,North America,23424834,Americas,Central America,2191786897,602393757.0,81695186052,2.68,0.74
Heard I. and McDonald Islands,2007,10,Seven seas (open ocean),28289411,Seven seas (open ocean),Seven seas (open ocean),0,,0,,
Honduras,2007,10,North America,23424841,Americas,Central America,59358088,,26898106454,0.22,
Iceland,2007,10,Europe,23424845,Europe,Northern Europe,75487484,3721421.0,11599871987,0.65,0.03
Indonesia,2007,10,Asia,23424846,Asia,South-Eastern Asia,15864457573,8194086677.0,1520794376216,1.04,0.54
Iran,2007,10,Asia,23424851,Asia,Southern Asia,36044626,,1082585834273,0.0,
Italy,2007,10,Europe,23424853,Europe,Southern Europe,93867169943,89818151161.0,1791121152227,5.24,5.01
Japan,2007,10,Asia,23424856,Asia,Eastern Asia,5279764460,2507938688.0,4154746451917,0.13,0.06
Jordan,2007,10,Asia,23424860,Asia,Western Asia,92471,,54267503327,0.0,
Kenya,2007,10,Africa,23424863,Africa,Eastern Africa,708242211,,68490099511,1.03,
Mexico,2007,10,North America,23424900,Americas,Central America,920349357,322503504.0,1447613852846,0.06,0.02
Mongolia,2007,10,Asia,23424887,Asia,Eastern Asia,3394309,,16393835852,0.02,
Montserrat,2007,10,North America,23424888,Americas,Caribbean,18866903,18866903.0,18866903,100.0,100.0
Myanmar,2007,10,Asia,23424763,Asia,South-Eastern Asia,53519452,,110674999107,0.05,
Netherlands,2007,10,Europe,-90,Europe,Western Europe,26916144,,657001065109,0.0,
New Zealand,2007,10,Oceania,23424916,Oceania,Australia and New Zealand,26480485967,1014735.0,105400768244,25.12,0.0
Nicaragua,2007,10,North America,23424915,Americas,Central America,11009155477,931128260.0,20167156249,54.59,4.62
Niger,2007,10,Africa,23424906,Africa,Western Africa,1575771,,13344768256,0.01,
Northern Mariana Islands,2007,10,Oceania,23424788,Oceania,Micronesia,0,,1367765876,0.0,
Norway,2007,10,Europe,-90,Europe,Northern Europe,384894,,224588112285,0.0,
Panama,2007,10,North America,23424924,Americas,Central America,26912936,,42458481329,0.06,
Papua New Guinea,2007,10,Oceania,23424926,Oceania,Melanesia,191362240,84337306.0,10737199008,1.78,0.79
Peru,2007,10,South America,23424919,Americas,South America,26960619,1777980.0,214713020703,0.01,0.0
Philippines,2007,10,Asia,23424934,Asia,South-Eastern Asia,1481401695,381805075.0,411693678762,0.36,0.09
Portugal,2007,10,Europe,23424925,Europe,Southern Europe,1588376107,44012738.0,216379753938,0.73,0.02
Republic of Cabo Verde,2007,10,Africa,23424794,Africa,Western Africa,97518092,97518092.0,2048614332,4.76,4.76
Republic of Korea,2007,10,Asia,23424868,Asia,Eastern Asia,39288409,,1307416844814,0.0,
Russian Federation,2007,10,Europe,23424936,Europe,Eastern Europe,15078789,939481.0,2013214083798,0.0,0.0
Rwanda,2007,10,Africa,23424937,Africa,Eastern Africa,235646589,1290366.0,9572051557,2.46,0.01
Saint Helena,2007,10,Seven seas (open ocean),23424944,Africa,Western Africa,4902214,,25042968,19.58,
Saint Kitts and Nevis,2007,10,North America,23424940,Americas,Caribbean,348018613,150997593.0,839832725,41.44,17.98
Saint Lucia,2007,10,North America,23424951,Americas,Caribbean,168429000,,1528733801,11.02,
Saint Vincent and the Grenadines,2007,10,North America,23424981,Americas,Caribbean,106238495,106238495.0,721210398,14.73,14.73
Samoa,2007,10,Oceania,23424992,Oceania,Polynesia,176967662,,769445269,23.0,
Saudi Arabia,2007,10,Asia,23424938,Asia,Western Asia,3283128658,,1150798224952,0.29,
South Africa,2007,10,Africa,23424942,Africa,Southern Africa,0,,520193352637,0.0,
South Georgia and the Islands,2007,10,Seven seas (open ocean),23424955,Seven seas (open ocean),Seven seas (open ocean),0,,0,,
Spain,2007,10,Europe,23424950,Europe,Southern Europe,1511223375,852454050.0,1271101321978,0.12,0.07
Sudan,2007,10,Africa,-90,Africa,Northern Africa,12450494,,102605029768,0.01,
Taiwan,2007,10,Asia,23424971,Asia,Eastern Asia,9575188254,,500646820573,1.91,
Tanzania,2007,10,Africa,23424973,Africa,Eastern Africa,168754035,50363324.0,68392694091,0.25,0.07
Turkey,2007,10,Asia,23424969,Asia,Western Asia,58248968,3188009.0,875023543634,0.01,0.0
Uganda,2007,10,Africa,23424974,Africa,Eastern Africa,476772593,,30996990584,1.54,
United States,2007,10,North America,23424977,Americas,Northern America,351609124,8137602.0,13378744872579,0.0,0.0
Vanuatu,2007,10,Oceania,23424907,Oceania,Melanesia,27578330,20671269.0,451619951,6.11,4.58
Yemen,2007,10,Asia,23425002,Asia,Western Asia,42444041,23460762.0,78990390991,0.05,0.03
Algeria,2008,10,Africa,23424740,Africa,Northern Africa,531409,,389641533357,0.0,
American Samoa,2008,10,Oceania,23424746,Oceania,Polynesia,617929882,,672292214,91.91,
Antarctica,2008,10,Antarctica,28289409,Antarctica,Antarctica,0,0.0,0,,
Argentina,2008,10,South America,23424747,Americas,South America,2008781,27114.0,646293027594,0.0,0.0
Armenia,2008,10,Asia,23424743,Asia,Western Asia,8958970,,22402814059,0.04,
Australia,2008,10,Oceania,-90,Oceania,Australia and New Zealand,230078,,732472564551,0.0,
Azerbaijan,2008,10,Asia,23424741,Asia,Western Asia,7376637,,107603000412,0.01,
Bolivia,2008,10,South America,23424762,Americas,South America,1049895,,43892235699,0.0,
Cameroon,2008,10,Africa,23424785,Africa,Middle Africa,171872991,125441695.0,47125859774,0.36,0.27
Canada,2008,10,North America,23424775,Americas,Northern America,360717,6249.0,1241986802409,0.0,0.0
Chad,2008,10,Africa,23424777,Africa,Middle Africa,268642,,16720946457,0.0,
Chile,2008,10,South America,23424782,Americas,South America,26868503,6386110.0,237402615822,0.01,0.0
China,2008,10,Asia,23424781,Asia,Eastern Asia,682136959,40921417.0,9352073057381,0.01,0.0
Colombia,2008,10,South America,23424787,Americas,South America,707336237,595695615.0,413898616229,0.17,0.14
Comoros,2008,10,Africa,23424786,Africa,Eastern Africa,296799222,143895658.0,1141287951,26.01,12.61
Costa Rica,2008,10,North America,23424791,Americas,Central America,292422703,69023088.0,51261927777,0.57,0.13
Dem. Rep. Korea,2008,10,Asia,23424865,Asia,Eastern Asia,45128898,14610935.0,44867438366,0.1,0.03
Democratic Republic of the Congo,2008,10,Africa,23424780,Africa,Middle Africa,70343756,61840808.0,34123378021,0.21,0.18
Djibouti,2008,10,Africa,23424797,Africa,Eastern Africa,2678218,,1235589510,0.22,
Dominica,2008,10,North America,23424798,Americas,Caribbean,578327686,,605470381,95.52,
Ecuador,2008,10,South America,23424801,Americas,South America,3069359134,996372348.0,108488209982,2.83,0.92
El Salvador,2008,10,North America,23424807,Americas,Central America,11862941645,9459502273.0,34448492727,34.44,27.46
Equatorial Guinea,2008,10,Africa,23424804,Africa,Middle Africa,731966946,,25463235254,2.87,
Eritrea,2008,10,Africa,23424806,Africa,Eastern Africa,10183003,4497939.0,6172130066,0.16,0.07
Ethiopia,2008,10,Africa,23424808,Africa,Eastern Africa,538691018,68759501.0,67068868285,0.8,0.1
Fiji,2008,10,Oceania,23424813,Oceania,Melanesia,8110729,,5555990434,0.15,
France,2008,10,Europe,-90,Europe,Western Europe,8716269053,1480395227.0,1977025155027,0.44,0.07
French Southern and Antarctic Lands,2008,10,Seven seas (open ocean),28289406,Seven seas (open ocean),Seven seas (open ocean),0,,0,,
Georgia,2008,10,Asia,23424823,Asia,Western Asia,2829358,,27014604776,0.01,
Germany,2008,10,Europe,23424829,Europe,Western Europe,167254211,,2793540392744,0.01,
Greece,2008,10,Europe,23424833,Europe,Southern Europe,39887794,35936576.0,294581310942,0.01,0.01
Grenada,2008,10,North America,23424826,Americas,Caribbean,411224051,33897261.0,987594926,41.64,3.43
Guatemala,2008,10,North America,23424834,Americas,Central America,2330859575,682174143.0,84613329471,2.75,0.81
Heard I. and McDonald Islands,2008,10,Seven seas (open ocean),28289411,Seven seas (open ocean),Seven seas (open ocean),0,,0,,
Honduras,2008,10,North America,23424841,Americas,Central America,73239250,,28122340909,0.26,
Iceland,2008,10,Europe,23424845,Europe,Northern Europe,104736245,4182724.0,11792142064,0.89,0.04
Indonesia,2008,10,Asia,23424846,Asia,South-Eastern Asia,16396339783,8456142656.0,1613107213756,1.02,0.52
Iran,2008,10,Asia,23424851,Asia,Southern Asia,44284965,,1085295592069,0.0,
Italy,2008,10,Europe,23424853,Europe,Southern Europe,87925779576,84033284198.0,1770397845341,4.97,4.75
Japan,2008,10,Asia,23424856,Asia,Eastern Asia,5773447890,3015976265.0,4109670901652,0.14,0.07
Jordan,2008,10,Asia,23424860,Asia,Western Asia,100104,,58161704587,0.0,
Kenya,2008,10,Africa,23424863,Africa,Eastern Africa,673228818,,68690753690,0.98,
Mexico,2008,10,North America,23424900,Americas,Central America,985985370,410223018.0,1463647877961,0.07,0.03
Mongolia,2008,10,Asia,23424887,Asia,Eastern Asia,3390508,,17853118895,0.02,
Montserrat,2008,10,North America,23424888,Americas,Caribbean,18754407,18754407.0,18754407,100.0,100.0
Myanmar,2008,10,Asia,23424763,Asia,South-Eastern Asia,60144988,,121932755112,0.05,
Netherlands,2008,10,Europe,-90,Europe,Western Europe,39573808,,672876712983,0.01,
New Zealand,2008,10,Oceania,23424916,Oceania,Australia and New Zealand,35232301882,953428.0,104654282439,33.67,0.0
Nicaragua,2008,10,North America,23424915,Americas,Central America,10283421532,865224871.0,20860384753,49.3,4.15
Niger,2008,10,Africa,23424906,Africa,Western Africa,1777605,,14402653202,0.01,
Northern Mariana Islands,2008,10,Oceania,23424788,Oceania,Micronesia,0,,1198971802,0.0,
Norway,2008,10,Europe,-90,Europe,Northern Europe,430812,,225674858837,0.0,
Panama,2008,10,North America,23424924,Americas,Central America,28381267,,46686531516,0.06,
Papua New Guinea,2008,10,Oceania,23424926,Oceania,Melanesia,192430639,84307084.0,10719911714,1.8,0.79
Peru,2008,10,South America,23424919,Americas,South America,22858479,1533347.0,234331351572,0.01,0.0
Philippines,2008,10,Asia,23424934,Asia,South-Eastern Asia,1613196459,439976617.0,428692920979,0.38,0.1
Portugal,2008,10,Europe,23424925,Europe,Southern Europe,1645930690,42751797.0,217682101176,0.76,0.02
Republic of Cabo Verde,2008,10,Africa,23424794,Africa,Western Africa,107029816,107029816.0,2202528394,4.86,4.86
Republic of Korea,2008,10,Asia,23424868,Asia,Eastern Asia,45540539,,1341517307054,0.0,
Russian Federation,2008,10,Europe,23424936,Europe,Eastern Europe,17050312,1307396.0,2117643768519,0.0,0.0
Rwanda,2008,10,Africa,23424937,Africa,Eastern Africa,270962722,1625008.0,10628670802,2.55,0.02
Saint Helena,2008,10,Seven seas (open ocean),23424944,Africa,Western Africa,4890167,,24807915,19.71,
Saint Kitts and Nevis,2008,10,North America,23424940,Americas,Caribbean,386465584,226211983.0,880374777,43.9,25.69
Saint Lucia,2008,10,North America,23424951,Americas,Caribbean,197025077,,1671023115,11.79,
Saint Vincent and the Grenadines,2008,10,North America,23424981,Americas,Caribbean,119950678,119950678.0,745526388,16.09,16.09
Samoa,2008,10,Oceania,23424992,Oceania,Polynesia,170951626,,769153398,22.23,
Saudi Arabia,2008,10,Asia,23424938,Asia,Western Asia,3141772700,,1224632996096,0.26,
South Africa,2008,10,Africa,23424942,Africa,Southern Africa,0,,537322786351,0.0,
South Georgia and the Islands,2008,10,Seven seas (open ocean),23424955,Seven seas (open ocean),Seven seas (open ocean),0,,0,,
Spain,2008,10,Europe,23424950,Europe,Southern Europe,1480079398,768537214.0,1281938533984,0.12,0.06
Sudan,2008,10,Africa,-90,Africa,Northern Africa,14074530,,109886703600,0.01,
Taiwan,2008,10,Asia,23424971,Asia,Eastern Asia,8974645458,,510337980493,1.76,
Tanzania,2008,10,Africa,23424973,Africa,Eastern Africa,179371837,53602854.0,72358825342,0.25,0.07
Turkey,2008,10,Asia,23424969,Asia,Western Asia,61218316,3760375.0,884579431127,0.01,0.0
Uganda,2008,10,Africa,23424974,Africa,Eastern Africa,488579654,,33708059182,1.45,
United States,2008,10,North America,23424977,Americas,Northern America,314511050,8716642.0,13369055063509,0.0,0.0
Vanuatu,2008,10,Oceania,23424907,Oceania,Melanesia,26848841,20028002.0,482082849,5.57,4.15
Yemen,2008,10,Asia,23425002,Asia,Western Asia,45565299,23991303.0,81476215355,0.06,0.03
Algeria,2009,10,Africa,23424740,Africa,Northern Africa,555828,,399363625686,0.0,
American Samoa,2009,10,Oceania,23424746,Oceania,Polynesia,593210000,,645439980,91.91,
Antarctica,2009,10,Antarctica,28289409,Antarctica,Antarctica,0,0.0,0,,
Argentina,2009,10,South America,23424747,Americas,South America,2205142,25486.0,607651985110,0.0,0.0
Armenia,2009,10,Asia,23424743,Asia,Western Asia,10803177,,19257548080,0.06,
Australia,2009,10,Oceania,-90,Oceania,Australia and New Zealand,451847,,745744361734,0.0,
Azerbaijan,2009,10,Asia,23424741,Asia,Western Asia,10747364,,116599951023,0.01,
Bolivia,2009,10,South America,23424762,Americas,South America,1187113,,45371404073,0.0,
Cameroon,2009,10,Africa,23424785,Africa,Middle Africa,173017982,121130222.0,48205123961,0.36,0.25
Canada,2009,10,North America,23424775,Americas,Northern America,401929,7159.0,1207963071127,0.0,0.0
Chad,2009,10,Africa,23424777,Africa,Middle Africa,312430,,17415163492,0.0,
Chile,2009,10,South America,23424782,Americas,South America,24440171,5983608.0,233707178932,0.01,0.0
China,2009,10,Asia,23424781,Asia,Eastern Asia,936327614,47894723.0,10241931462250,0.01,0.0
Colombia,2009,10,South America,23424787,Americas,South America,773700366,657470562.0,418761195748,0.18,0.16
Comoros,2009,10,Africa,23424786,Africa,Eastern Africa,302749644,146898019.0,1176045016,25.74,12.49
Costa Rica,2009,10,North America,23424791,Americas,Central America,265459735,74168327.0,50808677195,0.52,0.15
Dem. Rep. Korea,2009,10,Asia,23424865,Asia,Eastern Asia,50243902,21429954.0,44350812542,0.11,0.05
Democratic Republic of the Congo,2009,10,Africa,23424780,Africa,Middle Africa,80972584,71781893.0,35082438598,0.23,0.2
Djibouti,2009,10,Africa,23424797,Africa,Eastern Africa,2682796,,1606954924,0.17,
Dominica,2009,10,North America,23424798,Americas,Caribbean,574130459,,599559650,95.76,
Ecuador,2009,10,South America,23424801,Americas,South America,3747472771,851885462.0,110355388319,3.4,0.77
El Salvador,2009,10,North America,23424807,Americas,Central America,12146530998,9748835739.0,33718829602,36.02,28.91
Equatorial Guinea,2009,10,Africa,23424804,Africa,Middle Africa,966793500,,26680266666,3.62,
Eritrea,2009,10,Africa,23424806,Africa,Eastern Africa,11453155,5013245.0,6415622955,0.18,0.08
Ethiopia,2009,10,Africa,23424808,Africa,Eastern Africa,616611138,67443734.0,72940439058,0.85,0.09
Fiji,2009,10,Oceania,23424813,Oceania,Melanesia,7314781,,5556277438,0.13,
France,2009,10,Europe,-90,Europe,Western Europe,8062061994,1973382339.0,1919700194423,0.42,0.1
French Southern and Antarctic Lands,2009,10,Seven seas (open ocean),28289406,Seven seas (open ocean),Seven seas (open ocean),0,,0,,
Georgia,2009,10,Asia,23424823,Asia,Western Asia,3979104,,25769361456,0.02,
Germany,2009,10,Europe,23424829,Europe,Western Europe,178406238,,2636011549739,0.01,
Greece,2009,10,Europe,23424833,Europe,Southern Europe,28111632,23624780.0,279773060222,0.01,0.01
Grenada,2009,10,North America,23424826,Americas,Caribbean,377733596,32761100.0,917890335,41.15,3.57
Guatemala,2009,10,North America,23424834,Americas,Central America,3035420108,1151166165.0,85281424856,3.56,1.35
Heard I. and McDonald Islands,2009,10,Seven seas (open ocean),28289411,Seven seas (open ocean),Seven seas (open ocean),0,,0,,
Honduras,2009,10,North America,23424841,Americas,Central America,65353471,,27467283640,0.24,
Iceland,2009,10,Europe,23424845,Europe,Northern Europe,52315774,3389999.0,11753639776,0.45,0.03
Indonesia,2009,10,Asia,23424846,Asia,South-Eastern Asia,18767447060,9650186892.0,1686099200067,1.11,0.57
Iran,2009,10,Asia,23424851,Asia,Southern Asia,41898703,,1095183030402,0.0,
Italy,2009,10,Europe,23424853,Europe,Southern Europe,93808194772,89067225630.0,1675117434237,5.6,5.32
Japan,2009,10,Asia,23424856,Asia,Eastern Asia,5419790190,2829678218.0,3889446685658,0.14,0.07
Jordan,2009,10,Asia,23424860,Asia,Western Asia,102309,,61093662039,0.0,
Kenya,2009,10,Africa,23424863,Africa,Eastern Africa,618219963,,70979669094,0.87,
Mexico,2009,10,North America,23424900,Americas,Central America,946836739,190931063.0,1387223001286,0.07,0.01
Mongolia,2009,10,Asia,23424887,Asia,Eastern Asia,3867473,,17631056676,0.02,
Montserrat,2009,10,North America,23424888,Americas,Caribbean,20974654,20974654.0,20974654,100.0,100.0
Myanmar,2009,10,Asia,23424763,Asia,South-Eastern Asia,69176715,,134793497534,0.05,
Netherlands,2009,10,Europe,-90,Europe,Western Europe,40624998,,648323228769,0.01,
New Zealand,2009,10,Oceania,23424916,Oceania,Australia and New Zealand,34545097563,1069255.0,104988444046,32.9,0.0
Nicaragua,2009,10,North America,23424915,Americas,Central America,9756329187,1393884689.0,20171955078,48.37,6.91
Niger,2009,10,Africa,23424906,Africa,Western Africa,1738199,,14688552083,0.01,
Northern Mariana Islands,2009,10,Oceania,23424788,Oceania,Micronesia,0,,992382981,0.0,
Norway,2009,10,Europe,-90,Europe,Northern Europe,373279,,220879453381,0.0,
Panama,2009,10,North America,23424924,Americas,Central America,28185170,,47264094531,0.06,
Papua New Guinea,2009,10,Oceania,23424926,Oceania,Melanesia,202500885,87072367.0,11446432357,1.77,0.76
Peru,2009,10,South America,23424919,Americas,South America,20632403,1664614.0,236826577205,0.01,0.0
Philippines,2009,10,Asia,23424934,Asia,South-Eastern Asia,1849608168,471649253.0,433846098259,0.43,0.11
Portugal,2009,10,Europe,23424925,Europe,Southern Europe,1392572909,49238487.0,206864487641,0.67,0.02
Republic of Cabo Verde,2009,10,Africa,23424794,Africa,Western Africa,92573837,92573837.0,2193846508,4.22,4.22
Republic of Korea,2009,10,Asia,23424868,Asia,Eastern Asia,48082480,,1348138062506,0.0,
Russian Federation,2009,10,Europe,23424936,Europe,Eastern Europe,14596510,869971.0,1952197569837,0.0,0.0
Rwanda,2009,10,Africa,23424937,Africa,Eastern Africa,265369321,1664307.0,11321682848,2.34,0.01
Saint Helena,2009,10,Seven seas (open ocean),23424944,Africa,Western Africa,4868614,,24902359,19.55,
Saint Kitts and Nevis,2009,10,North America,23424940,Americas,Caribbean,434174982,259924768.0,838425520,51.78,31.0
Saint Lucia,2009,10,North America,23424951,Americas,Caribbean,155678517,,1674454366,9.3,
Saint Vincent and the Grenadines,2009,10,North America,23424981,Americas,Caribbean,116072964,116072964.0,721310456,16.09,16.09
Samoa,2009,10,Oceania,23424992,Oceania,Polynesia,158063050,,738317768,21.41,
Saudi Arabia,2009,10,Asia,23424938,Asia,Western Asia,2828503155,,1199098676885,0.24,
South Africa,2009,10,Africa,23424942,Africa,Southern Africa,0,,528729415388,0.0,
South Georgia and the Islands,2009,10,Seven seas (open ocean),23424955,Seven seas (open ocean),Seven seas (open ocean),0,,0,,
Spain,2009,10,Europe,23424950,Europe,Southern Europe,1236148048,631039997.0,1234523924840,0.1,0.05
Sudan,2009,10,Africa,-90,Africa,Northern Africa,13998642,,113583758678,0.01,
Taiwan,2009,10,Asia,23424971,Asia,Eastern Asia,10384834555,,519731513075,2.0,
Tanzania,2009,10,Africa,23424973,Africa,Eastern Africa,195950630,60052266.0,76088795838,0.26,0.08
Turkey,2009,10,Asia,23424969,Asia,Western Asia,72649759,4020175.0,839509927811,0.01,0.0
Uganda,2009,10,Africa,23424974,Africa,Eastern Africa,528010017,,35996055397,1.47,
United States,2009,10,North America,23424977,Americas,Northern America,333401215,9637659.0,13035969291113,0.0,0.0
Vanuatu,2009,10,Oceania,23424907,Oceania,Melanesia,29673201,22207571.0,492451533,6.03,4.51
Yemen,2009,10,Asia,23425002,Asia,Western Asia,52596648,27245830.0,83018123311,0.06,0.03
Algeria,2010,10,Africa,23424740,Africa,Northern Africa,583450,,418511737164,0.0,
American Samoa,2010,10,Oceania,23424746,Oceania,Polynesia,602926235,,639300267,94.31,
Antarctica,2010,10,Antarctica,28289409,Antarctica,Antarctica,0,0.0,0,,
Argentina,2010,10,South America,23424747,Americas,South America,2546185,34774.0,671162653571,0.0,0.0
Armenia,2010,10,Asia,23424743,Asia,Western Asia,9483455,,19681095040,0.05,
Australia,2010,10,Oceania,-90,Oceania,Australia and New Zealand,547174,,759687510184,0.0,
Azerbaijan,2010,10,Asia,23424741,Asia,Western Asia,10888745,,122260485337,0.01,
Bolivia,2010,10,South America,23424762,Americas,South America,1204957,,47180375434,0.0,
Cameroon,2010,10,Africa,23424785,Africa,Middle Africa,144412727,99044538.0,49697749483,0.29,0.2
Canada,2010,10,North America,23424775,Americas,Northern America,524836,8385.0,1238657655881,0.0,0.0
Chad,2010,10,Africa,23424777,Africa,Middle Africa,321161,,19781062684,0.0,
Chile,2010,10,South America,23424782,Americas,South America,39714318,16016720.0,246729434674,0.02,0.01
China,2010,10,Asia,23424781,Asia,Eastern Asia,1915798314,58945129.0,11292800614482,0.02,0.0
Colombia,2010,10,South America,23424787,Americas,South America,1273160239,1083018566.0,438419619148,0.29,0.25
Comoros,2010,10,Africa,23424786,Africa,Eastern Africa,301251189,141855411.0,1205695221,24.99,11.77
Costa Rica,2010,10,North America,23424791,Americas,Central America,312538490,87388721.0,53532094854,0.58,0.16
Dem. Rep. Korea,2010,10,Asia,23424865,Asia,Eastern Asia,55953330,20595364.0,44248309436,0.13,0.05
Democratic Republic of the Congo,2010,10,Africa,23424780,Africa,Middle Africa,96717919,88833559.0,37476424264,0.26,0.24
Djibouti,2010,10,Africa,23424797,Africa,Eastern Africa,2521902,,2138306145,0.12,
Dominica,2010,10,North America,23424798,Americas,Caribbean,557201233,,588117911,94.74,
Ecuador,2010,10,South America,23424801,Americas,South America,4894923031,1155643891.0,115590085853,4.23,1.0
El Salvador,2010,10,North America,23424807,Americas,Central America,12810805069,9597767262.0,34384711964,37.26,27.91
Equatorial Guinea,2010,10,Africa,23424804,Africa,Middle Africa,573678323,,24482544065,2.34,
Eritrea,2010,10,Africa,23424806,Africa,Eastern Africa,11005286,5218589.0,6565998341,0.17,0.08
Ethiopia,2010,10,Africa,23424808,Africa,Eastern Africa,726063849,77194886.0,82040046462,0.89,0.09
Fiji,2010,10,Oceania,23424813,Oceania,Melanesia,7458334,,5595462983,0.13,
France,2010,10,Europe,-90,Europe,Western Europe,10352073717,1734631286.0,1948767009143,0.53,0.09
French Southern and Antarctic Lands,2010,10,Seven seas (open ocean),28289406,Seven seas (open ocean),Seven seas (open ocean),0,,0,,
Georgia,2010,10,Asia,23424823,Asia,Western Asia,3235376,,26720526270,0.01,
Germany,2010,10,Europe,23424829,Europe,Western Europe,201756625,,2746934406553,0.01,
Greece,2010,10,Europe,23424833,Europe,Southern Europe,52958822,47132438.0,259453237440,0.02,0.02
Grenada,2010,10,North America,23424826,Americas,Caribbean,290683036,31521730.0,854118368,34.03,3.69
Guatemala,2010,10,North America,23424834,Americas,Central America,3347797392,1157627139.0,87996058674,3.8,1.32
Heard I. and McDonald Islands,2010,10,Seven seas (open ocean),28289411,Seven seas (open ocean),Seven seas (open ocean),0,,0,,
Honduras,2010,10,North America,23424841,Americas,Central America,81171731,,28454281143,0.29,
Iceland,2010,10,Europe,23424845,Europe,Northern Europe,98254570,3621007.0,11111733571,0.88,0.03
Indonesia,2010,10,Asia,23424846,Asia,South-Eastern Asia,22601978902,11235485383.0,1805257644331,1.25,0.62
Iran,2010,10,Asia,23424851,Asia,Southern Asia,42143344,,1157096081123,0.0,
Italy,2010,10,Europe,23424853,Europe,Southern Europe,92023506246,85292657099.0,1687530194087,5.45,5.05
Japan,2010,10,Asia,23424856,Asia,Eastern Asia,6910269846,2924684216.0,4039829481525,0.17,0.07
Jordan,2010,10,Asia,23424860,Asia,Western Asia,154609,,62457534150,0.0,
Kenya,2010,10,Africa,23424863,Africa,Eastern Africa,668515853,,76841648794,0.87,
Mexico,2010,10,North America,23424900,Americas,Central America,1548087162,403054519.0,1453330819231,0.11,0.03
Mongolia,2010,10,Asia,23424887,Asia,Eastern Asia,3304739,,18754074783,0.02,
Montserrat,2010,10,North America,23424888,Americas,Caribbean,28416418,28416418.0,28416418,100.0,100.0
Myanmar,2010,10,Asia,23424763,Asia,South-Eastern Asia,71210291,,147619068041,0.05,
Netherlands,2010,10,Europe,-90,Europe,Western Europe,31705392,,653607201173,0.0,
New Zealand,2010,10,Oceania,23424916,Oceania,Australia and New Zealand,28667076300,1033648.0,106765467788,26.85,0.0
Nicaragua,2010,10,North America,23424915,Americas,Central America,9552719834,1480308711.0,21034005780,45.42,7.04
Niger,2010,10,Africa,23424906,Africa,Western Africa,1959054,,15957811879,0.01,
Northern Mariana Islands,2010,10,Oceania,23424788,Oceania,Micronesia,0,,1017812266,0.0,
Norway,2010,10,Europe,-90,Europe,Northern Europe,381011,,218322487996,0.0,
Panama,2010,10,North America,23424924,Americas,Central America,37464009,,50071432969,0.07,
Papua New Guinea,2010,10,Oceania,23424926,Oceania,Melanesia,221193217,98704798.0,12556566130,1.76,0.79
Peru,2010,10,South America,23424919,Americas,South America,26501732,1749611.0,255800708304,0.01,0.0
Philippines,2010,10,Asia,23424934,Asia,South-Eastern Asia,2429169064,544537597.0,459471809009,0.53,0.12
Portugal,2010,10,Europe,23424925,Europe,Southern Europe,1062630397,53310877.0,204219756063,0.52,0.03
Republic of Cabo Verde,2010,10,Africa,23424794,Africa,Western Africa,109677200,109677200.0,2098333773,5.23,5.23
Republic of Korea,2010,10,Asia,23424868,Asia,Eastern Asia,53245274,,1430174716049,0.0,
Russian Federation,2010,10,Europe,23424936,Europe,Eastern Europe,18510536,1088677.0,2035194284725,0.0,0.0
Rwanda,2010,10,Africa,23424937,Africa,Eastern Africa,232850435,2032348.0,12230782691,1.9,0.02
Saint Helena,2010,10,Seven seas (open ocean),23424944,Africa,Western Africa,6466301,,12463008,51.88,
Saint Kitts and Nevis,2010,10,North America,23424940,Americas,Caribbean,228950109,127865839.0,844768872,27.1,15.14
Saint Lucia,2010,10,North America,23424951,Americas,Caribbean,102574762,,1708169498,6.0,
Saint Vincent and the Grenadines,2010,10,North America,23424981,Americas,Caribbean,72732033,72732033.0,389222231,18.69,18.69
Samoa,2010,10,Oceania,23424992,Oceania,Polynesia,184196615,,796427572,23.13,
Saudi Arabia,2010,10,Asia,23424938,Asia,Western Asia,3278242059,,1262847565600,0.26,
South Africa,2010,10,Africa,23424942,Africa,Southern Africa,0,,543708209165,0.0,
South Georgia and the Islands,2010,10,Seven seas (open ocean),23424955,Seven seas (open ocean),Seven seas (open ocean),0,,0,,
Spain,2010,10,Europe,23424950,Europe,Southern Europe,1914129813,981203364.0,1232566963373,0.16,0.08
Sudan,2010,10,Africa,-90,Africa,Northern Africa,15110341,,116605572898,0.01,
Taiwan,2010,10,Asia,23424971,Asia,Eastern Asia,7759930023,,528796280456,1.47,
Tanzania,2010,10,Africa,23424973,Africa,Eastern Africa,204893776,64037439.0,81170554867,0.25,0.08
Turkey,2010,10,Asia,23424969,Asia,Western Asia,73081885,3811856.0,910768933048,0.01,0.0
Uganda,2010,10,Africa,23424974,Africa,Eastern Africa,514224644,,38044573578,1.35,
United States,2010,10,North America,23424977,Americas,Northern America,597605087,13401665.0,13341506959840,0.0,0.0
Vanuatu,2010,10,Oceania,23424907,Oceania,Melanesia,32926016,24980498.0,469604587,7.01,5.32
Yemen,2010,10,Asia,23425002,Asia,Western Asia,67305432,36592162.0,88281700993,0.08,0.04
Algeria,2011,10,Africa,23424740,Africa,Northern Africa,328024,,428392028062,0.0,
American Samoa,2011,10,Oceania,23424746,Oceania,Polynesia,638599132,,672370864,94.98,
Antarctica,2011,10,Antarctica,28289409,Antarctica,Antarctica,0,0.0,0,,
Argentina,2011,10,South America,23424747,Americas,South America,973189,12521.0,710800006984,0.0,0.0
Armenia,2011,10,Asia,23424743,Asia,Western Asia,9689960,,20602856613,0.05,
Australia,2011,10,Oceania,-90,Oceania,Australia and New Zealand,445013,,784638037966,0.0,
Azerbaijan,2011,10,Asia,23424741,Asia,Western Asia,12421038,,120279208931,0.01,
Bolivia,2011,10,South America,23424762,Americas,South America,864339,,49687385416,0.0,
Cameroon,2011,10,Africa,23424785,Africa,Middle Africa,142154393,102054046.0,51832659004,0.27,0.2
Canada,2011,10,North America,23424775,Americas,Northern America,295868,4806.0,1273292110103,0.0,0.0
Chad,2011,10,Africa,23424777,Africa,Middle Africa,320162,,19776341232,0.0,
Chile,2011,10,South America,23424782,Americas,South America,20708851,5769717.0,262825771666,0.01,0.0
China,2011,10,Asia,23424781,Asia,Eastern Asia,1244482343,57900074.0,12429783448598,0.01,0.0
Colombia,2011,10,South America,23424787,Americas,South America,501291052,403692289.0,469621881904,0.11,0.09
Comoros,2011,10,Africa,23424786,Africa,Eastern Africa,323076945,156320038.0,1273557510,25.37,12.27
Costa Rica,2011,10,North America,23424791,Americas,Central America,236161120,66295653.0,55903656780,0.42,0.12
Dem. Rep. Korea,2011,10,Asia,23424865,Asia,Eastern Asia,41111565,13945170.0,44291499530,0.09,0.03
Democratic Republic of the Congo,2011,10,Africa,23424780,Africa,Middle Africa,72479354,64846885.0,39988367023,0.18,0.16
Djibouti,2011,10,Africa,23424797,Africa,Eastern Africa,2313816,,1745760479,0.13,
Dominica,2011,10,North America,23424798,Americas,Caribbean,578298957,,603500459,95.82,
Ecuador,2011,10,South America,23424801,Americas,South America,3631317462,459128179.0,123632824073,2.94,0.37
El Salvador,2011,10,North America,23424807,Americas,Central America,13690203733,10835190418.0,35709037036,38.34,30.34
Equatorial Guinea,2011,10,Africa,23424804,Africa,Middle Africa,504317006,,26874313257,1.88,
Eritrea,2011,10,Africa,23424806,Africa,Eastern Africa,12042809,5308344.0,7118522605,0.17,0.07
Ethiopia,2011,10,Africa,23424808,Africa,Eastern Africa,675852928,85131196.0,91236452152,0.74,0.09
Fiji,2011,10,Oceania,23424813,Oceania,Melanesia,8888579,,5818046958,0.15,
France,2011,10,Europe,-90,Europe,Western Europe,6827790509,1321634638.0,2002561794744,0.34,0.07
French Southern and Antarctic Lands,2011,10,Seven seas (open ocean),28289406,Seven seas (open ocean),Seven seas (open ocean),0,,0,,
Georgia,2011,10,Asia,23424823,Asia,Western Asia,3505773,,27861863485,0.01,
Germany,2011,10,Europe,23424829,Europe,Western Europe,200093397,,2908315449121,0.01,
Greece,2011,10,Europe,23424833,Europe,Southern Europe,36305546,33964668.0,236285699513,0.02,0.01
Grenada,2011,10,North America,23424826,Americas,Caribbean,320141098,35820798.0,926204099,34.56,3.87
Guatemala,2011,10,North America,23424834,Americas,Central America,2999177900,1056455101.0,91989203017,3.26,1.15
Heard I. and McDonald Islands,2011,10,Seven seas (open ocean),28289411,Seven seas (open ocean),Seven seas (open ocean),0,,0,,
Honduras,2011,10,North America,23424841,Americas,Central America,52766151,,29604631919,0.18,
Iceland,2011,10,Europe,23424845,Europe,Northern Europe,93833326,3459978.0,11820464121,0.79,0.03
Indonesia,2011,10,Asia,23424846,Asia,South-Eastern Asia,16392413736,8238199133.0,1912563332437,0.86,0.43
Iran,2011,10,Asia,23424851,Asia,Southern Asia,36346930,,1186182492925,0.0,
Italy,2011,10,Europe,23424853,Europe,Southern Europe,94077219278,87789495587.0,1720749407008,5.47,5.1
Japan,2011,10,Asia,23424856,Asia,Eastern Asia,5805473034,2878620965.0,4051919676816,0.14,0.07
Jordan,2011,10,Asia,23424860,Asia,Western Asia,123545,,64142285257,0.0,
Kenya,2011,10,Africa,23424863,Africa,Eastern Africa,711283886,,81504331954,0.87,
Mexico,2011,10,North America,23424900,Americas,Central America,826381680,139809474.0,1516055922122,0.05,0.01
Mongolia,2011,10,Asia,23424887,Asia,Eastern Asia,3723135,,22002448046,0.02,
Montserrat,2011,10,North America,23424888,Americas,Caribbean,19090713,19090713.0,19090713,100.0,100.0
Myanmar,2011,10,Asia,23424763,Asia,South-Eastern Asia,54706140,,156590647610,0.03,
Netherlands,2011,10,Europe,-90,Europe,Western Europe,56823585,,663946079217,0.01,
New Zealand,2011,10,Oceania,23424916,Oceania,Australia and New Zealand,36097740094,731437.0,102632417226,35.17,0.0
Nicaragua,2011,10,North America,23424915,Americas,Central America,10272777997,959749013.0,22386951849,45.89,4.29
Niger,2011,10,Africa,23424906,Africa,Western Africa,1643383,,16317675638,0.01,
Northern Mariana Islands,2011,10,Oceania,23424788,Oceania,Micronesia,0,,945975041,0.0,
Norway,2011,10,Europe,-90,Europe,Northern Europe,423093,,224761778565,0.0,
Panama,2011,10,North America,23424924,Americas,Central America,26726181,,55729032211,0.05,
Papua New Guinea,2011,10,Oceania,23424926,Oceania,Melanesia,218105980,93285136.0,12763097960,1.71,0.73
Peru,2011,10,South America,23424919,Americas,South America,19721438,1502444.0,272832299191,0.01,0.0
Philippines,2011,10,Asia,23424934,Asia,South-Eastern Asia,1855982240,423370103.0,481164263936,0.39,0.09
Portugal,2011,10,Europe,23424925,Europe,Southern Europe,850604341,23368781.0,200527480076,0.42,0.01
Republic of Cabo Verde,2011,10,Africa,23424794,Africa,Western Africa,108333706,108333706.0,2280331010,4.75,4.75
Republic of Korea,2011,10,Asia,23424868,Asia,Eastern Asia,41144498,,1486651265055,0.0,
Russian Federation,2011,10,Europe,23424936,Europe,Eastern Europe,12608677,788414.0,2125075838423,0.0,0.0
Rwanda,2011,10,Africa,23424937,Africa,Eastern Africa,263343669,1774901.0,13172962722,2.0,0.01
Saint Helena,2011,10,Seven seas (open ocean),23424944,Africa,Western Africa,5578374,,28414067,19.63,
Saint Kitts and Nevis,2011,10,North America,23424940,Americas,Caribbean,317620030,156208935.0,880968265,36.05,17.73
Saint Lucia,2011,10,North America,23424951,Americas,Caribbean,111683280,,1828953677,6.11,
Saint Vincent and the Grenadines,2011,10,North America,23424981,Americas,Caribbean,94942564,94942564.0,656810152,14.46,14.46
Samoa,2011,10,Oceania,23424992,Oceania,Polynesia,154489183,,773706648,19.97,
Saudi Arabia,2011,10,Asia,23424938,Asia,Western Asia,3537505333,,1388140506412,0.25,
South Africa,2011,10,Africa,23424942,Africa,Southern Africa,0,,562647117453,0.0,
South Georgia and the Islands,2011,10,Seven seas (open ocean),23424955,Seven seas (open ocean),Seven seas (open ocean),0,,0,,
Spain,2011,10,Europe,23424950,Europe,Southern Europe,1228866528,731703195.0,1236161714272,0.1,0.06
Sudan,2011,10,Africa,-90,Africa,Northern Africa,13421922,,118731978155,0.01,
Taiwan,2011,10,Asia,23424971,Asia,Eastern Asia,6999139901,,531388329944,1.32,
Tanzania,2011,10,Africa,23424973,Africa,Eastern Africa,185673975,57579444.0,86782098626,0.21,0.07
Turkey,2011,10,Asia,23424969,Asia,Western Asia,47150934,2595120.0,1004620725853,0.0,0.0
Uganda,2011,10,Africa,23424974,Africa,Eastern Africa,567110357,,41581443746,1.36,
United States,2011,10,North America,23424977,Americas,Northern America,202900904,8091969.0,13509555640604,0.0,0.0
Vanuatu,2011,10,Oceania,23424907,Oceania,Melanesia,30297961,22458136.0,512906538,5.91,4.38
Yemen,2011,10,Asia,23425002,Asia,Western Asia,56468494,28967662.0,76674785239,0.07,0.04
Algeria,2012,10,Africa,23424740,Africa,Northern Africa,344000,,437483011123,0.0,
American Samoa,2012,10,Oceania,23424746,Oceania,Polynesia,634567132,,671022221,94.57,
Antarctica,2012,10,Antarctica,28289409,Antarctica,Antarctica,0,0.0,0,,
Argentina,2012,10,South America,23424747,Americas,South America,1806543,16279.0,702279764713,0.0,0.0
Armenia,2012,10,Asia,23424743,Asia,Western Asia,7088565,,22066650521,0.03,
Australia,2012,10,Oceania,-90,Oceania,Australia and New Zealand,435946,,812162750696,0.0,
Azerbaijan,2012,10,Asia,23424741,Asia,Western Asia,6775055,,122784414596,0.01,
Bolivia,2012,10,South America,23424762,Americas,South America,771897,,52177258197,0.0,
Cameroon,2012,10,Africa,23424785,Africa,Middle Africa,125294873,91096941.0,54206216754,0.23,0.17
Canada,2012,10,North America,23424775,Americas,Northern America,278660,4717.0,1304133472871,0.0,0.0
Chad,2012,10,Africa,23424777,Africa,Middle Africa,317159,,21527652611,0.0,
Chile,2012,10,South America,23424782,Americas,South America,25261968,6492945.0,275513057279,0.01,0.0
China,2012,10,Asia,23424781,Asia,Eastern Asia,1170780310,57816704.0,13414982046414,0.01,0.0
Colombia,2012,10,South America,23424787,Americas,South America,1213865910,1122232114.0,485613326965,0.25,0.23
Comoros,2012,10,Africa,23424786,Africa,Eastern Africa,333004535,164926778.0,1312974090,25.36,12.56
Costa Rica,2012,10,North America,23424791,Americas,Central America,419272043,102564756.0,58620053929,0.72,0.17
Dem. Rep. Korea,2012,10,Asia,23424865,Asia,Eastern Asia,48468230,15894939.0,45469886103,0.11,0.03
Democratic Republic of the Congo,2012,10,Africa,23424780,Africa,Middle Africa,110661342,102069248.0,42481576654,0.26,0.24
Djibouti,2012,10,Africa,23424797,Africa,Eastern Africa,3496227,,1564643228,0.22,
Dominica,2012,10,North America,23424798,Americas,Caribbean,597157303,,610682545,97.79,
Ecuador,2012,10,South America,23424801,Americas,South America,5456516303,1535580062.0,132782865501,4.11,1.16
El Salvador,2012,10,North America,23424807,Americas,Central America,15070048598,12438203528.0,36728397582,41.03,33.87
Equatorial Guinea,2012,10,Africa,23424804,Africa,Middle Africa,526627089,,26731367832,1.97,
Eritrea,2012,10,Africa,23424806,Africa,Eastern Africa,11506082,5243680.0,7198011547,0.16,0.07
Ethiopia,2012,10,Africa,23424808,Africa,Eastern Africa,787690572,112665153.0,99100319860,0.79,0.11
Fiji,2012,10,Oceania,23424813,Oceania,Melanesia,8893789,,5984059715,0.15,
France,2012,10,Europe,-90,Europe,Western Europe,6564731128,1121693894.0,2008639598483,0.33,0.06
French Southern and Antarctic Lands,2012,10,Seven seas (open ocean),28289406,Seven seas (open ocean),Seven seas (open ocean),0,,0,,
Georgia,2012,10,Asia,23424823,Asia,Western Asia,2123897,,29233687128,0.01,
Germany,2012,10,Europe,23424829,Europe,Western Europe,172753820,,2918807789281,0.01,
Greece,2012,10,Europe,23424833,Europe,Southern Europe,30054026,28086924.0,218607222884,0.01,0.01
Grenada,2012,10,North America,23424826,Americas,Caribbean,231161498,18119716.0,958106071,24.13,1.89
Guatemala,2012,10,North America,23424834,Americas,Central America,2820024835,599916520.0,95085942296,2.97,0.63
Heard I. and McDonald Islands,2012,10,Seven seas (open ocean),28289411,Seven seas (open ocean),Seven seas (open ocean),0,,0,,
Honduras,2012,10,North America,23424841,Americas,Central America,43107532,,30671577291,0.14,
Iceland,2012,10,Europe,23424845,Europe,Northern Europe,86850414,4579120.0,11344736378,0.77,0.04
Indonesia,2012,10,Asia,23424846,Asia,South-Eastern Asia,21565768357,11488179511.0,2029229974717,1.06,0.57
Iran,2012,10,Asia,23424851,Asia,Southern Asia,39916175,,1097471461397,0.0,
Italy,2012,10,Europe,23424853,Europe,Southern Europe,72241003784,66261385395.0,1669300196615,4.33,3.97
Japan,2012,10,Asia,23424856,Asia,Eastern Asia,6437954865,3759411214.0,4112664912324,0.16,0.09
Jordan,2012,10,Asia,23424860,Asia,Western Asia,168430,,65703321203,0.0,
Kenya,2012,10,Africa,23424863,Africa,Eastern Africa,899986276,,85298961507,1.06,
Mexico,2012,10,North America,23424900,Americas,Central America,872557665,228511900.0,1569862379801,0.06,0.01
Mongolia,2012,10,Asia,23424887,Asia,Eastern Asia,2924504,,24708028438,0.01,
Montserrat,2012,10,North America,23424888,Americas,Caribbean,17921066,17921066.0,17921066,100.0,100.0
Myanmar,2012,10,Asia,23424763,Asia,South-Eastern Asia,57074595,,168369389737,0.03,
Netherlands,2012,10,Europe,-90,Europe,Western Europe,84179870,,656032336136,0.01,
New Zealand,2012,10,Oceania,23424916,Oceania,Australia and New Zealand,29224577488,586912.0,107076714156,27.29,0.0
Nicaragua,2012,10,North America,23424915,Americas,Central America,12344639048,1371274869.0,23847252535,51.77,5.75
Niger,2012,10,Africa,23424906,Africa,Western Africa,1646899,,18041277190,0.01,
Northern Mariana Islands,2012,10,Oceania,23424788,Oceania,Micronesia,0,,941973583,0.0,
Norway,2012,10,Europe,-90,Europe,Northern Europe,434954,,231891587193,0.0,
Panama,2012,10,North America,23424924,Americas,Central America,23647295,,60637585311,0.04,
Papua New Guinea,2012,10,Oceania,23424926,Oceania,Melanesia,206380264,86719625.0,13366896829,1.54,0.65
Peru,2012,10,South America,23424919,Americas,South America,14871193,1319926.0,289523557841,0.01,0.0
Philippines,2012,10,Asia,23424934,Asia,South-Eastern Asia,2107314068,471147507.0,518457422841,0.41,0.09
Portugal,2012,10,Europe,23424925,Europe,Southern Europe,1915557662,28706691.0,195342602021,0.98,0.01
Republic of Cabo Verde,2012,10,Africa,23424794,Africa,Western Africa,93604570,93604570.0,2336918484,4.01,4.01
Republic of Korea,2012,10,Asia,23424868,Asia,Eastern Asia,44915839,,1530519002085,0.0,
Russian Federation,2012,10,Europe,23424936,Europe,Eastern Europe,13525664,1118763.0,2211736085159,0.0,0.0
Rwanda,2012,10,Africa,23424937,Africa,Eastern Africa,237495626,1797744.0,14429328937,1.65,0.01
Saint Helena,2012,10,Seven seas (open ocean),23424944,Africa,Western Africa,5683937,,32313716,17.59,
Saint Kitts and Nevis,2012,10,North America,23424940,Americas,Caribbean,325585567,200762712.0,863572910,37.7,23.25
Saint Lucia,2012,10,North America,23424951,Americas,Caribbean,78280663,,1611330227,4.86,
Saint Vincent and the Grenadines,2012,10,North America,23424981,Americas,Caribbean,58906538,58906538.0,631695914,9.33,9.33
Samoa,2012,10,Oceania,23424992,Oceania,Polynesia,129572677,,710762857,18.23,
Saudi Arabia,2012,10,Asia,23424938,Asia,Western Asia,3740615233,,1465316469977,0.26,
South Africa,2012,10,Africa,23424942,Africa,Southern Africa,0,,575167744180,0.0,
South Georgia and the Islands,2012,10,Seven seas (open ocean),23424955,Seven seas (open ocean),Seven seas (open ocean),0,,0,,
Spain,2012,10,Europe,23424950,Europe,Southern Europe,1343473351,790249353.0,1196336345066,0.11,0.07
Sudan,2012,10,Africa,-90,Africa,Northern Africa,14161284,,119123261127,0.01,
Taiwan,2012,10,Asia,23424971,Asia,Eastern Asia,11249547836,,531962940711,2.11,
Tanzania,2012,10,Africa,23424973,Africa,Eastern Africa,184940259,56657042.0,90515468514,0.2,0.06
Turkey,2012,10,Asia,23424969,Asia,Western Asia,36873580,2093609.0,1056411235737,0.0,0.0
Uganda,2012,10,Africa,23424974,Africa,Eastern Africa,548058193,,43185394929,1.27,
United States,2012,10,North America,23424977,Americas,Northern America,282997883,7659445.0,13842892289775,0.0,0.0
Vanuatu,2012,10,Oceania,23424907,Oceania,Melanesia,27693276,20488452.0,528270953,5.24,3.88
Yemen,2012,10,Asia,23425002,Asia,Western Asia,56858675,29368565.0,82640294892,0.07,0.04
Algeria,2013,10,Africa,23424740,Africa,Northern Africa,273697,,450619265943,0.0,
American Samoa,2013,10,Oceania,23424746,Oceania,Polynesia,615745894,,653133667,94.28,
Antarctica,2013,10,Antarctica,28289409,Antarctica,Antarctica,0,0.0,0,,
Argentina,2013,10,South America,23424747,Americas,South America,1562553,13501.0,718160665589,0.0,0.0
Armenia,2013,10,Asia,23424743,Asia,Western Asia,11619126,,22771002900,0.05,
Australia,2013,10,Oceania,-90,Oceania,Australia and New Zealand,469332,,830115703630,0.0,
Azerbaijan,2013,10,Asia,23424741,Asia,Western Asia,6561451,,129965261958,0.01,
Bolivia,2013,10,South America,23424762,Americas,South America,693337,,55692118618,0.0,
Cameroon,2013,10,Africa,23424785,Africa,Middle Africa,147412502,112559858.0,57167879882,0.26,0.2
Canada,2013,10,North America,23424775,Americas,Northern America,262034,4274.0,1338602597655,0.0,0.0
Chad,2013,10,Africa,23424777,Africa,Middle Africa,365454,,22784189236,0.0,
Chile,2013,10,South America,23424782,Americas,South America,23186349,5497324.0,286711037531,0.01,0.0
China,2013,10,Asia,23424781,Asia,Eastern Asia,2029371730,67026344.0,14437383251778,0.01,0.0
Colombia,2013,10,South America,23424787,Americas,South America,1173023082,1088406977.0,510815875138,0.23,0.21
Comoros,2013,10,Africa,23424786,Africa,Eastern Africa,347964923,173623720.0,1367126215,25.45,12.7
Costa Rica,2013,10,North America,23424791,Americas,Central America,482280542,120005004.0,60050958806,0.8,0.2
Dem. Rep. Korea,2013,10,Asia,23424865,Asia,Eastern Asia,47540924,15586083.0,45459091817,0.1,0.03
Democratic Republic of the Congo,2013,10,Africa,23424780,Africa,Middle Africa,241780404,233226610.0,46018636951,0.53,0.51
Djibouti,2013,10,Africa,23424797,Africa,Eastern Africa,5815569,,2264296348,0.26,
Dominica,2013,10,North America,23424798,Americas,Caribbean,600595350,,610570778,98.37,
Ecuador,2013,10,South America,23424801,Americas,South America,7776846116,1613422172.0,140102817256,5.55,1.15
El Salvador,2013,10,North America,23424807,Americas,Central America,16053944031,12972054663.0,37544623350,42.76,34.55
Equatorial Guinea,2013,10,Africa,23424804,Africa,Middle Africa,511450415,,26307535941,1.94,
Eritrea,2013,10,Africa,23424806,Africa,Eastern Africa,14580828,7652975.0,7280547565,0.2,0.11
Ethiopia,2013,10,Africa,23424808,Africa,Eastern Africa,1063094603,131824528.0,109586598709,0.97,0.12
Fiji,2013,10,Oceania,23424813,Oceania,Melanesia,5780408,,6038115086,0.1,
France,2013,10,Europe,-90,Europe,Western Europe,5621743065,1001014413.0,2017620827761,0.28,0.05
French Southern and Antarctic Lands,2013,10,Seven seas (open ocean),28289406,Seven seas (open ocean),Seven seas (open ocean),0,,0,,
Georgia,2013,10,Asia,23424823,Asia,Western Asia,1756251,,30591714518,0.01,
Germany,2013,10,Europe,23424829,Europe,Western Europe,237689635,,2927650255215,0.01,
Greece,2013,10,Europe,23424833,Europe,Southern Europe,26698734,25015820.0,211524172202,0.01,0.01
Grenada,2013,10,North America,23424826,Americas,Caribbean,251781118,17863808.0,953911960,26.39,1.87
Guatemala,2013,10,North America,23424834,Americas,Central America,3771726865,1117592194.0,98957018380,3.81,1.13
Heard I. and McDonald Islands,2013,10,Seven seas (open ocean),28289411,Seven seas (open ocean),Seven seas (open ocean),0,,0,,
Honduras,2013,10,North America,23424841,Americas,Central America,59920307,,31539864756,0.19,
Iceland,2013,10,Europe,23424845,Europe,Northern Europe,429415392,22847901.0,11752907572,3.65,0.19
Indonesia,2013,10,Asia,23424846,Asia,South-Eastern Asia,28390773179,15052136628.0,2135815313410,1.33,0.7
Iran,2013,10,Asia,23424851,Asia,Southern Asia,35942505,,1093908763139,0.0,
Italy,2013,10,Europe,23424853,Europe,Southern Europe,64996290664,59737980649.0,1622242485527,4.01,3.68
Japan,2013,10,Asia,23424856,Asia,Eastern Asia,7304221870,4067737304.0,4186018437018,0.17,0.1
Jordan,2013,10,Asia,23424860,Asia,Western Asia,166154,,67388726765,0.0,
Kenya,2013,10,Africa,23424863,Africa,Eastern Africa,1065594873,,90286313637,1.18,
Mexico,2013,10,North America,23424900,Americas,Central America,1122753843,266707096.0,1589104356513,0.07,0.02
Mongolia,2013,10,Asia,23424887,Asia,Eastern Asia,3842009,,27587779248,0.01,
Montserrat,2013,10,North America,23424888,Americas,Caribbean,21354348,21354348.0,21354348,100.0,100.0
Myanmar,2013,10,Asia,23424763,Asia,South-Eastern Asia,62406125,,182192089870,0.03,
Netherlands,2013,10,Europe,-90,Europe,Western Europe,107078934,,656185086879,0.02,
New Zealand,2013,10,Oceania,23424916,Oceania,Australia and New Zealand,28062460296,496364.0,110494181744,25.4,0.0
Nicaragua,2013,10,North America,23424915,Americas,Central America,12770336443,1709497732.0,25009441662,51.06,6.84
Niger,2013,10,Africa,23424906,Africa,Western Africa,2121172,,19048625700,0.01,
Northern Mariana Islands,2013,10,Oceania,23424788,Oceania,Micronesia,0,,957209324,0.0,
Norway,2013,10,Europe,-90,Europe,Northern Europe,406094,,234927711942,0.0,
Panama,2013,10,North America,23424924,Americas,Central America,28047231,,64923894951,0.04,
Papua New Guinea,2013,10,Oceania,23424926,Oceania,Melanesia,211271077,88393265.0,13897665808,1.52,0.64
Peru,2013,10,South America,23424919,Americas,South America,18003020,1595483.0,306371911188,0.01,0.0
Philippines,2013,10,Asia,23424934,Asia,South-Eastern Asia,2830260704,539121885.0,542239781959,0.52,0.1
Portugal,2013,10,Europe,23424925,Europe,Southern Europe,1981825664,32818343.0,192221957050,1.03,0.02
Republic of Cabo Verde,2013,10,Africa,23424794,Africa,Western Africa,90060298,90060298.0,2331272959,3.86,3.86
Republic of Korea,2013,10,Asia,23424868,Asia,Eastern Asia,48460722,,1574606682633,0.0,
Russian Federation,2013,10,Europe,23424936,Europe,Eastern Europe,18411523,1613860.0,2251693301456,0.0,0.0
Rwanda,2013,10,Africa,23424937,Africa,Eastern Africa,225128243,2210298.0,15125257930,1.49,0.01
Saint Helena,2013,10,Seven seas (open ocean),23424944,Africa,Western Africa,7265980,,38252028,19.0,
Saint Kitts and Nevis,2013,10,North America,23424940,Americas,Caribbean,328195984,194729927.0,910618148,36.04,21.38
Saint Lucia,2013,10,North America,23424951,Americas,Caribbean,63864176,,1634937529,3.91,
Saint Vincent and the Grenadines,2013,10,North America,23424981,Americas,Caribbean,52017284,52017284.0,593414648,8.77,8.77
Samoa,2013,10,Oceania,23424992,Oceania,Polynesia,124977177,,714897512,17.48,
Saudi Arabia,2013,10,Asia,23424938,Asia,Western Asia,3398784502,,1504735643245,0.23,
South Africa,2013,10,Africa,23424942,Africa,Southern Africa,0,,588168764164,0.0,
South Georgia and the Islands,2013,10,Seven seas (open ocean),23424955,Seven seas (open ocean),Seven seas (open ocean),0,,0,,
Spain,2013,10,Europe,23424950,Europe,Southern Europe,1406176604,760101179.0,1173254540828,0.12,0.06
Sudan,2013,10,Africa,-90,Africa,Northern Africa,18026897,,122661182628,0.01,
Taiwan,2013,10,Asia,23424971,Asia,Eastern Asia,11447773493,,533325542251,2.15,
Tanzania,2013,10,Africa,23424973,Africa,Eastern Africa,216414018,64936248.0,96295071537,0.22,0.07
Turkey,2013,10,Asia,23424969,Asia,Western Asia,42783608,2047972.0,1151625223907,0.0,0.0
Uganda,2013,10,Africa,23424974,Africa,Eastern Africa,561429497,,44740032484,1.25,
United States,2013,10,North America,23424977,Americas,Northern America,367379040,8785631.0,14098133203496,0.0,0.0
Vanuatu,2013,10,Oceania,23424907,Oceania,Melanesia,29895212,22553491.0,530829894,5.63,4.25
Yemen,2013,10,Asia,23425002,Asia,Western Asia,53647369,28708079.0,86158905686,0.06,0.03
Algeria,2014,10,Africa,23424740,Africa,Northern Africa,273649,,467847923714,0.0,
American Samoa,2014,10,Oceania,23424746,Oceania,Polynesia,620663030,,659366713,94.13,
Antarctica,2014,10,Antarctica,28289409,Antarctica,Antarctica,0,0.0,0,,
Argentina,2014,10,South America,23424747,Americas,South America,1756990,14042.0,699841499888,0.0,0.0
Armenia,2014,10,Asia,23424743,Asia,Western Asia,12466294,,23590375429,0.05,
Australia,2014,10,Oceania,-90,Oceania,Australia and New Zealand,467444,,850867268273,0.0,
Azerbaijan,2014,10,Asia,23424741,Asia,Western Asia,7112237,,133575844575,0.01,
Bolivia,2014,10,South America,23424762,Americas,South America,688666,,58746649940,0.0,
Cameroon,2014,10,Africa,23424785,Africa,Middle Africa,171271297,139486111.0,60532497493,0.28,0.23
Canada,2014,10,North America,23424775,Americas,Northern America,264202,4286.0,1375336647102,0.0,0.0
Chad,2014,10,Africa,23424777,Africa,Middle Africa,400571,,24336254505,0.0,
Chile,2014,10,South America,23424782,Americas,South America,25113534,6013036.0,291853601321,0.01,0.0
China,2014,10,Asia,23424781,Asia,Eastern Asia,2325486799,87562982.0,15512945599373,0.01,0.0
Colombia,2014,10,South America,23424787,Americas,South America,1194777414,1108729211.0,534233044001,0.22,0.21
Comoros,2014,10,Africa,23424786,Africa,Eastern Africa,372177087,191073881.0,1398354326,26.62,13.66
Costa Rica,2014,10,North America,23424791,Americas,Central America,495303293,119967574.0,62177811254,0.8,0.19
Dem. Rep. Korea,2014,10,Asia,23424865,Asia,Eastern Asia,47833185,19076501.0,45755250783,0.1,0.04
Democratic Republic of the Congo,2014,10,Africa,23424780,Africa,Middle Africa,186564852,177736887.0,50365735978,0.37,0.35
Djibouti,2014,10,Africa,23424797,Africa,Eastern Africa,6791389,,2402627716,0.28,
Dominica,2014,10,North America,23424798,Americas,Caribbean,627555256,,637614821,98.42,
Ecuador,2014,10,South America,23424801,Americas,South America,7380354582,1378660768.0,145185816976,5.08,0.95
El Salvador,2014,10,North America,23424807,Americas,Central America,16202533954,12973913538.0,38165372923,42.45,33.99
Equatorial Guinea,2014,10,Africa,23424804,Africa,Middle Africa,513727938,,26410938952,1.95,
Eritrea,2014,10,Africa,23424806,Africa,Eastern Africa,15006362,7908492.0,7346628911,0.2,0.11
Ethiopia,2014,10,Africa,23424808,Africa,Eastern Africa,1202676608,124873454.0,120806828109,1.0,0.1
Fiji,2014,10,Oceania,23424813,Oceania,Melanesia,6104033,,6418516931,0.1,
France,2014,10,Europe,-90,Europe,Western Europe,6740143288,965022023.0,2036364852856,0.33,0.05
French Southern and Antarctic Lands,2014,10,Seven seas (open ocean),28289406,Seven seas (open ocean),Seven seas (open ocean),0,,0,,
Georgia,2014,10,Asia,23424823,Asia,Western Asia,1995440,,31792586001,0.01,
Germany,2014,10,Europe,23424829,Europe,Western Europe,191017121,,2990082167263,0.01,
Greece,2014,10,Europe,23424833,Europe,Southern Europe,31080471,29180184.0,213454793472,0.01,0.01
Grenada,2014,10,North America,23424826,Americas,Caribbean,272233149,19354982.0,1020224410,26.68,1.9
Guatemala,2014,10,North America,23424834,Americas,Central America,3845182656,1144894345.0,103712383780,3.71,1.1
Heard I. and McDonald Islands,2014,10,Seven seas (open ocean),28289411,Seven seas (open ocean),Seven seas (open ocean),0,,0,,
Honduras,2014,10,North America,23424841,Americas,Central America,60385202,,32521571585,0.19,
Iceland,2014,10,Europe,23424845,Europe,Northern Europe,154992503,7628482.0,12493464461,1.24,0.06
Indonesia,2014,10,Asia,23424846,Asia,South-Eastern Asia,27336121989,14192569825.0,2241355484784,1.22,0.63
Iran,2014,10,Asia,23424851,Asia,Southern Asia,50262064,,1145137516839,0.0,
Italy,2014,10,Europe,23424853,Europe,Southern Europe,66949092837,61815137242.0,1613924950392,4.15,3.83
Japan,2014,10,Asia,23424856,Asia,Eastern Asia,7254273565,4121715432.0,4202497820042,0.17,0.1
Jordan,2014,10,Asia,23424860,Asia,Western Asia,169319,,69660980765,0.0,
Kenya,2014,10,Africa,23424863,Africa,Eastern Africa,1197643403,,95188438361,1.26,
Mexico,2014,10,North America,23424900,Americas,Central America,1160402336,282099296.0,1634986865139,0.07,0.02
Mongolia,2014,10,Asia,23424887,Asia,Eastern Asia,3275401,,29759155364,0.01,
Montserrat,2014,10,North America,23424888,Americas,Caribbean,23680247,23680247.0,23680247,100.0,100.0
Myanmar,2014,10,Asia,23424763,Asia,South-Eastern Asia,57727596,,196630939875,0.03,
Netherlands,2014,10,Europe,-90,Europe,Western Europe,143167649,,665928031922,0.02,
New Zealand,2014,10,Oceania,23424916,Oceania,Australia and New Zealand,29548908596,494264.0,114304432013,25.85,0.0
Nicaragua,2014,10,North America,23424915,Americas,Central America,13679198692,1900388491.0,26204534794,52.2,7.25
Niger,2014,10,Africa,23424906,Africa,Western Africa,1923296,,20305880118,0.01,
Northern Mariana Islands,2014,10,Oceania,23424788,Oceania,Micronesia,0,,992913827,0.0,
Norway,2014,10,Europe,-90,Europe,Northern Europe,417586,,239851746400,0.0,
Panama,2014,10,North America,23424924,Americas,Central America,28446320,,68267398816,0.04,
Papua New Guinea,2014,10,Oceania,23424926,Oceania,Melanesia,222511013,95152374.0,15755878517,1.41,0.6
Peru,2014,10,South America,23424919,Americas,South America,20130120,1853901.0,313638671752,0.01,0.0
Philippines,2014,10,Asia,23424934,Asia,South-Eastern Asia,2938991864,512263583.0,576169758093,0.51,0.09
Portugal,2014,10,Europe,23424925,Europe,Southern Europe,2214732981,36020746.0,194176744917,1.14,0.02
Republic of Cabo Verde,2014,10,Africa,23424794,Africa,Western Africa,84905613,84905613.0,2351082612,3.61,3.61
Republic of Korea,2014,10,Asia,23424868,Asia,Eastern Asia,52126122,,1624260444571,0.0,
Russian Federation,2014,10,Europe,23424936,Europe,Eastern Europe,11348051,1098163.0,2267579503281,0.0,0.0
Rwanda,2014,10,Africa,23424937,Africa,Eastern Africa,230296594,2351673.0,16034848274,1.44,0.01
Saint Helena,2014,10,Seven seas (open ocean),23424944,Africa,Western Africa,9292703,,46180854,20.12,
Saint Kitts and Nevis,2014,10,North America,23424940,Americas,Caribbean,334886232,196565437.0,975714593,34.32,20.15
Saint Lucia,2014,10,North America,23424951,Americas,Caribbean,64799866,,1671505988,3.88,
Saint Vincent and the Grenadines,2014,10,North America,23424981,Americas,Caribbean,55451342,55451342.0,592932503,9.35,9.35
Samoa,2014,10,Oceania,23424992,Oceania,Polynesia,126117738,,725741910,17.38,
Saudi Arabia,2014,10,Asia,23424938,Asia,Western Asia,3557823367,,1560377283927,0.23,
South Africa,2014,10,Africa,23424942,Africa,Southern Africa,0,,599143619117,0.0,
South Georgia and the Islands,2014,10,Seven seas (open ocean),23424955,Seven seas (open ocean),Seven seas (open ocean),0,,0,,
Spain,2014,10,Europe,23424950,Europe,Southern Europe,1473898588,781424954.0,1188489738661,0.12,0.07
Sudan,2014,10,Africa,-90,Africa,Northern Africa,19683330,,131474044707,0.01,
Taiwan,2014,10,Asia,23424971,Asia,Eastern Asia,11364126593,,534725967375,2.13,
Tanzania,2014,10,Africa,23424973,Africa,Eastern Africa,222125981,65296662.0,102807093937,0.22,0.06
Turkey,2014,10,Asia,23424969,Asia,Western Asia,45970038,2504489.0,1212674431220,0.0,0.0
Uganda,2014,10,Africa,23424974,Africa,Eastern Africa,587429020,,47026161095,1.25,
United States,2014,10,North America,23424977,Americas,Northern America,353921510,9195610.0,14450921943280,0.0,0.0
Vanuatu,2014,10,Oceania,23424907,Oceania,Melanesia,31466687,24245105.0,550452067,5.72,4.4
Yemen,2014,10,Asia,23425002,Asia,Western Asia,62893768,36831403.0,85178012722,0.07,0.04
Algeria,2015,10,Africa,23424740,Africa,Northern Africa,247908,,485376309272,0.0,
American Samoa,2015,10,Oceania,23424746,Oceania,Polynesia,627098501,,667730997,93.91,
Antarctica,2015,10,Antarctica,28289409,Antarctica,Antarctica,0,0.0,0,,
Argentina,2015,10,South America,23424747,Americas,South America,1514288,13692.0,718520562358,0.0,0.0
Armenia,2015,10,Asia,23424743,Asia,Western Asia,12686763,,24350713982,0.05,
Australia,2015,10,Oceania,-90,Oceania,Australia and New Zealand,463424,,869317174502,0.0,
Azerbaijan,2015,10,Asia,23424741,Asia,Western Asia,8884239,,135044346173,0.01,
Bolivia,2015,10,South America,23424762,Americas,South America,616285,,61588954801,0.0,
Cameroon,2015,10,Africa,23424785,Africa,Middle Africa,149584394,119703805.0,63985098334,0.23,0.19
Canada,2015,10,North America,23424775,Americas,Northern America,308726,5151.0,1391358254246,0.0,0.0
Chad,2015,10,Africa,23424777,Africa,Middle Africa,407071,,24996527614,0.0,
Chile,2015,10,South America,23424782,Americas,South America,27897955,9137341.0,298667366911,0.01,0.0
China,2015,10,Asia,23424781,Asia,Eastern Asia,2508924674,88656612.0,16610887604695,0.02,0.0
Colombia,2015,10,South America,23424787,Americas,South America,1478597527,1386461632.0,550391717743,0.27,0.25
Comoros,2015,10,Africa,23424786,Africa,Eastern Africa,371947712,189184496.0,1412878663,26.33,13.39
Costa Rica,2015,10,North America,23424791,Americas,Central America,479378145,132791447.0,64441379189,0.74,0.21
Dem. Rep. Korea,2015,10,Asia,23424865,Asia,Eastern Asia,44419709,15106479.0,45460202282,0.1,0.03
Democratic Republic of the Congo,2015,10,Africa,23424780,Africa,Middle Africa,270760058,260834385.0,53833166113,0.5,0.48
Djibouti,2015,10,Africa,23424797,Africa,Eastern Africa,6901033,,2597139037,0.27,
Dominica,2015,10,North America,23424798,Americas,Caribbean,612000397,,621862080,98.41,
Ecuador,2015,10,South America,23424801,Americas,South America,7961390064,1422600684.0,145418849367,5.47,0.98
El Salvador,2015,10,North America,23424807,Americas,Central America,16286871772,13152903206.0,39078861773,41.68,33.66
Equatorial Guinea,2015,10,Africa,23424804,Africa,Middle Africa,695373597,,24503038282,2.84,
Eritrea,2015,10,Africa,23424806,Africa,Eastern Africa,15514616,8340025.0,7412100593,0.21,0.11
Ethiopia,2015,10,Africa,23424808,Africa,Eastern Africa,1470764904,151619449.0,133333673480,1.1,0.11
Fiji,2015,10,Oceania,23424813,Oceania,Melanesia,5929586,,6781053095,0.09,
France,2015,10,Europe,-90,Europe,Western Europe,6984771888,984452000.0,2059383991879,0.34,0.05
French Southern and Antarctic Lands,2015,10,Seven seas (open ocean),28289406,Seven seas (open ocean),Seven seas (open ocean),0,,0,,
Georgia,2015,10,Asia,23424823,Asia,Western Asia,1960940,,32580406898,0.01,
Germany,2015,10,Europe,23424829,Europe,Western Europe,186547575,,3022775049562,0.01,
Greece,2015,10,Europe,23424833,Europe,Southern Europe,31398963,29725666.0,213088822198,0.01,0.01
Grenada,2015,10,North America,23424826,Americas,Caribbean,290255794,20049579.0,1082096479,26.82,1.85
Guatemala,2015,10,North America,23424834,Americas,Central America,4235356053,1297949015.0,108327138844,3.91,1.2
Heard I. and McDonald Islands,2015,10,Seven seas (open ocean),28289411,Seven seas (open ocean),Seven seas (open ocean),0,,0,,
Honduras,2015,10,North America,23424841,Americas,Central America,62003057,,33785141984,0.18,
Iceland,2015,10,Europe,23424845,Europe,Northern Europe,523446310,20456920.0,12305787157,4.25,0.17
Indonesia,2015,10,Asia,23424846,Asia,South-Eastern Asia,27602106539,14450289710.0,2355116780886,1.17,0.61
Iran,2015,10,Asia,23424851,Asia,Southern Asia,40986475,,1130160929660,0.0,
Italy,2015,10,Europe,23424853,Europe,Southern Europe,68809490496,63382677747.0,1632176181828,4.22,3.88
Japan,2015,10,Asia,23424856,Asia,Eastern Asia,7150819640,4116574458.0,4250152725604,0.17,0.1
Jordan,2015,10,Asia,23424860,Asia,Western Asia,147076,,71403794168,0.0,
Kenya,2015,10,Africa,23424863,Africa,Eastern Africa,1278401510,,100661919626,1.27,
Mexico,2015,10,North America,23424900,Americas,Central America,1287089180,331176004.0,1688687147556,0.08,0.02
Mongolia,2015,10,Asia,23424887,Asia,Eastern Asia,3305010,,30468440607,0.01,
Montserrat,2015,10,North America,23424888,Americas,Caribbean,25363862,25363862.0,25363862,100.0,100.0
Myanmar,2015,10,Asia,23424763,Asia,South-Eastern Asia,59997634,,210228093974,0.03,
Netherlands,2015,10,Europe,-90,Europe,Western Europe,142279120,,677482502348,0.02,
New Zealand,2015,10,Oceania,23424916,Oceania,Australia and New Zealand,28989681100,586393.0,117997139114,24.57,0.0
Nicaragua,2015,10,North America,23424915,Americas,Central America,14308611375,2032589027.0,27461849887,52.1,7.4
Niger,2015,10,Africa,23424906,Africa,Western Africa,1844868,,21177735066,0.01,
Northern Mariana Islands,2015,10,Oceania,23424788,Oceania,Micronesia,0,,1026004184,0.0,
Norway,2015,10,Europe,-90,Europe,Northern Europe,465772,,237864450613,0.0,
Panama,2015,10,North America,23424924,Americas,Central America,30727733,,72108358397,0.04,
Papua New Guinea,2015,10,Oceania,23424926,Oceania,Melanesia,231452786,97672461.0,16809052992,1.38,0.58
Peru,2015,10,South America,23424919,Americas,South America,21023657,1871887.0,323764300132,0.01,0.0
Philippines,2015,10,Asia,23424934,Asia,South-Eastern Asia,3039121619,499234649.0,612618169412,0.5,0.08
Portugal,2015,10,Europe,23424925,Europe,Southern Europe,2251353499,37629828.0,198891643947,1.13,0.02
Republic of Cabo Verde,2015,10,Africa,23424794,Africa,Western Africa,91538017,91538017.0,2359369799,3.88,3.88
Republic of Korea,2015,10,Asia,23424868,Asia,Eastern Asia,53285253,,1667476985557,0.0,
Russian Federation,2015,10,Europe,23424936,Europe,Eastern Europe,18870882,1914026.0,2223010594915,0.0,0.0
Rwanda,2015,10,Africa,23424937,Africa,Eastern Africa,259725952,2606049.0,17433760146,1.49,0.01
Saint Helena,2015,10,Seven seas (open ocean),23424944,Africa,Western Africa,10412010,,47629625,21.86,
Saint Kitts and Nevis,2015,10,North America,23424940,Americas,Caribbean,354509922,206084954.0,980189960,36.17,21.03
Saint Lucia,2015,10,North America,23424951,Americas,Caribbean,69019269,,1657894524,4.16,
Saint Vincent and the Grenadines,2015,10,North America,23424981,Americas,Caribbean,53754397,53754397.0,572630079,9.39,9.39
Samoa,2015,10,Oceania,23424992,Oceania,Polynesia,123322812,,749094183,16.46,
Saudi Arabia,2015,10,Asia,23424938,Asia,Western Asia,3797022719,,1626095305505,0.23,
South Africa,2015,10,Africa,23424942,Africa,Southern Africa,0,,606302459213,0.0,
South Georgia and the Islands,2015,10,Seven seas (open ocean),23424955,Seven seas (open ocean),Seven seas (open ocean),0,,0,,
Spain,2015,10,Europe,23424950,Europe,Southern Europe,1706611859,941966559.0,1230889663335,0.14,0.08
Sudan,2015,10,Africa,-90,Africa,Northern Africa,19278744,,137634324080,0.01,
Taiwan,2015,10,Asia,23424971,Asia,Eastern Asia,10998086272,,536277571544,2.05,
Tanzania,2015,10,Africa,23424973,Africa,Eastern Africa,231155811,65686421.0,109188317001,0.21,0.06
Turkey,2015,10,Asia,23424969,Asia,Western Asia,43284636,2341774.0,1285404415727,0.0,0.0
Uganda,2015,10,Africa,23424974,Africa,Eastern Africa,619441542,,49466380941,1.25,
United States,2015,10,North America,23424977,Americas,Northern America,340332595,11500068.0,14882181772999,0.0,0.0
Vanuatu,2015,10,Oceania,23424907,Oceania,Melanesia,30660922,23762322.0,554766224,5.53,4.28
Yemen,2015,10,Asia,23425002,Asia,Western Asia,210804472,133931790.0,70079821182,0.3,0.19
Algeria,2016,10,Africa,23424740,Africa,Northern Africa,254526,,500915600940,0.0,
American Samoa,2016,10,Oceania,23424746,Oceania,Polynesia,613412680,,651817546,94.11,
Antarctica,2016,10,Antarctica,28289409,Antarctica,Antarctica,0,0.0,0,,
Argentina,2016,10,South America,23424747,Americas,South America,1594511,12207.0,703138083426,0.0,0.0
Armenia,2016,10,Asia,23424743,Asia,Western Asia,12359513,,24403584787,0.05,
Australia,2016,10,Oceania,-90,Oceania,Australia and New Zealand,451499,,891938259039,0.0,
Azerbaijan,2016,10,Asia,23424741,Asia,Western Asia,8089111,,130921553167,0.01,
Bolivia,2016,10,South America,23424762,Americas,South America,662537,,64243065389,0.0,
Cameroon,2016,10,Africa,23424785,Africa,Middle Africa,148958573,118431722.0,66879371197,0.22,0.18
Canada,2016,10,North America,23424775,Americas,Northern America,295258,4701.0,1402153811134,0.0,0.0
Chad,2016,10,Africa,23424777,Africa,Middle Africa,434865,,23457811730,0.0,
Chile,2016,10,South America,23424782,Americas,South America,27494562,8121767.0,303704008335,0.01,0.0
China,2016,10,Asia,23424781,Asia,Eastern Asia,3640763440,89277169.0,17738724306240,0.02,0.0
Colombia,2016,10,South America,23424787,Americas,South America,1349396857,1258807026.0,561531268028,0.24,0.22
Comoros,2016,10,Africa,23424786,Africa,Eastern Africa,376151171,187520492.0,1455714174,25.84,12.88
Costa Rica,2016,10,North America,23424791,Americas,Central America,486923181,140128131.0,67156449140,0.73,0.21
Dem. Rep. Korea,2016,10,Asia,23424865,Asia,Eastern Asia,46868098,16228696.0,46048087574,0.1,0.04
Democratic Republic of the Congo,2016,10,Africa,23424780,Africa,Middle Africa,423158677,413470438.0,55144088609,0.77,0.75
Djibouti,2016,10,Africa,23424797,Africa,Eastern Africa,7941623,,2953329335,0.27,
Dominica,2016,10,North America,23424798,Americas,Caribbean,624114362,,636058954,98.12,
Ecuador,2016,10,South America,23424801,Americas,South America,7410183120,1268030886.0,143645338150,5.16,0.88
El Salvador,2016,10,North America,23424807,Americas,Central America,16673578673,13640527915.0,40087408101,41.59,34.03
Equatorial Guinea,2016,10,Africa,23424804,Africa,Middle Africa,303654063,,21094943498,1.44,
Eritrea,2016,10,Africa,23424806,Africa,Eastern Africa,15419616,8526409.0,7485891194,0.21,0.11
Ethiopia,2016,10,Africa,23424808,Africa,Eastern Africa,1626464087,217358957.0,145884693361,1.11,0.15
Fiji,2016,10,Oceania,23424813,Oceania,Melanesia,5450946,,6953327097,0.08,
France,2016,10,Europe,-90,Europe,Western Europe,6945083226,1024081991.0,2084426454014,0.33,0.05
French Southern and Antarctic Lands,2016,10,Seven seas (open ocean),28289406,Seven seas (open ocean),Seven seas (open ocean),0,,0,,
Georgia,2016,10,Asia,23424823,Asia,Western Asia,1748900,,33230285073,0.01,
Germany,2016,10,Europe,23424829,Europe,Western Europe,206445800,,3079421129288,0.01,
Greece,2016,10,Europe,23424833,Europe,Southern Europe,34230016,32598723.0,211955537695,0.02,0.02
Grenada,2016,10,North America,23424826,Americas,Caribbean,288360714,19517014.0,1121299664,25.72,1.74
Guatemala,2016,10,North America,23424834,Americas,Central America,4368024322,1350836044.0,111631448421,3.91,1.21
Heard I. and McDonald Islands,2016,10,Seven seas (open ocean),28289411,Seven seas (open ocean),Seven seas (open ocean),0,,0,,
Honduras,2016,10,North America,23424841,Americas,Central America,59839300,,35084335465,0.17,
Iceland,2016,10,Europe,23424845,Europe,Northern Europe,80673339,3688381.0,13497216058,0.6,0.03
Indonesia,2016,10,Asia,23424846,Asia,South-Eastern Asia,27603595947,14170163319.0,2473623601239,1.12,0.57
Iran,2016,10,Asia,23424851,Asia,Southern Asia,48008048,,1282885644149,0.0,
Italy,2016,10,Europe,23424853,Europe,Southern Europe,68393196891,62623303266.0,1657908109660,4.13,3.78
Japan,2016,10,Asia,23424856,Asia,Eastern Asia,7762985804,4619493462.0,4270390834959,0.18,0.11
Jordan,2016,10,Asia,23424860,Asia,Western Asia,155133,,72837326046,0.0,
Kenya,2016,10,Africa,23424863,Africa,Eastern Africa,1323462724,,106450145673,1.24,
Mexico,2016,10,North America,23424900,Americas,Central America,1301667710,323272939.0,1734686880247,0.08,0.02
Mongolia,2016,10,Asia,23424887,Asia,Eastern Asia,2704781,,30822390301,0.01,
Montserrat,2016,10,North America,23424888,Americas,Caribbean,25944551,25944551.0,25944551,100.0,100.0
Myanmar,2016,10,Asia,23424763,Asia,South-Eastern Asia,59577941,,222270188181,0.03,
Netherlands,2016,10,Europe,-90,Europe,Western Europe,126214575,,689837281886,0.02,
New Zealand,2016,10,Oceania,23424916,Oceania,Australia and New Zealand,30220556051,617003.0,120814633132,25.01,0.0
Nicaragua,2016,10,North America,23424915,Americas,Central America,15034561728,2158707258.0,28726253328,52.34,7.51
Niger,2016,10,Africa,23424906,Africa,Western Africa,2251870,,22391604142,0.01,
Northern Mariana Islands,2016,10,Oceania,23424788,Oceania,Micronesia,0,,1291115693,0.0,
Norway,2016,10,Europe,-90,Europe,Northern Europe,459191,,248813911220,0.0,
Panama,2016,10,North America,23424924,Americas,Central America,28400439,,75601280478,0.04,
Papua New Guinea,2016,10,Oceania,23424926,Oceania,Melanesia,238735337,100417867.0,17724634965,1.35,0.57
Peru,2016,10,South America,23424919,Americas,South America,16228656,1429234.0,336613635210,0.0,0.0
Philippines,2016,10,Asia,23424934,Asia,South-Eastern Asia,3267405405,510898531.0,657224229315,0.5,0.08
Portugal,2016,10,Europe,23424925,Europe,Southern Europe,2104094053,38065230.0,202343230578,1.04,0.02
Republic of Cabo Verde,2016,10,Africa,23424794,Africa,Western Africa,91305687,91305687.0,2465990629,3.7,3.7
Republic of Korea,2016,10,Asia,23424868,Asia,Eastern Asia,56212228,,1716599150706,0.0,
Russian Federation,2016,10,Europe,23424936,Europe,Eastern Europe,12244017,1225059.0,2227555934989,0.0,0.0
Rwanda,2016,10,Africa,23424937,Africa,Eastern Africa,268431061,2731244.0,18477535076,1.45,0.01
Saint Helena,2016,10,Seven seas (open ocean),23424944,Africa,Western Africa,9898574,,47895491,20.67,
Saint Kitts and Nevis,2016,10,North America,23424940,Americas,Caribbean,361064554,207300925.0,1007114942,35.85,20.58
Saint Lucia,2016,10,North America,23424951,Americas,Caribbean,65780137,,1706026489,3.86,
Saint Vincent and the Grenadines,2016,10,North America,23424981,Americas,Caribbean,54164544,54164544.0,607986627,8.91,8.91
Samoa,2016,10,Oceania,23424992,Oceania,Polynesia,134408711,,816676326,16.46,
Saudi Arabia,2016,10,Asia,23424938,Asia,Western Asia,3901100463,,1653147777294,0.24,
South Africa,2016,10,Africa,23424942,Africa,Southern Africa,0,,608812141293,0.0,
South Georgia and the Islands,2016,10,Seven seas (open ocean),23424955,Seven seas (open ocean),Seven seas (open ocean),0,,0,,
Spain,2016,10,Europe,23424950,Europe,Southern Europe,1758850647,964136620.0,1265129275268,0.14,0.08
Sudan,2016,10,Africa,-90,Africa,Northern Africa,18513728,,142613524530,0.01,
Taiwan,2016,10,Asia,23424971,Asia,Eastern Asia,10864363830,,537632722210,2.02,
Tanzania,2016,10,Africa,23424973,Africa,Eastern Africa,234606210,65668000.0,116758560136,0.2,0.06
Turkey,2016,10,Asia,23424969,Asia,Western Asia,50882814,1677430.0,1330220993854,0.0,0.0
Uganda,2016,10,Africa,23424974,Africa,Eastern Africa,659816813,,51814852463,1.27,
United States,2016,10,North America,23424977,Americas,Northern America,354557602,12198863.0,15119089748880,0.0,0.0
Vanuatu,2016,10,Oceania,23424907,Oceania,Melanesia,30539360,24176562.0,591014235,5.17,4.09
Yemen,2016,10,Asia,23425002,Asia,Western Asia,190057929,122401505.0,60234246248,0.32,0.2
Algeria,2017,10,Africa,23424740,Africa,Northern Africa,241842,,506675029457,0.0,
American Samoa,2017,10,Oceania,23424746,Oceania,Polynesia,581629081,,617171218,94.24,
Antarctica,2017,10,Antarctica,28289409,Antarctica,Antarctica,0,0.0,0,,
Argentina,2017,10,South America,23424747,Americas,South America,1656862,12713.0,722598204567,0.0,0.0
Armenia,2017,10,Asia,23424743,Asia,Western Asia,13037449,,26226760054,0.05,
Australia,2017,10,Oceania,-90,Oceania,Australia and New Zealand,432187,,908945385900,0.0,
Azerbaijan,2017,10,Asia,23424741,Asia,Western Asia,8354603,,131339702216,0.01,
Bolivia,2017,10,South America,23424762,Americas,South America,748041,,66960077719,0.0,
Cameroon,2017,10,Africa,23424785,Africa,Middle Africa,143755105,115813603.0,69243030206,0.21,0.17
Canada,2017,10,North America,23424775,Americas,Northern America,309569,4746.0,1434199994514,0.0,0.0
Chad,2017,10,Africa,23424777,Africa,Middle Africa,413926,,22761837174,0.0,
Chile,2017,10,South America,23424782,Americas,South America,26419184,6728110.0,307242312291,0.01,0.0
China,2017,10,Asia,23424781,Asia,Eastern Asia,4022405500,93868195.0,18958886746499,0.02,0.0
Colombia,2017,10,South America,23424787,Americas,South America,1456525548,1359248806.0,568964570473,0.26,0.24
Comoros,2017,10,Africa,23424786,Africa,Eastern Africa,399290600,197146219.0,1518261566,26.3,12.98
Costa Rica,2017,10,North America,23424791,Americas,Central America,504076561,147943589.0,69947433481,0.72,0.21
Dem. Rep. Korea,2017,10,Asia,23424865,Asia,Eastern Asia,46525829,16624168.0,46855212568,0.1,0.04
Democratic Republic of the Congo,2017,10,Africa,23424780,Africa,Middle Africa,344454859,334150971.0,57173692402,0.6,0.58
Djibouti,2017,10,Africa,23424797,Africa,Eastern Africa,6158610,,2914822602,0.21,
Dominica,2017,10,North America,23424798,Americas,Caribbean,583883424,,594311515,98.25,
Ecuador,2017,10,South America,23424801,Americas,South America,7871880919,1274403813.0,147160455740,5.35,0.87
El Salvador,2017,10,North America,23424807,Americas,Central America,16696844351,13464024555.0,40989489765,40.73,32.85
Equatorial Guinea,2017,10,Africa,23424804,Africa,Middle Africa,353340769,,20776017727,1.7,
Eritrea,2017,10,Africa,23424806,Africa,Eastern Africa,15499115,8356207.0,7572914659,0.2,0.11
Ethiopia,2017,10,Africa,23424808,Africa,Eastern Africa,1843627396,254639228.0,159846380347,1.15,0.16
Fiji,2017,10,Oceania,23424813,Oceania,Melanesia,5312650,,7388915644,0.07,
France,2017,10,Europe,-90,Europe,Western Europe,7598393253,995738346.0,2131683126165,0.36,0.05
French Southern and Antarctic Lands,2017,10,Seven seas (open ocean),28289406,Seven seas (open ocean),Seven seas (open ocean),0,,0,,
Georgia,2017,10,Asia,23424823,Asia,Western Asia,1761652,,34784981398,0.01,
Germany,2017,10,Europe,23424829,Europe,Western Europe,206385083,,3165479473288,0.01,
Greece,2017,10,Europe,23424833,Europe,Southern Europe,41311371,39704766.0,214317843184,0.02,0.02
Grenada,2017,10,North America,23424826,Americas,Caribbean,293236825,20492102.0,1171804102,25.02,1.75
Guatemala,2017,10,North America,23424834,Americas,Central America,4720659105,1488118041.0,115476633267,4.09,1.29
Heard I. and McDonald Islands,2017,10,Seven seas (open ocean),28289411,Seven seas (open ocean),Seven seas (open ocean),0,,0,,
Honduras,2017,10,North America,23424841,Americas,Central America,71055807,,36812951680,0.19,
Iceland,2017,10,Europe,23424845,Europe,Northern Europe,95265494,3758896.0,13711327156,0.69,0.03
Indonesia,2017,10,Asia,23424846,Asia,South-Eastern Asia,30563029511,15118053261.0,2601306197915,1.17,0.58
Iran,2017,10,Asia,23424851,Asia,Southern Asia,56765124,,1329857822854,0.0,
Italy,2017,10,Europe,23424853,Europe,Southern Europe,72514472196,66401480766.0,1688582438061,4.29,3.93
Japan,2017,10,Asia,23424856,Asia,Eastern Asia,7335908239,4254985579.0,4361535171774,0.17,0.1
Jordan,2017,10,Asia,23424860,Asia,Western Asia,130732,,74357546525,0.0,
Kenya,2017,10,Africa,23424863,Africa,Eastern Africa,1565446705,,111579926222,1.4,
Mexico,2017,10,North America,23424900,Americas,Central America,1366582165,304952526.0,1771684195533,0.08,0.02
Mongolia,2017,10,Asia,23424887,Asia,Eastern Asia,2947359,,32465174655,0.01,
Montserrat,2017,10,North America,23424888,Americas,Caribbean,24958762,24958762.0,24958762,100.0,100.0
Myanmar,2017,10,Asia,23424763,Asia,South-Eastern Asia,54996970,,236271760296,0.02,
Netherlands,2017,10,Europe,-90,Europe,Western Europe,119419620,,708340983292,0.02,
New Zealand,2017,10,Oceania,23424916,Oceania,Australia and New Zealand,31271368065,525065.0,123581364977,25.3,0.0
Nicaragua,2017,10,North America,23424915,Americas,Central America,15385647636,2294744463.0,30051987435,51.2,7.64
Niger,2017,10,Africa,23424906,Africa,Western Africa,2069728,,23487255389,0.01,
Northern Mariana Islands,2017,10,Oceania,23424788,Oceania,Micronesia,0,,1603820599,0.0,
Norway,2017,10,Europe,-90,Europe,Northern Europe,428096,,254654648959,0.0,
Panama,2017,10,North America,23424924,Americas,Central America,28954707,,79877834542,0.04,
Papua New Guinea,2017,10,Oceania,23424926,Oceania,Melanesia,245269392,104263713.0,18353325213,1.34,0.57
Peru,2017,10,South America,23424919,Americas,South America,19415646,1667257.0,345116811779,0.01,0.0
Philippines,2017,10,Asia,23424934,Asia,South-Eastern Asia,3426731010,560053828.0,700940197330,0.49,0.08
Portugal,2017,10,Europe,23424925,Europe,Southern Europe,2240951554,38556739.0,209401730541,1.07,0.02
Republic of Cabo Verde,2017,10,Africa,23424794,Africa,Western Africa,85478323,85478323.0,2569765265,3.33,3.33
Republic of Korea,2017,10,Asia,23424868,Asia,Eastern Asia,81075160,,1768980918861,0.0,
Russian Federation,2017,10,Europe,23424936,Europe,Eastern Europe,16688699,1621843.0,2270315125468,0.0,0.0
Rwanda,2017,10,Africa,23424937,Africa,Eastern Africa,261549821,2884954.0,19214679905,1.36,0.02
Saint Helena,2017,10,Seven seas (open ocean),23424944,Africa,Western Africa,9956116,,48192692,20.66,
Saint Kitts and Nevis,2017,10,North America,23424940,Americas,Caribbean,367535706,210319832.0,988399244,37.18,21.28
Saint Lucia,2017,10,North America,23424951,Americas,Caribbean,69257644,,1756423911,3.94,
Saint Vincent and the Grenadines,2017,10,North America,23424981,Americas,Caribbean,45473996,45473996.0,552690635,8.23,8.23
Samoa,2017,10,Oceania,23424992,Oceania,Polynesia,126219612,,835578577,15.11,
Saudi Arabia,2017,10,Asia,23424938,Asia,Western Asia,3974277148,,1640718437584,0.24,
South Africa,2017,10,Africa,23424942,Africa,Southern Africa,0,,617411293990,0.0,
South Georgia and the Islands,2017,10,Seven seas (open ocean),23424955,Seven seas (open ocean),Seven seas (open ocean),0,,0,,
Spain,2017,10,Europe,23424950,Europe,Southern Europe,1816220855,1014418364.0,1299575093388,0.14,0.08
Sudan,2017,10,Africa,-90,Africa,Northern Africa,18789157,,149137211690,0.01,
Taiwan,2017,10,Asia,23424971,Asia,Eastern Asia,10555196222,,539087314000,1.96,
Tanzania,2017,10,Africa,23424973,Africa,Eastern Africa,241731044,65806341.0,124794438688,0.19,0.05
Turkey,2017,10,Asia,23424969,Asia,Western Asia,58444837,1824954.0,1432519601042,0.0,0.0
Uganda,2017,10,Africa,23424974,Africa,Eastern Africa,646215769,,53797959271,1.2,
United States,2017,10,North America,23424977,Americas,Northern America,372366442,11998613.0,15475700401132,0.0,0.0
Vanuatu,2017,10,Oceania,23424907,Oceania,Melanesia,27892445,21436746.0,633032988,4.41,3.39
Yemen,2017,10,Asia,23425002,Asia,Western Asia,167381510,108611295.0,56633493675,0.3,0.19
Algeria,2018,10,Africa,23424740,Africa,Northern Africa,248430,,511771585028,0.0,
American Samoa,2018,10,Oceania,23424746,Oceania,Polynesia,572670494,,609757217,93.92,
Antarctica,2018,10,Antarctica,28289409,Antarctica,Antarctica,0,0.0,0,,
Argentina,2018,10,South America,23424747,Americas,South America,1549608,13875.0,703656277352,0.0,0.0
Armenia,2018,10,Asia,23424743,Asia,Western Asia,13946957,,27590423635,0.05,
Australia,2018,10,Oceania,-90,Oceania,Australia and New Zealand,440313,,933728316825,0.0,
Azerbaijan,2018,10,Asia,23424741,Asia,Western Asia,9267443,,133564125280,0.01,
Bolivia,2018,10,South America,23424762,Americas,South America,771808,,69754708678,0.0,
Cameroon,2018,10,Africa,23424785,Africa,Middle Africa,139366113,114231726.0,72056530566,0.19,0.16
Canada,2018,10,North America,23424775,Americas,Northern America,294858,4348.0,1462228920221,0.0,0.0
Chad,2018,10,Africa,23424777,Africa,Middle Africa,452114,,23268506590,0.0,
Chile,2018,10,South America,23424782,Americas,South America,26158342,6417027.0,318767107956,0.01,0.0
China,2018,10,Asia,23424781,Asia,Eastern Asia,4512678682,96766554.0,20241821658371,0.02,0.0
Colombia,2018,10,South America,23424787,Americas,South America,1422949942,1329017991.0,583573253298,0.24,0.23
Comoros,2018,10,Africa,23424786,Africa,Eastern Africa,416425497,206442488.0,1571463783,26.5,13.14
Costa Rica,2018,10,North America,23424791,Americas,Central America,524640129,149187554.0,71384325246,0.73,0.21
Dem. Rep. Korea,2018,10,Asia,23424865,Asia,Eastern Asia,47533771,16561643.0,47673257626,0.1,0.03
Democratic Republic of the Congo,2018,10,Africa,23424780,Africa,Middle Africa,170857674,161040636.0,60521760108,0.28,0.27
Djibouti,2018,10,Africa,23424797,Africa,Eastern Africa,6896048,,3201499760,0.22,
Dominica,2018,10,North America,23424798,Americas,Caribbean,578029625,,595039463,97.14,
Ecuador,2018,10,South America,23424801,Americas,South America,7727190673,1227722247.0,148961759899,5.19,0.82
El Salvador,2018,10,North America,23424807,Americas,Central America,17111583760,13887182616.0,41983953933,40.76,33.08
Equatorial Guinea,2018,10,Africa,23424804,Africa,Middle Africa,305261634,,19869421113,1.54,
Eritrea,2018,10,Africa,23424806,Africa,Eastern Africa,15623273,8646956.0,7726460696,0.2,0.11
Ethiopia,2018,10,Africa,23424808,Africa,Eastern Africa,1976257980,245170446.0,170665471037,1.16,0.14
Fiji,2018,10,Oceania,23424813,Oceania,Melanesia,5140384,,7700555992,0.07,
France,2018,10,Europe,-90,Europe,Western Europe,7694790137,942248071.0,2169295634187,0.35,0.04
French Southern and Antarctic Lands,2018,10,Seven seas (open ocean),28289406,Seven seas (open ocean),Seven seas (open ocean),0,,0,,
Georgia,2018,10,Asia,23424823,Asia,Western Asia,2072970,,36308517934,0.01,
Germany,2018,10,Europe,23424829,Europe,Western Europe,195973128,,3214031229597,0.01,
Greece,2018,10,Europe,23424833,Europe,Southern Europe,50602899,49059635.0,216894008372,0.02,0.02
Grenada,2018,10,North America,23424826,Americas,Caribbean,306517517,18641701.0,1221128902,25.1,1.53
Guatemala,2018,10,North America,23424834,Americas,Central America,5009634075,1588387731.0,119727758803,4.18,1.33
Heard I. and McDonald Islands,2018,10,Seven seas (open ocean),28289411,Seven seas (open ocean),Seven seas (open ocean),0,,0,,
Honduras,2018,10,North America,23424841,Americas,Central America,69212818,,38229667343,0.18,
Iceland,2018,10,Europe,23424845,Europe,Northern Europe,584887047,21342877.0,13700603159,4.27,0.16
Indonesia,2018,10,Asia,23424846,Asia,South-Eastern Asia,31222519876,15686182768.0,2744214785034,1.14,0.57
Iran,2018,10,Asia,23424851,Asia,Southern Asia,45034950,,1250602192182,0.0,
Italy,2018,10,Europe,23424853,Europe,Southern Europe,75339043941,68887964275.0,1705774962787,4.42,4.04
Japan,2018,10,Asia,23424856,Asia,Eastern Asia,7207987311,4240657822.0,4373593404123,0.16,0.1
Jordan,2018,10,Asia,23424860,Asia,Western Asia,126570,,75794673101,0.0,
Kenya,2018,10,Africa,23424863,Africa,Eastern Africa,1711557868,,118620058862,1.44,
Mexico,2018,10,North America,23424900,Americas,Central America,1357288783,283214558.0,1810299965073,0.07,0.02
Mongolia,2018,10,Asia,23424887,Asia,Eastern Asia,2584343,,34820534604,0.01,
Montserrat,2018,10,North America,23424888,Americas,Caribbean,23975030,23975030.0,23975030,100.0,100.0
Myanmar,2018,10,Asia,23424763,Asia,South-Eastern Asia,51771154,,252014658315,0.02,
Netherlands,2018,10,Europe,-90,Europe,Western Europe,115115909,,721998777412,0.02,
New Zealand,2018,10,Oceania,23424916,Oceania,Australia and New Zealand,31193291100,641789.0,126364365461,24.69,0.0
Nicaragua,2018,10,North America,23424915,Americas,Central America,14727986969,2386107896.0,29046576584,50.7,8.21
Niger,2018,10,Africa,23424906,Africa,Western Africa,1966601,,25194987379,0.01,
Northern Mariana Islands,2018,10,Oceania,23424788,Oceania,Micronesia,0,,1606610517,0.0,
Norway,2018,10,Europe,-90,Europe,Northern Europe,398405,,258898132413,0.0,
Panama,2018,10,North America,23424924,Americas,Central America,28543494,,82715008048,0.03,
Papua New Guinea,2018,10,Oceania,23424926,Oceania,Melanesia,246604533,103717950.0,18304202498,1.35,0.57
Peru,2018,10,South America,23424919,Americas,South America,18617955,1586551.0,358844212481,0.01,0.0
Philippines,2018,10,Asia,23424934,Asia,South-Eastern Asia,3712653843,539704478.0,746291018161,0.5,0.07
Portugal,2018,10,Europe,23424925,Europe,Southern Europe,2518201952,44018336.0,214408426475,1.17,0.02
Republic of Cabo Verde,2018,10,Africa,23424794,Africa,Western Africa,84683040,84683040.0,2703072863,3.13,3.13
Republic of Korea,2018,10,Asia,23424868,Asia,Eastern Asia,72819728,,1815147722083,0.0,
Russian Federation,2018,10,Europe,23424936,Europe,Eastern Europe,11566773,1167173.0,2340848977754,0.0,0.0
Rwanda,2018,10,Africa,23424937,Africa,Eastern Africa,274455491,2743512.0,20838300978,1.32,0.01
Saint Helena,2018,10,Seven seas (open ocean),23424944,Africa,Western Africa,10140802,,48576265,20.88,
Saint Kitts and Nevis,2018,10,North America,23424940,Americas,Caribbean,368180311,217601912.0,1018802252,36.14,21.36
Saint Lucia,2018,10,North America,23424951,Americas,Caribbean,71365631,,1798439837,3.97,
Saint Vincent and the Grenadines,2018,10,North America,23424981,Americas,Caribbean,46020084,46020084.0,567732711,8.11,8.11
Samoa,2018,10,Oceania,23424992,Oceania,Polynesia,120781050,,802441779,15.05,
Saudi Arabia,2018,10,Asia,23424938,Asia,Western Asia,4188540884,,1679730929559,0.25,
South Africa,2018,10,Africa,23424942,Africa,Southern Africa,0,,622191162422,0.0,
South Georgia and the Islands,2018,10,Seven seas (open ocean),23424955,Seven seas (open ocean),Seven seas (open ocean),0,,0,,
Spain,2018,10,Europe,23424950,Europe,Southern Europe,1861161275,1025710733.0,1325554673061,0.14,0.08
Sudan,2018,10,Africa,-90,Africa,Northern Africa,18960922,,153109077491,0.01,
Taiwan,2018,10,Asia,23424971,Asia,Eastern Asia,9705621010,,540070729814,1.8,
Tanzania,2018,10,Africa,23424973,Africa,Eastern Africa,242434509,65505936.0,131490157133,0.18,0.05
Turkey,2018,10,Asia,23424969,Asia,Western Asia,57865243,1676450.0,1478526423354,0.0,0.0
Uganda,2018,10,Africa,23424974,Africa,Eastern Africa,676653368,,57101435735,1.19,
United States,2018,10,North America,23424977,Americas,Northern America,401729620,8702112.0,15962086354673,0.0,0.0
Vanuatu,2018,10,Oceania,23424907,Oceania,Melanesia,30411503,24031398.0,655372766,4.64,3.67
Yemen,2018,10,Asia,23425002,Asia,Western Asia,152625455,99252682.0,54357551509,0.28,0.18
Algeria,2019,10,Africa,23424740,Africa,Northern Africa,198031,,520615023284,0.0,
American Samoa,2019,10,Oceania,23424746,Oceania,Polynesia,529340041,,565616847,93.59,
Antarctica,2019,10,Antarctica,28289409,Antarctica,Antarctica,0,0.0,0,,
Argentina,2019,10,South America,23424747,Americas,South America,1412161,12401.0,688308397087,0.0,0.0
Armenia,2019,10,Asia,23424743,Asia,Western Asia,10834164,,29653884837,0.04,
Australia,2019,10,Oceania,-90,Oceania,Australia and New Zealand,426656,,949684665212,0.0,
Azerbaijan,2019,10,Asia,23424741,Asia,Western Asia,7979422,,137124017385,0.01,
Bolivia,2019,10,South America,23424762,Americas,South America,807280,,71324643979,0.0,
Cameroon,2019,10,Africa,23424785,Africa,Middle Africa,143279812,116942316.0,74618771871,0.19,0.16
Canada,2019,10,North America,23424775,Americas,Northern America,333521,1186.0,1486438859574,0.0,0.0
Chad,2019,10,Africa,23424777,Africa,Middle Africa,502875,,24003909287,0.0,
Chile,2019,10,South America,23424782,Americas,South America,25131454,5920798.0,322069997212,0.01,0.0
China,2019,10,Asia,23424781,Asia,Eastern Asia,5846003948,133736118.0,21378321744316,0.03,0.0
Colombia,2019,10,South America,23424787,Americas,South America,1708460966,1582396521.0,603029009359,0.28,0.26
Comoros,2019,10,Africa,23424786,Africa,Eastern Africa,415643339,199734701.0,1576895055,26.36,12.67
Costa Rica,2019,10,North America,23424791,Americas,Central America,551070632,170853744.0,72883174568,0.76,0.23
Dem. Rep. Korea,2019,10,Asia,23424865,Asia,Eastern Asia,54280757,16534807.0,48381016911,0.11,0.03
Democratic Republic of the Congo,2019,10,Africa,23424780,Africa,Middle Africa,204516332,194414672.0,63264177086,0.32,0.31
Djibouti,2019,10,Africa,23424797,Africa,Eastern Africa,6673818,,4265887719,0.16,
Dominica,2019,10,North America,23424798,Americas,Caribbean,603454344,,617282444,97.76,
Ecuador,2019,10,South America,23424801,Americas,South America,7696132638,920103876.0,149849557402,5.14,0.61
El Salvador,2019,10,North America,23424807,Americas,Central America,17999603239,14506873121.0,43013722317,41.85,33.73
Equatorial Guinea,2019,10,Africa,23424804,Africa,Middle Africa,299800681,,19106442316,1.57,
Eritrea,2019,10,Africa,23424806,Africa,Eastern Africa,15544342,8426382.0,7822140971,0.2,0.11
Ethiopia,2019,10,Africa,23424808,Africa,Eastern Africa,2175013800,218486769.0,184887010183,1.18,0.12
Fiji,2019,10,Oceania,23424813,Oceania,Melanesia,5251698,,7262068533,0.07,
France,2019,10,Europe,-90,Europe,Western Europe,8234515331,944257227.0,2190429887499,0.38,0.04
French Southern and Antarctic Lands,2019,10,Seven seas (open ocean),28289406,Seven seas (open ocean),Seven seas (open ocean),0,,0,,
Georgia,2019,10,Asia,23424823,Asia,Western Asia,1556007,,38871247212,0.0,
Germany,2019,10,Europe,23424829,Europe,Western Europe,211154021,,3240768842925,0.01,
Greece,2019,10,Europe,23424833,Europe,Southern Europe,61035845,58294302.0,218235332115,0.03,0.03
Grenada,2019,10,North America,23424826,Americas,Caribbean,291268969,28254949.0,1123818226,25.92,2.51
Guatemala,2019,10,North America,23424834,Americas,Central America,5640789860,2064803638.0,124658973640,4.52,1.66
Heard I. and McDonald Islands,2019,10,Seven seas (open ocean),28289411,Seven seas (open ocean),Seven seas (open ocean),0,,0,,
Honduras,2019,10,North America,23424841,Americas,Central America,90319028,,39065342923,0.23,
Iceland,2019,10,Europe,23424845,Europe,Northern Europe,61522167,2691133.0,14032086361,0.44,0.02
Indonesia,2019,10,Asia,23424846,Asia,South-Eastern Asia,34200782446,15948171856.0,2882228320553,1.19,0.55
Iran,2019,10,Asia,23424851,Asia,Southern Asia,35477177,,1162655318784,0.0,
Italy,2019,10,Europe,23424853,Europe,Southern Europe,69296262976,62558464391.0,1722541332433,4.02,3.63
Japan,2019,10,Asia,23424856,Asia,Eastern Asia,7903180104,4435074196.0,4370428168962,0.18,0.1
Jordan,2019,10,Asia,23424860,Asia,Western Asia,131808,,77300228574,0.0,
Kenya,2019,10,Africa,23424863,Africa,Eastern Africa,1155395241,,124886156961,0.93,
Mexico,2019,10,North America,23424900,Americas,Central America,1995727872,373581073.0,1805190563062,0.11,0.02
Mongolia,2019,10,Asia,23424887,Asia,Eastern Asia,2089824,,36633840799,0.01,
Montserrat,2019,10,North America,23424888,Americas,Caribbean,44524465,44524465.0,44524465,100.0,100.0
Myanmar,2019,10,Asia,23424763,Asia,South-Eastern Asia,45664254,,255641466998,0.02,
Netherlands,2019,10,Europe,-90,Europe,Western Europe,117575251,,730537076885,0.02,
New Zealand,2019,10,Oceania,23424916,Oceania,Australia and New Zealand,33218519726,616674.0,130898299216,25.38,0.0
Nicaragua,2019,10,North America,23424915,Americas,Central America,13571797467,2158072164.0,27947062845,48.56,7.72
Niger,2019,10,Africa,23424906,Africa,Western Africa,1997211,,26680928713,0.01,
Northern Mariana Islands,2019,10,Oceania,23424788,Oceania,Micronesia,0,,1574669640,0.0,
Norway,2019,10,Europe,-90,Europe,Northern Europe,406451,,258719089000,0.0,
Panama,2019,10,North America,23424924,Americas,Central America,28069446,,85954254054,0.03,
Papua New Guinea,2019,10,Oceania,23424926,Oceania,Melanesia,244538730,103666317.0,19314925235,1.27,0.54
Peru,2019,10,South America,23424919,Americas,South America,18130873,1223275.0,365762381269,0.0,0.0
Philippines,2019,10,Asia,23424934,Asia,South-Eastern Asia,4592396292,557720606.0,792890456440,0.58,0.07
Portugal,2019,10,Europe,23424925,Europe,Southern Europe,1868326190,45584343.0,212879137420,0.88,0.02
Republic of Cabo Verde,2019,10,Africa,23424794,Africa,Western Africa,88335943,88335943.0,2751822179,3.21,3.21
Republic of Korea,2019,10,Asia,23424868,Asia,Eastern Asia,55690297,,1839660238082,0.0,
Russian Federation,2019,10,Europe,23424936,Europe,Eastern Europe,13457205,1137380.0,2391517654429,0.0,0.0
Rwanda,2019,10,Africa,23424937,Africa,Eastern Africa,255720778,2744853.0,22832086899,1.12,0.01
Saint Helena,2019,10,Seven seas (open ocean),23424944,Africa,Western Africa,14148909,,25366149,55.78,
Saint Kitts and Nevis,2019,10,North America,23424940,Americas,Caribbean,276458455,144377592.0,1016653670,27.19,14.2
Saint Lucia,2019,10,North America,23424951,Americas,Caribbean,79948467,,1940753166,4.12,
Saint Vincent and the Grenadines,2019,10,North America,23424981,Americas,Caribbean,32156959,32156959.0,397898146,8.08,8.08
Samoa,2019,10,Oceania,23424992,Oceania,Polynesia,151023010,,922182605,16.38,
Saudi Arabia,2019,10,Asia,23424938,Asia,Western Asia,4477684954,,1683311365415,0.27,
South Africa,2019,10,Africa,23424942,Africa,Southern Africa,0,,622252822267,0.0,
South Georgia and the Islands,2019,10,Seven seas (open ocean),23424955,Seven seas (open ocean),Seven seas (open ocean),0,,0,,
Spain,2019,10,Europe,23424950,Europe,Southern Europe,1959621895,1000952032.0,1327987265364,0.15,0.08
Sudan,2019,10,Africa,-90,Africa,Northern Africa,17361925,,150443639501,0.01,
Taiwan,2019,10,Asia,23424971,Asia,Eastern Asia,8804839183,,540943265299,1.63,
Tanzania,2019,10,Africa,23424973,Africa,Eastern Africa,259425165,63890680.0,139654172487,0.19,0.05
Turkey,2019,10,Asia,23424969,Asia,Western Asia,77045720,1498732.0,1486379227411,0.01,0.0
Uganda,2019,10,Africa,23424974,Africa,Eastern Africa,625602362,,61035040774,1.02,
United States,2019,10,North America,23424977,Americas,Northern America,613955742,8352167.0,16343182864921,0.0,0.0
Vanuatu,2019,10,Oceania,23424907,Oceania,Melanesia,32231643,25310444.0,644214971,5.0,3.93
Yemen,2019,10,Asia,23425002,Asia,Western Asia,135403745,89613277.0,55653064839,0.24,0.16
Algeria,2020,10,Africa,23424740,Africa,Northern Africa,191422,,512219586408,0.0,
American Samoa,2020,10,Oceania,23424746,Oceania,Polynesia,535134123,,570666235,93.77,
Antarctica,2020,10,Antarctica,28289409,Antarctica,Antarctica,0,0.0,0,,
Argentina,2020,10,South America,23424747,Americas,South America,1460120,12334.0,671404046293,0.0,0.0
Armenia,2020,10,Asia,23424743,Asia,Western Asia,10620774,,28872368154,0.04,
Australia,2020,10,Oceania,-90,Oceania,Australia and New Zealand,436872,,969598882187,0.0,
Azerbaijan,2020,10,Asia,23424741,Asia,Western Asia,9288061,,134798514864,0.01,
Bolivia,2020,10,South America,23424762,Americas,South America,847669,,69493483520,0.0,
Cameroon,2020,10,Africa,23424785,Africa,Middle Africa,145762813,118672942.0,76130017605,0.19,0.16
Canada,2020,10,North America,23424775,Americas,Northern America,299836,4811.0,1482696939290,0.0,0.0
Chad,2020,10,Africa,23424777,Africa,Middle Africa,510961,,23944688123,0.0,
Chile,2020,10,South America,23424782,Americas,South America,24929543,6062773.0,323603100706,0.01,0.0
China,2020,10,Asia,23424781,Asia,Eastern Asia,5924574678,132057280.0,22430937382663,0.03,0.0
Colombia,2020,10,South America,23424787,Americas,South America,1563109892,1437135173.0,594315771104,0.26,0.24
Comoros,2020,10,Africa,23424786,Africa,Eastern Africa,433248796,214054239.0,1630316353,26.57,13.13
Costa Rica,2020,10,North America,23424791,Americas,Central America,578817693,168543487.0,72109025131,0.8,0.23
Dem. Rep. Korea,2020,10,Asia,23424865,Asia,Eastern Asia,52987589,15850885.0,48352715642,0.11,0.03
Democratic Republic of the Congo,2020,10,Africa,23424780,Africa,Middle Africa,190303922,179653266.0,65049740563,0.29,0.28
Djibouti,2020,10,Africa,23424797,Africa,Eastern Africa,7111403,,4356512167,0.16,
Dominica,2020,10,North America,23424798,Americas,Caribbean,560358294,,570701361,98.19,
Ecuador,2020,10,South America,23424801,Americas,South America,7329023922,833274962.0,144550937771,5.07,0.58
El Salvador,2020,10,North America,23424807,Americas,Central America,17426230540,13793235347.0,42456151227,41.05,32.49
Equatorial Guinea,2020,10,Africa,23424804,Africa,Middle Africa,439271115,,18858033411,2.33,
Eritrea,2020,10,Africa,23424806,Africa,Eastern Africa,16692665,8751187.0,7984865605,0.21,0.11
Ethiopia,2020,10,Africa,23424808,Africa,Eastern Africa,2185427955,192376156.0,192084718202,1.14,0.1
Fiji,2020,10,Oceania,23424813,Oceania,Melanesia,4367060,,6424965861,0.07,
France,2020,10,Europe,-90,Europe,Western Europe,8415677155,996446828.0,2147297889629,0.39,0.05
French Southern and Antarctic Lands,2020,10,Seven seas (open ocean),28289406,Seven seas (open ocean),Seven seas (open ocean),0,,0,,
Georgia,2020,10,Asia,23424823,Asia,Western Asia,1400269,,38921762589,0.0,
Germany,2020,10,Europe,23424829,Europe,Western Europe,199240445,,3208876431637,0.01,
Greece,2020,10,Europe,23424833,Europe,Southern Europe,52414421,49395810.0,212475675795,0.02,0.02
Grenada,2020,10,North America,23424826,Americas,Caribbean,282125195,24678354.0,1062024354,26.56,2.32
Guatemala,2020,10,North America,23424834,Americas,Central America,6194692360,2258086637.0,126779513676,4.89,1.78
Heard I. and McDonald Islands,2020,10,Seven seas (open ocean),28289411,Seven seas (open ocean),Seven seas (open ocean),0,,0,,
Honduras,2020,10,North America,23424841,Americas,Central America,101424406,,37715313697,0.27,
Iceland,2020,10,Europe,23424845,Europe,Northern Europe,421730210,19228071.0,13113508130,3.22,0.15
Indonesia,2020,10,Asia,23424846,Asia,South-Eastern Asia,35796245127,16846572652.0,2886602315948,1.24,0.58
Iran,2020,10,Asia,23424851,Asia,Southern Asia,39701476,,1209029896896,0.0,
Italy,2020,10,Europe,23424853,Europe,Southern Europe,67961684150,61348999822.0,1681719602630,4.04,3.65
Japan,2020,10,Asia,23424856,Asia,Eastern Asia,7627088410,4173651291.0,4442148524690,0.17,0.09
Jordan,2020,10,Asia,23424860,Asia,Western Asia,150763,,77072514710,0.0,
Kenya,2020,10,Africa,23424863,Africa,Eastern Africa,1174919509,,127719490803,0.92,
Mexico,2020,10,North America,23424900,Americas,Central America,1926912337,360666982.0,1774757693832,0.11,0.02
Mongolia,2020,10,Asia,23424887,Asia,Eastern Asia,1611713,,36343087474,0.0,
Montserrat,2020,10,North America,23424888,Americas,Caribbean,46116601,46116601.0,46116601,100.0,100.0
Myanmar,2020,10,Asia,23424763,Asia,South-Eastern Asia,35964882,,223262169157,0.02,
Netherlands,2020,10,Europe,-90,Europe,Western Europe,116697890,,724933708739,0.02,
New Zealand,2020,10,Oceania,23424916,Oceania,Australia and New Zealand,33526494450,666431.0,132856135957,25.24,0.0
Nicaragua,2020,10,North America,23424915,Americas,Central America,13507767589,2281637432.0,28619284112,47.2,7.97
Niger,2020,10,Africa,23424906,Africa,Western Africa,2057717,,27595637589,0.01,
Northern Mariana Islands,2020,10,Oceania,23424788,Oceania,Micronesia,0,,1590996723,0.0,
Norway,2020,10,Europe,-90,Europe,Northern Europe,420108,,253261481124,0.0,
Panama,2020,10,North America,23424924,Americas,Central America,26096514,,80432838780,0.03,
Papua New Guinea,2020,10,Oceania,23424926,Oceania,Melanesia,240141348,100127881.0,18879942110,1.27,0.53
Peru,2020,10,South America,23424919,Americas,South America,21146162,1442938.0,356287365532,0.01,0.0
Philippines,2020,10,Asia,23424934,Asia,South-Eastern Asia,4511370996,577555566.0,755555490779,0.6,0.08
Portugal,2020,10,Europe,23424925,Europe,Southern Europe,2017002063,44792061.0,204520088526,0.99,0.02
Republic of Cabo Verde,2020,10,Africa,23424794,Africa,Western Africa,80024991,80024991.0,2571719908,3.11,3.11
Republic of Korea,2020,10,Asia,23424868,Asia,Eastern Asia,58550861,,1864948633969,0.0,
Russian Federation,2020,10,Europe,23424936,Europe,Eastern Europe,11736277,1030086.0,2412627918911,0.0,0.0
Rwanda,2020,10,Africa,23424937,Africa,Eastern Africa,241127672,2872371.0,22812835540,1.06,0.01
Saint Helena,2020,10,Seven seas (open ocean),23424944,Africa,Western Africa,11464004,,23060647,49.71,
Saint Kitts and Nevis,2020,10,North America,23424940,Americas,Caribbean,274780671,148039594.0,957291523,28.7,15.46
Saint Lucia,2020,10,North America,23424951,Americas,Caribbean,78079340,,1764059077,4.43,
Saint Vincent and the Grenadines,2020,10,North America,23424981,Americas,Caribbean,34650709,34650709.0,409127638,8.47,8.47
Samoa,2020,10,Oceania,23424992,Oceania,Polynesia,140293374,,884177438,15.87,
Saudi Arabia,2020,10,Asia,23424938,Asia,Western Asia,4420363013,,1677420311676,0.26,
South Africa,2020,10,Africa,23424942,Africa,Southern Africa,0,,609026439459,0.0,
South Georgia and the Islands,2020,10,Seven seas (open ocean),23424955,Seven seas (open ocean),Seven seas (open ocean),0,,0,,
Spain,2020,10,Europe,23424950,Europe,Southern Europe,2047009682,1101518248.0,1270681589647,0.16,0.09
Sudan,2020,10,Africa,-90,Africa,Northern Africa,16457757,,151478091154,0.01,
Taiwan,2020,10,Asia,23424971,Asia,Eastern Asia,8676163314,,558398177147,1.55,
Tanzania,2020,10,Africa,23424973,Africa,Eastern Africa,262674017,62001013.0,143472762288,0.18,0.04
Turkey,2020,10,Asia,23424969,Asia,Western Asia,92348796,1601693.0,1562604242030,0.01,0.0
Uganda,2020,10,Africa,23424974,Africa,Eastern Africa,649427403,,63139419081,1.03,
United States,2020,10,North America,23424977,Americas,Northern America,622928972,10505030.0,16561372547075,0.0,0.0
Vanuatu,2020,10,Oceania,23424907,Oceania,Melanesia,26511132,20227486.0,621594315,4.27,3.25
Yemen,2020,10,Asia,23425002,Asia,Western Asia,121554405,77381209.0,56370255339,0.22,0.14
Algeria,2000,30,Africa,23424740,Africa,Northern Africa,5670622,,280807489472,0.0,
American Samoa,2000,30,Oceania,23424746,Oceania,Polynesia,664203656,,664203656,100.0,
Antarctica,2000,30,Antarctica,28289409,Antarctica,Antarctica,0,0.0,0,,
Argentina,2000,30,South America,23424747,Americas,South America,197680055,497989.0,479467320891,0.04,0.0
Armenia,2000,30,Asia,23424743,Asia,Western Asia,323596443,,9141604394,3.54,
Australia,2000,30,Oceania,-90,Oceania,Australia and New Zealand,7683502,,555824248823,0.0,
Azerbaijan,2000,30,Asia,23424741,Asia,Western Asia,29673967,,31244618901,0.09,
Bolivia,2000,30,South America,23424762,Americas,South America,7176545,,32408301826,0.02,
Cameroon,2000,30,Africa,23424785,Africa,Middle Africa,1560853308,1218890809.0,33569819994,4.65,3.63
Canada,2000,30,North America,23424775,Americas,Northern America,78678860,2147022.0,914350611474,0.01,0.0
Chad,2000,30,Africa,23424777,Africa,Middle Africa,708056,,7244319935,0.01,
Chile,2000,30,South America,23424782,Americas,South America,196385615,134980751.0,163072205424,0.12,0.08
China,2000,30,Asia,23424781,Asia,Eastern Asia,9745445614,325901648.0,4130041992721,0.24,0.01
Colombia,2000,30,South America,23424787,Americas,South America,5429037188,3540980933.0,294254703981,1.85,1.2
Comoros,2000,30,Africa,23424786,Africa,Eastern Africa,520177783,410627142.0,949509857,54.78,43.25
Costa Rica,2000,30,North America,23424791,Americas,Central America,33514415505,23298879414.0,34763464302,96.41,67.02
Dem. Rep. Korea,2000,30,Asia,23424865,Asia,Eastern Asia,310167199,36452348.0,40026072943,0.77,0.09
Democratic Republic of the Congo,2000,30,Africa,23424780,Africa,Middle Africa,184405139,167551576.0,23796226616,0.77,0.7
Djibouti,2000,30,Africa,23424797,Africa,Eastern Africa,26908335,1908778.0,1094755019,2.46,0.17
Dominica,2000,30,North America,23424798,Americas,Caribbean,454608625,,454608625,100.0,
Ecuador,2000,30,South America,23424801,Americas,South America,26834513475,23859444544.0,76143283145,35.24,31.33
El Salvador,2000,30,North America,23424807,Americas,Central America,28548682593,26135279815.0,29266913120,97.55,89.3
Equatorial Guinea,2000,30,Africa,23424804,Africa,Middle Africa,1458858766,,4987060715,29.25,
Eritrea,2000,30,Africa,23424806,Africa,Eastern Africa,90900219,18130256.0,5992765501,1.52,0.3
Ethiopia,2000,30,Africa,23424808,Africa,Eastern Africa,2491221771,214458718.0,35889658085,6.94,0.6
Fiji,2000,30,Oceania,23424813,Oceania,Melanesia,22310084,,4469862516,0.5,
France,2000,30,Europe,-90,Europe,Western Europe,33335906766,16326548220.0,1724056058926,1.93,0.95
French Southern and Antarctic Lands,2000,30,Seven seas (open ocean),28289406,Seven seas (open ocean),Seven seas (open ocean),0,,0,,
Georgia,2000,30,Asia,23424823,Asia,Western Asia,204943924,,14875485034,1.38,
Germany,2000,30,Europe,23424829,Europe,Western Europe,1216831381,,2525242288585,0.05,
Greece,2000,30,Europe,23424833,Europe,Southern Europe,54538945,18077944.0,225909979220,0.02,0.01
Grenada,2000,30,North America,23424826,Americas,Caribbean,695949442,520569114.0,695949442,100.0,74.8
Guatemala,2000,30,North America,23424834,Americas,Central America,44594970227,38410345852.0,62153885783,71.75,61.8
Heard I. and McDonald Islands,2000,30,Seven seas (open ocean),28289411,Seven seas (open ocean),Seven seas (open ocean),0,,0,,
Honduras,2000,30,North America,23424841,Americas,Central America,406187260,10783485.0,18930803903,2.15,0.06
Iceland,2000,30,Europe,23424845,Europe,Northern Europe,6269566649,149903969.0,8030592378,78.07,1.87
Indonesia,2000,30,Asia,23424846,Asia,South-Eastern Asia,191640341036,136296488183.0,1087414426171,17.62,12.53
Iran,2000,30,Asia,23424851,Asia,Southern Asia,270187878,22401114.0,752673827336,0.04,0.0
Italy,2000,30,Europe,23424853,Europe,Southern Europe,440397988396,280446758504.0,1631273792878,27.0,17.19
Japan,2000,30,Asia,23424856,Asia,Eastern Asia,172093680627,133223165090.0,3802820745483,4.53,3.5
Jordan,2000,30,Asia,23424860,Asia,Western Asia,592991,,34052392681,0.0,
Kenya,2000,30,Africa,23424863,Africa,Eastern Africa,3498969880,,50379402145,6.95,
Mexico,2000,30,North America,23424900,Americas,Central America,271542205566,3122880163.0,1254623459562,21.64,0.25
Mongolia,2000,30,Asia,23424887,Asia,Eastern Asia,24295323,,10001827270,0.24,
Montserrat,2000,30,North America,23424888,Americas,Caribbean,25251870,25251870.0,25251870,100.0,100.0
Myanmar,2000,30,Asia,23424763,Asia,South-Eastern Asia,214970936,,47753956196,0.45,
Netherlands,2000,30,Europe,-90,Europe,Western Europe,19424235,13351147.0,569603316646,0.0,0.0
New Zealand,2000,30,Oceania,23424916,Oceania,Australia and New Zealand,42521387604,1315530557.0,81123293295,52.42,1.62
Nicaragua,2000,30,North America,23424915,Americas,Central America,12464996969,12274541111.0,15761998294,79.08,77.87
Niger,2000,30,Africa,23424906,Africa,Western Africa,10455861,,9872605459,0.11,
Northern Mariana Islands,2000,30,Oceania,23424788,Oceania,Micronesia,0,,1810338282,0.0,
Norway,2000,30,Europe,-90,Europe,Northern Europe,621230,,185095765809,0.0,
Panama,2000,30,North America,23424924,Americas,Central America,153691567,,28266886970,0.54,
Papua New Guinea,2000,30,Oceania,23424926,Oceania,Melanesia,731158708,418445253.0,8456179847,8.65,4.95
Peru,2000,30,South America,23424919,Americas,South America,6235017426,11714235.0,148862256216,4.19,0.01
Philippines,2000,30,Asia,23424934,Asia,South-Eastern Asia,9127106842,4519015007.0,294203446301,3.1,1.54
Portugal,2000,30,Europe,23424925,Europe,Southern Europe,1638351813,181971591.0,180976476074,0.91,0.1
Republic of Cabo Verde,2000,30,Africa,23424794,Africa,Western Africa,80584874,80584874.0,1203709304,6.69,6.69
Republic of Korea,2000,30,Asia,23424868,Asia,Eastern Asia,1043117247,,918835141437,0.11,
Russian Federation,2000,30,Europe,23424936,Europe,Eastern Europe,1845387180,1747070481.0,1263338507264,0.15,0.14
Rwanda,2000,30,Africa,23424937,Africa,Eastern Africa,682918566,233873070.0,5571311829,12.26,4.2
Saint Helena,2000,30,Seven seas (open ocean),23424944,Africa,Western Africa,6445660,,13889590,46.41,
Saint Kitts and Nevis,2000,30,North America,23424940,Americas,Caribbean,687840143,622460209.0,687840143,100.0,90.49
Saint Lucia,2000,30,North America,23424951,Americas,Caribbean,1316929816,,1318441834,99.89,
Saint Vincent and the Grenadines,2000,30,North America,23424981,Americas,Caribbean,358484295,358484295.0,386395778,92.78,92.78
Samoa,2000,30,Oceania,23424992,Oceania,Polynesia,535197247,,599207584,89.32,
Saudi Arabia,2000,30,Asia,23424938,Asia,Western Asia,4103413192,,902023016127,0.45,
Solomon Islands,2000,30,Oceania,23424766,Oceania,Melanesia,13593555,7548218.0,546037116,2.49,1.38
South Africa,2000,30,Africa,23424942,Africa,Southern Africa,0,,386995196280,0.0,
South Georgia and the Islands,2000,30,Seven seas (open ocean),23424955,Seven seas (open ocean),Seven seas (open ocean),0,,0,,
Spain,2000,30,Europe,23424950,Europe,Southern Europe,32577056800,4661180128.0,1001126264100,3.25,0.47
Sudan,2000,30,Africa,-90,Africa,Northern Africa,83332934,,60654212742,0.14,
Taiwan,2000,30,Asia,23424971,Asia,Eastern Asia,160970507995,,401063022701,40.14,
Tanzania,2000,30,Africa,23424973,Africa,Eastern Africa,1758803077,256684413.0,43018874974,4.09,0.6
Turkey,2000,30,Asia,23424969,Asia,Western Asia,9484751853,265268496.0,598830019881,1.58,0.04
Uganda,2000,30,Africa,23424974,Africa,Eastern Africa,1225124436,,18666780889,6.56,
United States,2000,30,North America,23424977,Americas,Northern America,5458244803,174904496.0,11180736613276,0.05,0.0
Vanuatu,2000,30,Oceania,23424907,Oceania,Melanesia,170843503,99645026.0,366585260,46.6,27.18
Vatican,2000,30,Europe,23424986,Europe,Southern Europe,487579928,,487579928,100.0,
Yemen,2000,30,Asia,23425002,Asia,Western Asia,20224217283,19637537898.0,60905057745,33.21,32.24
Algeria,2001,30,Africa,23424740,Africa,Northern Africa,7462461,,293394425710,0.0,
American Samoa,2001,30,Oceania,23424746,Oceania,Polynesia,707217106,,707217106,100.0,
Antarctica,2001,30,Antarctica,28289409,Antarctica,Antarctica,0,0.0,0,,
Argentina,2001,30,South America,23424747,Americas,South America,162379987,512492.0,458137370995,0.04,0.0
Armenia,2001,30,Asia,23424743,Asia,Western Asia,544781386,,10007740347,5.44,
Australia,2001,30,Oceania,-90,Oceania,Australia and New Zealand,7009518,,565542260973,0.0,
Azerbaijan,2001,30,Asia,23424741,Asia,Western Asia,46241920,,34331573867,0.13,
Bolivia,2001,30,South America,23424762,Americas,South America,7437851,,32954547853,0.02,
Cameroon,2001,30,Africa,23424785,Africa,Middle Africa,1551343848,1226314587.0,35151798251,4.41,3.49
Canada,2001,30,North America,23424775,Americas,Northern America,110118510,2265127.0,935805265198,0.01,0.0
Chad,2001,30,Africa,23424777,Africa,Middle Africa,980655,,8058737438,0.01,
Chile,2001,30,South America,23424782,Americas,South America,288577419,225410052.0,168549492055,0.17,0.13
China,2001,30,Asia,23424781,Asia,Eastern Asia,11585744425,450876034.0,4490078337894,0.26,0.01
Colombia,2001,30,South America,23424787,Americas,South America,6340698998,4323222340.0,299202075207,2.12,1.44
Comoros,2001,30,Africa,23424786,Africa,Eastern Africa,536148354,423364664.0,975488042,54.96,43.4
Costa Rica,2001,30,North America,23424791,Americas,Central America,34656532529,25430493733.0,35975828052,96.33,70.69
Dem. Rep. Korea,2001,30,Asia,23424865,Asia,Eastern Asia,320402220,38891751.0,41383566069,0.77,0.09
Democratic Republic of the Congo,2001,30,Africa,23424780,Africa,Middle Africa,158930381,146485530.0,23389064465,0.68,0.63
Djibouti,2001,30,Africa,23424797,Africa,Eastern Africa,19026853,1477493.0,738962753,2.57,0.2
Dominica,2001,30,North America,23424798,Americas,Caribbean,467459115,,467459115,100.0,
Ecuador,2001,30,South America,23424801,Americas,South America,30386068188,27678998473.0,77710365331,39.1,35.62
El Salvador,2001,30,North America,23424807,Americas,Central America,28832003230,25817268357.0,29566877295,97.51,87.32
Equatorial Guinea,2001,30,Africa,23424804,Africa,Middle Africa,1756787752,,7026090413,25.0,
Eritrea,2001,30,Africa,23424806,Africa,Eastern Africa,95925457,18863780.0,6511759927,1.47,0.29
Ethiopia,2001,30,Africa,23424808,Africa,Eastern Africa,2608582504,222823243.0,38875005326,6.71,0.57
Fiji,2001,30,Oceania,23424813,Oceania,Melanesia,17628543,,4754272350,0.37,
France,2001,30,Europe,-90,Europe,Western Europe,32517571386,17368506024.0,1764075252257,1.84,0.98
French Southern and Antarctic Lands,2001,30,Seven seas (open ocean),28289406,Seven seas (open ocean),Seven seas (open ocean),0,,0,,
Georgia,2001,30,Asia,23424823,Asia,Western Asia,194205247,,15733998610,1.23,
Germany,2001,30,Europe,23424829,Europe,Western Europe,1374988853,,2566379833654,0.05,
Greece,2001,30,Europe,23424833,Europe,Southern Europe,63984165,26500709.0,238678664977,0.03,0.01
Grenada,2001,30,North America,23424826,Americas,Caribbean,741762478,412811145.0,741762478,100.0,55.65
Guatemala,2001,30,North America,23424834,Americas,Central America,43968669384,36961839983.0,63557291926,69.18,58.16
Heard I. and McDonald Islands,2001,30,Seven seas (open ocean),28289411,Seven seas (open ocean),Seven seas (open ocean),0,,0,,
Honduras,2001,30,North America,23424841,Americas,Central America,419711563,10859241.0,19511560898,2.15,0.06
Iceland,2001,30,Europe,23424845,Europe,Northern Europe,6603432311,185622870.0,8535742686,77.36,2.17
Indonesia,2001,30,Asia,23424846,Asia,South-Eastern Asia,198326653011,143716991578.0,1127434684029,17.59,12.75
Iran,2001,30,Asia,23424851,Asia,Southern Asia,304900071,17268313.0,758485200443,0.04,0.0
Italy,2001,30,Europe,23424853,Europe,Southern Europe,475171149871,301614931598.0,1675742133984,28.36,18.0
Japan,2001,30,Asia,23424856,Asia,Eastern Asia,191403708029,146216398875.0,3816833282642,5.01,3.83
Jordan,2001,30,Asia,23424860,Asia,Western Asia,709753,,35863072201,0.0,
Kenya,2001,30,Africa,23424863,Africa,Eastern Africa,3303952699,,52312275300,6.32,
Mexico,2001,30,North America,23424900,Americas,Central America,259566375564,3700164993.0,1253807542105,20.7,0.3
Mongolia,2001,30,Asia,23424887,Asia,Eastern Asia,21969519,,10297294511,0.21,
Montserrat,2001,30,North America,23424888,Americas,Caribbean,17126036,17126036.0,17126036,100.0,100.0
Myanmar,2001,30,Asia,23424763,Asia,South-Eastern Asia,250398746,,53224061799,0.47,
Netherlands,2001,30,Europe,-90,Europe,Western Europe,26772429,18963678.0,581164261990,0.0,0.0
New Zealand,2001,30,Oceania,23424916,Oceania,Australia and New Zealand,44527698479,2111667995.0,84354354377,52.79,2.5
Nicaragua,2001,30,North America,23424915,Americas,Central America,13148088060,12967027375.0,16238406120,80.97,79.85
Niger,2001,30,Africa,23424906,Africa,Western Africa,11264878,,10585861594,0.11,
Northern Mariana Islands,2001,30,Oceania,23424788,Oceania,Micronesia,0,,1827567754,0.0,
Norway,2001,30,Europe,-90,Europe,Northern Europe,584488,,190809993991,0.0,
Panama,2001,30,North America,23424924,Americas,Central America,146508818,,28437577309,0.52,
Papua New Guinea,2001,30,Oceania,23424926,Oceania,Melanesia,681378446,383036758.0,8468650895,8.05,4.52
Peru,2001,30,South America,23424919,Americas,South America,7663146975,12237587.0,150107058458,5.11,0.01
Philippines,2001,30,Asia,23424934,Asia,South-Eastern Asia,9917160261,4817159190.0,302021215215,3.28,1.59
Portugal,2001,30,Europe,23424925,Europe,Southern Europe,2753076969,148900131.0,198057692994,1.39,0.08
Republic of Cabo Verde,2001,30,Africa,23424794,Africa,Western Africa,75068704,75068704.0,1250835936,6.0,6.0
Republic of Korea,2001,30,Asia,23424868,Asia,Eastern Asia,1485208448,,968886633909,0.15,
Russian Federation,2001,30,Europe,23424936,Europe,Eastern Europe,1718395534,1580014559.0,1329022851808,0.13,0.12
Rwanda,2001,30,Africa,23424937,Africa,Eastern Africa,781910119,266386793.0,6018301624,12.99,4.43
Saint Helena,2001,30,Seven seas (open ocean),23424944,Africa,Western Africa,5012396,,28405968,17.65,
Saint Kitts and Nevis,2001,30,North America,23424940,Americas,Caribbean,741690802,663477579.0,741690802,100.0,89.45
Saint Lucia,2001,30,North America,23424951,Americas,Caribbean,1279917619,,1281030076,99.91,
Saint Vincent and the Grenadines,2001,30,North America,23424981,Americas,Caribbean,481827448,481827448.0,507793980,94.89,94.89
Samoa,2001,30,Oceania,23424992,Oceania,Polynesia,535548642,,601804746,88.99,
Saudi Arabia,2001,30,Asia,23424938,Asia,Western Asia,5025787723,,892298118209,0.56,
Solomon Islands,2001,30,Oceania,23424766,Oceania,Melanesia,13013316,5634448.0,499845322,2.6,1.13
South Africa,2001,30,Africa,23424942,Africa,Southern Africa,0,,397741039838,0.0,
South Georgia and the Islands,2001,30,Seven seas (open ocean),23424955,Seven seas (open ocean),Seven seas (open ocean),0,,0,,
Spain,2001,30,Europe,23424950,Europe,Southern Europe,33447250539,5252312817.0,1052848298689,3.18,0.5
Sudan,2001,30,Africa,-90,Africa,Northern Africa,84660135,,64772183448,0.13,
Taiwan,2001,30,Asia,23424971,Asia,Eastern Asia,165472333024,,417018920491,39.68,
Tanzania,2001,30,Africa,23424973,Africa,Eastern Africa,1684056879,266321025.0,45543739498,3.7,0.58
Turkey,2001,30,Asia,23424969,Asia,Western Asia,7618484896,135465243.0,573065422337,1.33,0.02
Uganda,2001,30,Africa,23424974,Africa,Eastern Africa,1179088331,,19634267657,6.01,
United States,2001,30,North America,23424977,Americas,Northern America,6092208161,170597197.0,11327910347854,0.05,0.0
Vanuatu,2001,30,Oceania,23424907,Oceania,Melanesia,193218443,93893470.0,372402423,51.88,25.21
Vatican,2001,30,Europe,23424986,Europe,Southern Europe,462931340,,462931340,100.0,
Yemen,2001,30,Asia,23425002,Asia,Western Asia,21657209428,20988381386.0,61402944446,35.27,34.18
Algeria,2002,30,Africa,23424740,Africa,Northern Africa,7993090,,309033077338,0.0,
American Samoa,2002,30,Oceania,23424746,Oceania,Polynesia,714380560,,714380560,100.0,
Antarctica,2002,30,Antarctica,28289409,Antarctica,Antarctica,0,0.0,0,,
Argentina,2002,30,South America,23424747,Americas,South America,239989311,548030.0,408155169293,0.06,0.0
Armenia,2002,30,Asia,23424743,Asia,Western Asia,366470464,,11334136685,3.23,
Australia,2002,30,Oceania,-90,Oceania,Australia and New Zealand,7280018,,586554351888,0.0,
Azerbaijan,2002,30,Asia,23424741,Asia,Western Asia,32637253,,37720940800,0.09,
Bolivia,2002,30,South America,23424762,Americas,South America,7112066,,33767682382,0.02,
Cameroon,2002,30,Africa,23424785,Africa,Middle Africa,1397138454,1109089617.0,36700835231,3.81,3.02
Canada,2002,30,North America,23424775,Americas,Northern America,80051864,2435424.0,966969282669,0.01,0.0
Chad,2002,30,Africa,23424777,Africa,Middle Africa,1062345,,8729740119,0.01,
Chile,2002,30,South America,23424782,Americas,South America,262843296,195316448.0,173919308103,0.15,0.11
China,2002,30,Asia,23424781,Asia,Eastern Asia,14496626729,562316786.0,4893719799516,0.3,0.01
Colombia,2002,30,South America,23424787,Americas,South America,6974397828,4411762749.0,306427272075,2.28,1.44
Comoros,2002,30,Africa,23424786,Africa,Eastern Africa,554477668,444846826.0,999864850,55.46,44.49
Costa Rica,2002,30,North America,23424791,Americas,Central America,35715863107,26025243049.0,37196183458,96.02,69.97
Dem. Rep. Korea,2002,30,Asia,23424865,Asia,Eastern Asia,316106930,37324598.0,41736592263,0.76,0.09
Democratic Republic of the Congo,2002,30,Africa,23424780,Africa,Middle Africa,170574016,156950644.0,24069846789,0.71,0.65
Djibouti,2002,30,Africa,23424797,Africa,Eastern Africa,28628036,1988683.0,1035688467,2.76,0.19
Dominica,2002,30,North America,23424798,Americas,Caribbean,459925586,,459925586,100.0,
Ecuador,2002,30,South America,23424801,Americas,South America,33462715953,29999486790.0,80679932674,41.48,37.18
El Salvador,2002,30,North America,23424807,Americas,Central America,29289498862,26508866818.0,30030774709,97.53,88.27
Equatorial Guinea,2002,30,Africa,23424804,Africa,Middle Africa,2400624253,,9501752911,25.27,
Eritrea,2002,30,Africa,23424806,Africa,Eastern Africa,93614841,17664555.0,6707706525,1.4,0.26
Ethiopia,2002,30,Africa,23424808,Africa,Eastern Africa,2539443365,210801779.0,39471248963,6.43,0.53
Fiji,2002,30,Oceania,23424813,Oceania,Melanesia,15925386,,4874919252,0.33,
France,2002,30,Europe,-90,Europe,Western Europe,33370498044,17117688233.0,1785061850114,1.87,0.96
French Southern and Antarctic Lands,2002,30,Seven seas (open ocean),28289406,Seven seas (open ocean),Seven seas (open ocean),0,,0,,
Georgia,2002,30,Asia,23424823,Asia,Western Asia,121542220,,16530837104,0.74,
Germany,2002,30,Europe,23424829,Europe,Western Europe,1436781546,,2559185855432,0.06,
Greece,2002,30,Europe,23424833,Europe,Southern Europe,57716009,16842131.0,248650099596,0.02,0.01
Grenada,2002,30,North America,23424826,Americas,Caribbean,776803391,391408775.0,776803391,100.0,50.39
Guatemala,2002,30,North America,23424834,Americas,Central America,45214260564,38280148760.0,66024873136,68.48,57.98
Heard I. and McDonald Islands,2002,30,Seven seas (open ocean),28289411,Seven seas (open ocean),Seven seas (open ocean),0,,0,,
Honduras,2002,30,North America,23424841,Americas,Central America,463601585,10885877.0,20244896717,2.29,0.05
Iceland,2002,30,Europe,23424845,Europe,Northern Europe,6653108434,179098664.0,8552141381,77.79,2.09
Indonesia,2002,30,Asia,23424846,Asia,South-Eastern Asia,220497638894,155560284623.0,1174918965008,18.77,13.24
Iran,2002,30,Asia,23424851,Asia,Southern Asia,349411446,15791809.0,813917046531,0.04,0.0
Italy,2002,30,Europe,23424853,Europe,Southern Europe,411519500056,254196125077.0,1681583250091,24.47,15.12
Japan,2002,30,Asia,23424856,Asia,Eastern Asia,191147153385,148269410820.0,3816569635656,5.01,3.88
Jordan,2002,30,Asia,23424860,Asia,Western Asia,786208,,37943068825,0.0,
Kenya,2002,30,Africa,23424863,Africa,Eastern Africa,3093425858,,52565151517,5.88,
Mexico,2002,30,North America,23424900,Americas,Central America,256065081382,3760729404.0,1252830273146,20.44,0.3
Mongolia,2002,30,Asia,23424887,Asia,Eastern Asia,20186154,,10784016862,0.19,
Montserrat,2002,30,North America,23424888,Americas,Caribbean,17950439,17950439.0,17950439,100.0,100.0
Myanmar,2002,30,Asia,23424763,Asia,South-Eastern Asia,291442938,,59704994234,0.49,
Netherlands,2002,30,Europe,-90,Europe,Western Europe,20800220,14215245.0,583302485412,0.0,0.0
New Zealand,2002,30,Oceania,23424916,Oceania,Australia and New Zealand,45245861292,1836566675.0,88280656089,51.25,2.08
Nicaragua,2002,30,North America,23424915,Americas,Central America,13158773813,12975038243.0,16358606963,80.44,79.32
Niger,2002,30,Africa,23424906,Africa,Western Africa,12679364,,11107517408,0.11,
Northern Mariana Islands,2002,30,Oceania,23424788,Oceania,Micronesia,0,,1811128537,0.0,
Norway,2002,30,Europe,-90,Europe,Northern Europe,609892,,191718953054,0.0,
Panama,2002,30,North America,23424924,Americas,Central America,120661682,,29088420695,0.41,
Papua New Guinea,2002,30,Oceania,23424926,Oceania,Melanesia,674855379,378027131.0,8467878355,7.97,4.46
Peru,2002,30,South America,23424919,Americas,South America,9258971875,13424204.0,158091639937,5.86,0.01
Philippines,2002,30,Asia,23424934,Asia,South-Eastern Asia,11826257089,5804283771.0,311011588452,3.8,1.87
Portugal,2002,30,Europe,23424925,Europe,Southern Europe,1878505067,139053572.0,198925465498,0.94,0.07
Republic of Cabo Verde,2002,30,Africa,23424794,Africa,Western Africa,74023696,74023696.0,1365749093,5.42,5.42
Republic of Korea,2002,30,Asia,23424868,Asia,Eastern Asia,2179083683,,1041966337953,0.21,
Russian Federation,2002,30,Europe,23424936,Europe,Eastern Europe,2261137548,2129580358.0,1395071318688,0.16,0.15
Rwanda,2002,30,Africa,23424937,Africa,Eastern Africa,828667185,284912597.0,6815238857,12.16,4.18
Saint Helena,2002,30,Seven seas (open ocean),23424944,Africa,Western Africa,5004370,,27746741,18.04,
Saint Kitts and Nevis,2002,30,North America,23424940,Americas,Caribbean,726118882,629677318.0,726118882,100.0,86.72
Saint Lucia,2002,30,North America,23424951,Americas,Caribbean,1257983657,,1258940863,99.92,
Saint Vincent and the Grenadines,2002,30,North America,23424981,Americas,Caribbean,495434717,495434717.0,521664001,94.97,94.97
Samoa,2002,30,Oceania,23424992,Oceania,Polynesia,554988953,,626629599,88.57,
Saudi Arabia,2002,30,Asia,23424938,Asia,Western Asia,5033184112,,867834271054,0.58,
Solomon Islands,2002,30,Oceania,23424766,Oceania,Melanesia,12602423,5499832.0,487660222,2.58,1.13
South Africa,2002,30,Africa,23424942,Africa,Southern Africa,0,,412431487244,0.0,
South Georgia and the Islands,2002,30,Seven seas (open ocean),23424955,Seven seas (open ocean),Seven seas (open ocean),0,,0,,
Spain,2002,30,Europe,23424950,Europe,Southern Europe,34119218740,6316303394.0,1076519711254,3.17,0.59
Sudan,2002,30,Africa,-90,Africa,Northern Africa,87366278,,69290658401,0.13,
Taiwan,2002,30,Asia,23424971,Asia,Eastern Asia,179104869709,,432826141515,41.38,
Tanzania,2002,30,Africa,23424973,Africa,Eastern Africa,2091484603,288176789.0,48776947446,4.29,0.59
Turkey,2002,30,Asia,23424969,Asia,Western Asia,11743993344,332421648.0,614963532417,1.91,0.05
Uganda,2002,30,Africa,23424974,Africa,Eastern Africa,1181253947,,21352589743,5.53,
United States,2002,30,North America,23424977,Americas,Northern America,7713146793,200433504.0,11535280466800,0.07,0.0
Vanuatu,2002,30,Oceania,23424907,Oceania,Melanesia,182189115,86466163.0,354460671,51.4,24.39
Vatican,2002,30,Europe,23424986,Europe,Southern Europe,324882548,,324882548,100.0,
Yemen,2002,30,Asia,23425002,Asia,Western Asia,21395946873,20335000125.0,63852716030,33.51,31.85
Algeria,2003,30,Africa,23424740,Africa,Northern Africa,8321499,,331097377573,0.0,
American Samoa,2003,30,Oceania,23424746,Oceania,Polynesia,713499225,,713499225,100.0,
Antarctica,2003,30,Antarctica,28289409,Antarctica,Antarctica,0,0.0,0,,
Argentina,2003,30,South America,23424747,Americas,South America,261418106,544007.0,444202807377,0.06,0.0
Armenia,2003,30,Asia,23424743,Asia,Western Asia,455488485,,12920534124,3.53,
Australia,2003,30,Oceania,-90,Oceania,Australia and New Zealand,8206791,,604100493606,0.0,
Azerbaijan,2003,30,Asia,23424741,Asia,Western Asia,41683520,,41631360154,0.1,
Bolivia,2003,30,South America,23424762,Americas,South America,7037809,,34673467517,0.02,
Cameroon,2003,30,Africa,23424785,Africa,Middle Africa,1577728528,1255823514.0,38372807310,4.11,3.27
Canada,2003,30,North America,23424775,Americas,Northern America,278401857,2325361.0,1006409858919,0.03,0.0
Chad,2003,30,Africa,23424777,Africa,Middle Africa,1176567,,10011365375,0.01,
Chile,2003,30,South America,23424782,Americas,South America,368959542,294841116.0,180724974292,0.2,0.16
China,2003,30,Asia,23424781,Asia,Eastern Asia,14748973700,766073994.0,5396518956200,0.27,0.01
Colombia,2003,30,South America,23424787,Americas,South America,8043395598,5239297413.0,318711922779,2.52,1.64
Comoros,2003,30,Africa,23424786,Africa,Eastern Africa,571210184,460224365.0,1017479295,56.14,45.23
Costa Rica,2003,30,North America,23424791,Americas,Central America,37276640754,28664301227.0,38811474323,96.05,73.86
Dem. Rep. Korea,2003,30,Asia,23424865,Asia,Eastern Asia,324941920,39815332.0,42460255459,0.77,0.09
Democratic Republic of the Congo,2003,30,Africa,23424780,Africa,Middle Africa,187731953,173103901.0,25408942076,0.74,0.68
Djibouti,2003,30,Africa,23424797,Africa,Eastern Africa,27800176,1940352.0,1438026166,1.93,0.13
Dominica,2003,30,North America,23424798,Americas,Caribbean,483748458,,483748458,100.0,
Ecuador,2003,30,South America,23424801,Americas,South America,31487146830,27647860765.0,84563573664,37.23,32.69
El Salvador,2003,30,North America,23424807,Americas,Central America,29670411800,26505127584.0,30499986539,97.28,86.9
Equatorial Guinea,2003,30,Africa,23424804,Africa,Middle Africa,2744651998,,9797236489,28.01,
Eritrea,2003,30,Africa,23424806,Africa,Eastern Africa,94596931,17444316.0,6533557247,1.45,0.27
Ethiopia,2003,30,Africa,23424808,Africa,Eastern Africa,2571201504,211084924.0,38633088442,6.66,0.55
Fiji,2003,30,Oceania,23424813,Oceania,Melanesia,17226436,,4915191356,0.35,
France,2003,30,Europe,-90,Europe,Western Europe,36697969508,17109155121.0,1794575980401,2.04,0.95
French Southern and Antarctic Lands,2003,30,Seven seas (open ocean),28289406,Seven seas (open ocean),Seven seas (open ocean),0,,0,,
Georgia,2003,30,Asia,23424823,Asia,Western Asia,126170086,,18345985027,0.69,
Germany,2003,30,Europe,23424829,Europe,Western Europe,1301304932,,2541166071942,0.05,
Greece,2003,30,Europe,23424833,Europe,Southern Europe,63201175,20841022.0,262440039808,0.02,0.01
Grenada,2003,30,North America,23424826,Americas,Caribbean,853103385,454042172.0,853103385,100.0,53.22
Guatemala,2003,30,North America,23424834,Americas,Central America,46094682777,38728035194.0,67825033031,67.96,57.1
Heard I. and McDonald Islands,2003,30,Seven seas (open ocean),28289411,Seven seas (open ocean),Seven seas (open ocean),0,,0,,
Honduras,2003,30,North America,23424841,Americas,Central America,473672900,11443644.0,21119514234,2.24,0.05
Iceland,2003,30,Europe,23424845,Europe,Northern Europe,8406436505,25789182.0,9042213427,92.97,0.29
Indonesia,2003,30,Asia,23424846,Asia,South-Eastern Asia,246789720596,177598491062.0,1229041965588,20.08,14.45
Iran,2003,30,Asia,23424851,Asia,Southern Asia,427851452,15418523.0,885212331489,0.05,0.0
Italy,2003,30,Europe,23424853,Europe,Southern Europe,391862979194,244379798124.0,1687409727092,23.22,14.48
Japan,2003,30,Asia,23424856,Asia,Eastern Asia,211468561506,163275134373.0,3870692849522,5.46,4.22
Jordan,2003,30,Asia,23424860,Asia,Western Asia,705480,,39533317037,0.0,
Kenya,2003,30,Africa,23424863,Africa,Eastern Africa,3257303273,,54120818849,6.02,
Mexico,2003,30,North America,23424900,Americas,Central America,261413904476,4536939124.0,1272715281709,20.54,0.36
Mongolia,2003,30,Asia,23424887,Asia,Eastern Asia,22851800,,11536664750,0.2,
Montserrat,2003,30,North America,23424888,Americas,Caribbean,15266538,15266538.0,15266538,100.0,100.0
Myanmar,2003,30,Asia,23424763,Asia,South-Eastern Asia,339767204,,68244427823,0.5,
Netherlands,2003,30,Europe,-90,Europe,Western Europe,21518380,14701989.0,581966807666,0.0,0.0
New Zealand,2003,30,Oceania,23424916,Oceania,Australia and New Zealand,43877147413,1759499485.0,91672424627,47.86,1.92
Nicaragua,2003,30,North America,23424915,Americas,Central America,13260652707,13071030659.0,16775570734,79.05,77.92
Niger,2003,30,Africa,23424906,Africa,Western Africa,12611342,,11353416719,0.11,
Northern Mariana Islands,2003,30,Oceania,23424788,Oceania,Micronesia,0,,1825061230,0.0,
Norway,2003,30,Europe,-90,Europe,Northern Europe,576047,,198859029500,0.0,
Panama,2003,30,North America,23424924,Americas,Central America,147010644,,30288237071,0.49,
Papua New Guinea,2003,30,Oceania,23424926,Oceania,Melanesia,676610862,378959012.0,8652975629,7.82,4.38
Peru,2003,30,South America,23424919,Americas,South America,9703287776,14170433.0,164924615999,5.88,0.01
Philippines,2003,30,Asia,23424934,Asia,South-Eastern Asia,14309900870,7241501884.0,327001882354,4.38,2.21
Portugal,2003,30,Europe,23424925,Europe,Southern Europe,2448981094,213507437.0,201507302172,1.22,0.11
Republic of Cabo Verde,2003,30,Africa,23424794,Africa,Western Africa,82479100,82479100.0,1433081374,5.76,5.76
Republic of Korea,2003,30,Asia,23424868,Asia,Eastern Asia,2064417062,,1073319739740,0.19,
Russian Federation,2003,30,Europe,23424936,Europe,Eastern Europe,2090188043,1952083460.0,1497370349485,0.14,0.13
Rwanda,2003,30,Africa,23424937,Africa,Eastern Africa,880713006,305040002.0,6961504352,12.65,4.38
Saint Helena,2003,30,Seven seas (open ocean),23424944,Africa,Western Africa,4672821,,26799859,17.44,
Saint Kitts and Nevis,2003,30,North America,23424940,Americas,Caribbean,711602436,624792242.0,711602436,100.0,87.8
Saint Lucia,2003,30,North America,23424951,Americas,Caribbean,1300050538,,1301228119,99.91,
Saint Vincent and the Grenadines,2003,30,North America,23424981,Americas,Caribbean,537479773,537479773.0,565038423,95.12,95.12
Samoa,2003,30,Oceania,23424992,Oceania,Polynesia,575251304,,650113167,88.48,
Saudi Arabia,2003,30,Asia,23424938,Asia,Western Asia,6179703981,,965267111044,0.64,
Solomon Islands,2003,30,Oceania,23424766,Oceania,Melanesia,13537535,5948196.0,517459222,2.62,1.15
South Africa,2003,30,Africa,23424942,Africa,Southern Africa,0,,424530238108,0.0,
South Georgia and the Islands,2003,30,Seven seas (open ocean),23424955,Seven seas (open ocean),Seven seas (open ocean),0,,0,,
Spain,2003,30,Europe,23424950,Europe,Southern Europe,33117590803,5449585672.0,1104574224975,3.0,0.49
Sudan,2003,30,Africa,-90,Africa,Northern Africa,103601757,,73572269059,0.14,
Taiwan,2003,30,Asia,23424971,Asia,Eastern Asia,171350902031,,448336606705,38.22,
Tanzania,2003,30,Africa,23424973,Africa,Eastern Africa,2298885642,316020704.0,51998752396,4.42,0.61
Turkey,2003,30,Asia,23424969,Asia,Western Asia,10992846753,174289739.0,648963186929,1.69,0.03
Uganda,2003,30,Africa,23424974,Africa,Eastern Africa,1307904924,,22735416182,5.75,
United States,2003,30,North America,23424977,Americas,Northern America,7083202202,224692772.0,11871568365624,0.06,0.0
Vanuatu,2003,30,Oceania,23424907,Oceania,Melanesia,186968519,89705894.0,369108689,50.65,24.3
Vatican,2003,30,Europe,23424986,Europe,Southern Europe,265379465,,265379465,100.0,
Yemen,2003,30,Asia,23425002,Asia,Western Asia,22716517721,21913376022.0,66382417913,34.22,33.01
Algeria,2004,30,Africa,23424740,Africa,Northern Africa,10536324,,347550624759,0.0,
American Samoa,2004,30,Oceania,23424746,Oceania,Polynesia,714415110,,714415110,100.0,
Antarctica,2004,30,Antarctica,28289409,Antarctica,Antarctica,0,0.0,0,,
Argentina,2004,30,South America,23424747,Americas,South America,168974248,766681.0,484132579657,0.03,0.0
Armenia,2004,30,Asia,23424743,Asia,Western Asia,476492763,,14282102826,3.34,
Australia,2004,30,Oceania,-90,Oceania,Australia and New Zealand,11239841,,628772108471,0.0,
Azerbaijan,2004,30,Asia,23424741,Asia,Western Asia,48485109,,45541912549,0.11,
Bolivia,2004,30,South America,23424762,Americas,South America,9340522,,36135473124,0.03,
Cameroon,2004,30,Africa,23424785,Africa,Middle Africa,1567929563,1260622292.0,41060677030,3.82,3.07
Canada,2004,30,North America,23424775,Americas,Northern America,87622801,3742599.0,1050147233347,0.01,0.0
Chad,2004,30,Africa,23424777,Africa,Middle Africa,1832742,,13325018388,0.01,
Chile,2004,30,South America,23424782,Americas,South America,511014090,419360759.0,194144659958,0.26,0.22
China,2004,30,Asia,23424781,Asia,Eastern Asia,15105650831,852318957.0,5950186428024,0.25,0.01
Colombia,2004,30,South America,23424787,Americas,South America,10052400789,6206767349.0,335529282978,3.0,1.85
Comoros,2004,30,Africa,23424786,Africa,Eastern Africa,569876631,445191355.0,1034854999,55.07,43.02
Costa Rica,2004,30,North America,23424791,Americas,Central America,38264422080,29024963905.0,40521069825,94.43,71.63
Dem. Rep. Korea,2004,30,Asia,23424865,Asia,Eastern Asia,322173166,39461735.0,43076568450,0.75,0.09
Democratic Republic of the Congo,2004,30,Africa,23424780,Africa,Middle Africa,230851279,212295847.0,27078036402,0.85,0.78
Djibouti,2004,30,Africa,23424797,Africa,Eastern Africa,32355267,2152693.0,1304771655,2.48,0.16
Dominica,2004,30,North America,23424798,Americas,Caribbean,498580580,,498580580,100.0,
Ecuador,2004,30,South America,23424801,Americas,South America,37876453154,32425423906.0,93319857699,40.59,34.75
El Salvador,2004,30,North America,23424807,Americas,Central America,29819844902,26615285440.0,30759847785,96.94,86.53
Equatorial Guinea,2004,30,Africa,23424804,Africa,Middle Africa,4801631649,,13850676252,34.67,
Eritrea,2004,30,Africa,23424806,Africa,Eastern Africa,97571885,17817967.0,6633624363,1.47,0.27
Ethiopia,2004,30,Africa,23424808,Africa,Eastern Africa,3622996050,269558289.0,43878475509,8.26,0.61
Fiji,2004,30,Oceania,23424813,Oceania,Melanesia,16711656,,4841346995,0.35,
France,2004,30,Europe,-90,Europe,Western Europe,33848073688,17214038451.0,1847907440702,1.83,0.93
French Southern and Antarctic Lands,2004,30,Seven seas (open ocean),28289406,Seven seas (open ocean),Seven seas (open ocean),0,,0,,
Georgia,2004,30,Asia,23424823,Asia,Western Asia,132024330,,19400592970,0.68,
Germany,2004,30,Europe,23424829,Europe,Western Europe,1949659434,,2574908532787,0.08,
Greece,2004,30,Europe,23424833,Europe,Southern Europe,92425000,42195850.0,276298108537,0.03,0.02
Grenada,2004,30,North America,23424826,Americas,Caribbean,815009566,585876652.0,815009566,100.0,71.89
Guatemala,2004,30,North America,23424834,Americas,Central America,48635978758,40830550206.0,70081635471,69.4,58.26
Heard I. and McDonald Islands,2004,30,Seven seas (open ocean),28289411,Seven seas (open ocean),Seven seas (open ocean),0,,0,,
Honduras,2004,30,North America,23424841,Americas,Central America,537983879,12243466.0,22468663697,2.39,0.05
Iceland,2004,30,Europe,23424845,Europe,Northern Europe,9050969274,43636026.0,9917440217,91.26,0.44
Indonesia,2004,30,Asia,23424846,Asia,South-Eastern Asia,277038856584,187407052569.0,1293433857167,21.42,14.49
Iran,2004,30,Asia,23424851,Asia,Southern Asia,560157695,15158747.0,924050172239,0.06,0.0
Italy,2004,30,Europe,23424853,Europe,Southern Europe,416828369720,266965683148.0,1709293480971,24.39,15.62
Japan,2004,30,Asia,23424856,Asia,Eastern Asia,200435412038,152149522438.0,3958237954421,5.06,3.84
Jordan,2004,30,Asia,23424860,Asia,Western Asia,1047327,,42929550588,0.0,
Kenya,2004,30,Africa,23424863,Africa,Eastern Africa,3713472552,,56766635940,6.54,
Mexico,2004,30,North America,23424900,Americas,Central America,272360438181,5308510676.0,1322439932411,20.6,0.4
Mongolia,2004,30,Asia,23424887,Asia,Eastern Asia,29163758,,12766749707,0.23,
Montserrat,2004,30,North America,23424888,Americas,Caribbean,15619596,15619596.0,15619596,100.0,100.0
Myanmar,2004,30,Asia,23424763,Asia,South-Eastern Asia,403479665,,77118976493,0.52,
Netherlands,2004,30,Europe,-90,Europe,Western Europe,19545566,13172592.0,594558488897,0.0,0.0
New Zealand,2004,30,Oceania,23424916,Oceania,Australia and New Zealand,44806016977,2223568294.0,94898492033,47.21,2.34
Nicaragua,2004,30,North America,23424915,Americas,Central America,13454593981,13223827534.0,17662529128,76.18,74.87
Niger,2004,30,Africa,23424906,Africa,Western Africa,13323369,,11409653724,0.12,
Northern Mariana Islands,2004,30,Oceania,23424788,Oceania,Micronesia,0,,1761495973,0.0,
Norway,2004,30,Europe,-90,Europe,Northern Europe,573066,,207960447585,0.0,
Panama,2004,30,North America,23424924,Americas,Central America,178467718,,32605243622,0.55,
Papua New Guinea,2004,30,Oceania,23424926,Oceania,Melanesia,716229368,404938608.0,8884930854,8.06,4.56
Peru,2004,30,South America,23424919,Americas,South America,8908856435,17935568.0,173033169082,5.15,0.01
Philippines,2004,30,Asia,23424934,Asia,South-Eastern Asia,19030093167,9404936411.0,344468759325,5.52,2.73
Portugal,2004,30,Europe,23424925,Europe,Southern Europe,2109615854,315797436.0,205248080466,1.03,0.15
Republic of Cabo Verde,2004,30,Africa,23424794,Africa,Western Africa,83471823,83471823.0,1579350489,5.29,5.29
Republic of Korea,2004,30,Asia,23424868,Asia,Eastern Asia,3518161909,,1128820942017,0.31,
Russian Federation,2004,30,Europe,23424936,Europe,Eastern Europe,2141849300,1975635146.0,1606497500361,0.13,0.12
Rwanda,2004,30,Africa,23424937,Africa,Eastern Africa,1131809595,392719766.0,7451704335,15.19,5.27
Saint Helena,2004,30,Seven seas (open ocean),23424944,Africa,Western Africa,4506146,,26200533,17.2,
Saint Kitts and Nevis,2004,30,North America,23424940,Americas,Caribbean,715473220,605720439.0,715473220,100.0,84.66
Saint Lucia,2004,30,North America,23424951,Americas,Caribbean,1483286271,,1484937225,99.89,
Saint Vincent and the Grenadines,2004,30,North America,23424981,Americas,Caribbean,580881528,580881528.0,612242853,94.88,94.88
Samoa,2004,30,Oceania,23424992,Oceania,Polynesia,610061670,,688517580,88.61,
Saudi Arabia,2004,30,Asia,23424938,Asia,Western Asia,7823831594,,1042884730988,0.75,
Solomon Islands,2004,30,Oceania,23424766,Oceania,Melanesia,13687885,6116665.0,570952309,2.4,1.07
South Africa,2004,30,Africa,23424942,Africa,Southern Africa,0,,443698005516,0.0,
South Georgia and the Islands,2004,30,Seven seas (open ocean),23424955,Seven seas (open ocean),Seven seas (open ocean),0,,0,,
Spain,2004,30,Europe,23424950,Europe,Southern Europe,35017425487,5955260293.0,1136274023056,3.08,0.52
Sudan,2004,30,Africa,-90,Africa,Northern Africa,115591053,,75607430944,0.15,
Taiwan,2004,30,Asia,23424971,Asia,Eastern Asia,171657159461,,463451615536,37.04,
Tanzania,2004,30,Africa,23424973,Africa,Eastern Africa,2583691904,388752826.0,55968956093,4.62,0.69
Turkey,2004,30,Asia,23424969,Asia,Western Asia,14109052300,518485191.0,711997060658,1.98,0.07
Uganda,2004,30,Africa,23424974,Africa,Eastern Africa,1440788836,,24290923432,5.93,
United States,2004,30,North America,23424977,Americas,Northern America,9047842358,330423440.0,12295215699916,0.07,0.0
Vanuatu,2004,30,Oceania,23424907,Oceania,Melanesia,189661340,89760394.0,386491597,49.07,23.22
Vatican,2004,30,Europe,23424986,Europe,Southern Europe,367646844,,367646844,100.0,
Yemen,2004,30,Asia,23425002,Asia,Western Asia,24076410761,23109966030.0,69214425067,34.79,33.39
Algeria,2005,30,Africa,23424740,Africa,Northern Africa,9052763,,365041128992,0.0,
American Samoa,2005,30,Oceania,23424746,Oceania,Polynesia,704019698,,704019698,100.0,
Antarctica,2005,30,Antarctica,28289409,Antarctica,Antarctica,0,0.0,0,,
Argentina,2005,30,South America,23424747,Americas,South America,282253349,602579.0,527400527049,0.05,0.0
Armenia,2005,30,Asia,23424743,Asia,Western Asia,460232959,,16268055905,2.83,
Australia,2005,30,Oceania,-90,Oceania,Australia and New Zealand,9489744,,650903744918,0.0,
Azerbaijan,2005,30,Asia,23424741,Asia,Western Asia,42702950,,58304746053,0.07,
Bolivia,2005,30,South America,23424762,Americas,South America,8062014,,37724545984,0.02,
Cameroon,2005,30,Africa,23424785,Africa,Middle Africa,1760466877,1412584449.0,41898670114,4.2,3.37
Canada,2005,30,North America,23424775,Americas,Northern America,92099866,2619675.0,1099889424341,0.01,0.0
Chad,2005,30,Africa,23424777,Africa,Middle Africa,2017501,,15611942554,0.01,
Chile,2005,30,South America,23424782,Americas,South America,309290888,234504116.0,205425097912,0.15,0.11
China,2005,30,Asia,23424781,Asia,Eastern Asia,13162070399,802147188.0,6619264163923,0.2,0.01
Colombia,2005,30,South America,23424787,Americas,South America,6917561667,4227485891.0,351485660009,1.97,1.2
Comoros,2005,30,Africa,23424786,Africa,Eastern Africa,580236963,449319772.0,1062011533,54.64,42.31
Costa Rica,2005,30,North America,23424791,Americas,Central America,40207316302,31675050642.0,42129336618,95.44,75.19
Dem. Rep. Korea,2005,30,Asia,23424865,Asia,Eastern Asia,324617661,39594393.0,44625975444,0.73,0.09
Democratic Republic of the Congo,2005,30,Africa,23424780,Africa,Middle Africa,214605904,198022026.0,28639608897,0.75,0.69
Djibouti,2005,30,Africa,23424797,Africa,Eastern Africa,37455954,2449771.0,1425105574,2.63,0.17
Dominica,2005,30,North America,23424798,Americas,Caribbean,503354084,,503354084,100.0,
Ecuador,2005,30,South America,23424801,Americas,South America,38597530901,33581994734.0,98183455517,39.31,34.2
El Salvador,2005,30,North America,23424807,Americas,Central America,30521969455,26993914823.0,31591269539,96.62,85.45
Equatorial Guinea,2005,30,Africa,23424804,Africa,Middle Africa,4552222081,,16142322922,28.2,
Eritrea,2005,30,Africa,23424806,Africa,Eastern Africa,94332541,17972837.0,6804811432,1.39,0.26
Ethiopia,2005,30,Africa,23424808,Africa,Eastern Africa,3355806038,260909365.0,49046729629,6.84,0.53
Fiji,2005,30,Oceania,23424813,Oceania,Melanesia,19605249,,5439660527,0.36,
France,2005,30,Europe,-90,Europe,Western Europe,35054284791,18702665961.0,1887501763672,1.86,0.99
French Southern and Antarctic Lands,2005,30,Seven seas (open ocean),28289406,Seven seas (open ocean),Seven seas (open ocean),0,,0,,
Georgia,2005,30,Asia,23424823,Asia,Western Asia,180281425,,21392112866,0.84,
Germany,2005,30,Europe,23424829,Europe,Western Europe,1520560562,,2590427178508,0.06,
Greece,2005,30,Europe,23424833,Europe,Southern Europe,63077880,23767916.0,278218177042,0.02,0.01
Grenada,2005,30,North America,23424826,Americas,Caribbean,940508810,679661252.0,940508810,100.0,72.27
Guatemala,2005,30,North America,23424834,Americas,Central America,48264941723,39581896167.0,72539738956,66.54,54.57
Heard I. and McDonald Islands,2005,30,Seven seas (open ocean),28289411,Seven seas (open ocean),Seven seas (open ocean),0,,0,,
Honduras,2005,30,North America,23424841,Americas,Central America,519896779,12021746.0,23787077802,2.19,0.05
Iceland,2005,30,Europe,23424845,Europe,Northern Europe,9362562334,37058648.0,10442546924,89.66,0.35
Indonesia,2005,30,Asia,23424846,Asia,South-Eastern Asia,271761459399,184506452843.0,1356130461276,20.04,13.61
Iran,2005,30,Asia,23424851,Asia,Southern Asia,441514998,12994015.0,953193079204,0.05,0.0
Italy,2005,30,Europe,23424853,Europe,Southern Europe,443620187366,241092385303.0,1731374465614,25.62,13.92
Japan,2005,30,Asia,23424856,Asia,Eastern Asia,180484516993,139746840664.0,4033028351570,4.48,3.47
Jordan,2005,30,Asia,23424860,Asia,Western Asia,776733,,46385077824,0.0,
Kenya,2005,30,Africa,23424863,Africa,Eastern Africa,4065761636,,60217725157,6.75,
Mexico,2005,30,North America,23424900,Americas,Central America,269463471763,3647271282.0,1358851380520,19.83,0.27
Mongolia,2005,30,Asia,23424887,Asia,Eastern Asia,27831135,,13692018107,0.2,
Montserrat,2005,30,North America,23424888,Americas,Caribbean,16110187,16110187.0,16110187,100.0,100.0
Myanmar,2005,30,Asia,23424763,Asia,South-Eastern Asia,486241970,,87242039663,0.56,
Netherlands,2005,30,Europe,-90,Europe,Western Europe,25982245,17327390.0,609879634989,0.0,0.0
New Zealand,2005,30,Oceania,23424916,Oceania,Australia and New Zealand,49911761377,2118890343.0,99281513121,50.27,2.13
Nicaragua,2005,30,North America,23424915,Americas,Central America,14298434559,14083568327.0,18420377941,77.62,76.46
Niger,2005,30,Africa,23424906,Africa,Western Africa,14368567,,12229575599,0.12,
Northern Mariana Islands,2005,30,Oceania,23424788,Oceania,Micronesia,67177,,1551796604,0.0,
Norway,2005,30,Europe,-90,Europe,Northern Europe,585800,,212077460700,0.0,
Panama,2005,30,North America,23424924,Americas,Central America,172250952,,34918822034,0.49,
Papua New Guinea,2005,30,Oceania,23424926,Oceania,Melanesia,769732738,432735201.0,9448584792,8.15,4.58
Peru,2005,30,South America,23424919,Americas,South America,8597818191,16062149.0,184091308066,4.67,0.01
Philippines,2005,30,Asia,23424934,Asia,South-Eastern Asia,14606111808,7401472184.0,366914505733,3.98,2.02
Portugal,2005,30,Europe,23424925,Europe,Southern Europe,1742016411,214152824.0,209629695890,0.83,0.1
Republic of Cabo Verde,2005,30,Africa,23424794,Africa,Western Africa,85709671,85709671.0,1699320867,5.04,5.04
Republic of Korea,2005,30,Asia,23424868,Asia,Eastern Asia,1745442933,,1180743433103,0.15,
Russian Federation,2005,30,Europe,23424936,Europe,Eastern Europe,1257135882,1129881344.0,1711211488360,0.07,0.07
Rwanda,2005,30,Africa,23424937,Africa,Eastern Africa,1215719264,424445494.0,8145018010,14.93,5.21
Saint Helena,2005,30,Seven seas (open ocean),23424944,Africa,Western Africa,4535995,,25804021,17.58,
Saint Kitts and Nevis,2005,30,North America,23424940,Americas,Caribbean,791915663,674388834.0,791915663,100.0,85.16
Saint Lucia,2005,30,North America,23424951,Americas,Caribbean,1403879020,,1406049686,99.85,
Saint Vincent and the Grenadines,2005,30,North America,23424981,Americas,Caribbean,609778704,609778704.0,641878376,95.0,95.0
Samoa,2005,30,Oceania,23424992,Oceania,Polynesia,635636119,,716614242,88.7,
Saudi Arabia,2005,30,Asia,23424938,Asia,Western Asia,6185887197,,1099446109471,0.56,
Solomon Islands,2005,30,Oceania,23424766,Oceania,Melanesia,15705111,7092881.0,584735810,2.69,1.21
South Africa,2005,30,Africa,23424942,Africa,Southern Africa,0,,467886030371,0.0,
South Georgia and the Islands,2005,30,Seven seas (open ocean),23424955,Seven seas (open ocean),Seven seas (open ocean),0,,0,,
Spain,2005,30,Europe,23424950,Europe,Southern Europe,30382893651,4523199766.0,1189870368434,2.55,0.38
Sudan,2005,30,Africa,-90,Africa,Northern Africa,111395807,,82583118154,0.13,
Taiwan,2005,30,Asia,23424971,Asia,Eastern Asia,194843440791,,478943268700,40.68,
Tanzania,2005,30,Africa,23424973,Africa,Eastern Africa,2520057872,424960509.0,59973707410,4.2,0.71
Turkey,2005,30,Asia,23424969,Asia,Western Asia,10257409274,362175894.0,773890485264,1.33,0.05
Uganda,2005,30,Africa,23424974,Africa,Eastern Africa,1593329261,,25815325626,6.17,
United States,2005,30,North America,23424977,Americas,Northern America,7722866049,290919581.0,12731446668406,0.06,0.0
Vanuatu,2005,30,Oceania,23424907,Oceania,Melanesia,187718895,100799260.0,400913275,46.82,25.14
Vatican,2005,30,Europe,23424986,Europe,Southern Europe,528565823,,528565823,100.0,
Yemen,2005,30,Asia,23425002,Asia,Western Asia,29698926852,28864463173.0,74450286740,39.89,38.77
Algeria,2006,30,Africa,23424740,Africa,Northern Africa,9577161,,368838386758,0.0,
American Samoa,2006,30,Oceania,23424746,Oceania,Polynesia,678838978,,678838978,100.0,
Antarctica,2006,30,Antarctica,28289409,Antarctica,Antarctica,0,0.0,0,,
Argentina,2006,30,South America,23424747,Americas,South America,142214010,543192.0,569497001228,0.02,0.0
Armenia,2006,30,Asia,23424743,Asia,Western Asia,306362451,,18435258722,1.66,
Australia,2006,30,Oceania,-90,Oceania,Australia and New Zealand,8233851,,669919587242,0.0,
Azerbaijan,2006,30,Asia,23424741,Asia,Western Asia,61477829,,78369305582,0.08,
Bolivia,2006,30,South America,23424762,Americas,South America,6679574,,39522947014,0.02,
Cameroon,2006,30,Africa,23424785,Africa,Middle Africa,1701352347,1372551154.0,43343775373,3.93,3.17
Canada,2006,30,North America,23424775,Americas,Northern America,64589612,1858992.0,1140858165271,0.01,0.0
Chad,2006,30,Africa,23424777,Africa,Middle Africa,2263186,,15713942226,0.01,
Chile,2006,30,South America,23424782,Americas,South America,462320274,394906394.0,218317027405,0.21,0.18
China,2006,30,Asia,23424781,Asia,Eastern Asia,17119514090,821234178.0,7463041931256,0.23,0.01
Colombia,2006,30,South America,23424787,Americas,South America,7705812665,4851468775.0,375086278138,2.05,1.29
Comoros,2006,30,Africa,23424786,Africa,Eastern Africa,596677011,467588974.0,1093051318,54.59,42.78
Costa Rica,2006,30,North America,23424791,Americas,Central America,43689824493,33376347462.0,45216424047,96.62,73.81
Dem. Rep. Korea,2006,30,Asia,23424865,Asia,Eastern Asia,330625041,40528792.0,44395944512,0.74,0.09
Democratic Republic of the Congo,2006,30,Africa,23424780,Africa,Middle Africa,220493903,204325412.0,30145308623,0.73,0.68
Djibouti,2006,30,Africa,23424797,Africa,Eastern Africa,29962924,1969006.0,1260624228,2.38,0.16
Dominica,2006,30,North America,23424798,Americas,Caribbean,527376884,,527376884,100.0,
Ecuador,2006,30,South America,23424801,Americas,South America,40096977945,36069436391.0,100629716133,39.85,35.84
El Salvador,2006,30,North America,23424807,Americas,Central America,32152866621,29412326170.0,32973438669,97.51,89.2
Equatorial Guinea,2006,30,Africa,23424804,Africa,Middle Africa,5220144521,,18680780298,27.94,
Eritrea,2006,30,Africa,23424806,Africa,Eastern Africa,101476308,18813731.0,6731914299,1.51,0.28
Ethiopia,2006,30,Africa,23424808,Africa,Eastern Africa,3771530489,282066032.0,54331963849,6.94,0.52
Fiji,2006,30,Oceania,23424813,Oceania,Melanesia,20260152,,5591131089,0.36,
France,2006,30,Europe,-90,Europe,Western Europe,32703293468,17412151020.0,1923728601357,1.7,0.91
French Southern and Antarctic Lands,2006,30,Seven seas (open ocean),28289406,Seven seas (open ocean),Seven seas (open ocean),0,,0,,
Georgia,2006,30,Asia,23424823,Asia,Western Asia,121045427,,23398683970,0.52,
Germany,2006,30,Europe,23424829,Europe,Western Europe,1604946330,,2691441784722,0.06,
Greece,2006,30,Europe,23424833,Europe,Southern Europe,106881509,69737611.0,290266411165,0.04,0.02
Grenada,2006,30,North America,23424826,Americas,Caribbean,923470292,631467870.0,923470292,100.0,68.38
Guatemala,2006,30,North America,23424834,Americas,Central America,52425506504,43827659174.0,76624436697,68.42,57.2
Heard I. and McDonald Islands,2006,30,Seven seas (open ocean),28289411,Seven seas (open ocean),Seven seas (open ocean),0,,0,,
Honduras,2006,30,North America,23424841,Americas,Central America,498530886,11210348.0,25264934093,1.97,0.04
Iceland,2006,30,Europe,23424845,Europe,Northern Europe,10123417996,25378364.0,10920997083,92.7,0.23
Indonesia,2006,30,Asia,23424846,Asia,South-Eastern Asia,273639104290,196445601968.0,1428570618224,19.15,13.75
Iran,2006,30,Asia,23424851,Asia,Southern Asia,336580924,8750744.0,1000054352427,0.03,0.0
Italy,2006,30,Europe,23424853,Europe,Southern Europe,498085291125,309738818487.0,1765176298078,28.22,17.55
Japan,2006,30,Asia,23424856,Asia,Eastern Asia,183660656510,142275563751.0,4092074735183,4.49,3.48
Jordan,2006,30,Asia,23424860,Asia,Western Asia,670275,,50165359050,0.0,
Kenya,2006,30,Africa,23424863,Africa,Eastern Africa,3537719308,,64169867563,5.51,
Mexico,2006,30,North America,23424900,Americas,Central America,282493164705,3445991774.0,1416056093505,19.95,0.24
Mongolia,2006,30,Asia,23424887,Asia,Eastern Asia,20671516,,14867127136,0.14,
Montserrat,2006,30,North America,23424888,Americas,Caribbean,18815301,18815301.0,18815301,100.0,100.0
Myanmar,2006,30,Asia,23424763,Asia,South-Eastern Asia,540766515,,98617043549,0.55,
Netherlands,2006,30,Europe,-90,Europe,Western Europe,28846212,20145185.0,632678193191,0.0,0.0
New Zealand,2006,30,Oceania,23424916,Oceania,Australia and New Zealand,52523470797,1577152929.0,101651035443,51.67,1.55
Nicaragua,2006,30,North America,23424915,Americas,Central America,15543982858,15358113452.0,19192608174,80.99,80.02
Niger,2006,30,Africa,23424906,Africa,Western Africa,14502744,,12936671323,0.11,
Northern Mariana Islands,2006,30,Oceania,23424788,Oceania,Micronesia,0,,1460719102,0.0,
Norway,2006,30,Europe,-90,Europe,Northern Europe,588932,,217692396218,0.0,
Panama,2006,30,North America,23424924,Americas,Central America,144434687,,37939918331,0.38,
Papua New Guinea,2006,30,Oceania,23424926,Oceania,Melanesia,791813219,443178404.0,9963140729,7.95,4.45
Peru,2006,30,South America,23424919,Americas,South America,10841540231,14864968.0,197845078973,5.48,0.01
Philippines,2006,30,Asia,23424934,Asia,South-Eastern Asia,14500827647,7036939831.0,387772330782,3.74,1.81
Portugal,2006,30,Europe,23424925,Europe,Southern Europe,2362441662,169034487.0,210344894806,1.12,0.08
Republic of Cabo Verde,2006,30,Africa,23424794,Africa,Western Africa,101946958,101946958.0,1791700542,5.69,5.69
Republic of Korea,2006,30,Asia,23424868,Asia,Eastern Asia,1785127920,,1239229225233,0.14,
Russian Federation,2006,30,Europe,23424936,Europe,Eastern Europe,1163861220,1059475378.0,1852451032198,0.06,0.06
Rwanda,2006,30,Africa,23424937,Africa,Eastern Africa,1241329648,440320787.0,8902219610,13.94,4.95
Saint Helena,2006,30,Seven seas (open ocean),23424944,Africa,Western Africa,4922547,,25566135,19.25,
Saint Kitts and Nevis,2006,30,North America,23424940,Americas,Caribbean,848989065,742632065.0,848989065,100.0,87.47
Saint Lucia,2006,30,North America,23424951,Americas,Caribbean,1415957167,,1417877548,99.86,
Saint Vincent and the Grenadines,2006,30,North America,23424981,Americas,Caribbean,649353323,649353323.0,685351993,94.75,94.75
Samoa,2006,30,Oceania,23424992,Oceania,Polynesia,644109906,,726637753,88.64,
Saudi Arabia,2006,30,Asia,23424938,Asia,Western Asia,6731415107,,1131221602403,0.6,
Solomon Islands,2006,30,Oceania,23424766,Oceania,Melanesia,16345496,7539203.0,620521134,2.63,1.21
South Africa,2006,30,Africa,23424942,Africa,Southern Africa,0,,494001007936,0.0,
South Georgia and the Islands,2006,30,Seven seas (open ocean),23424955,Seven seas (open ocean),Seven seas (open ocean),0,,0,,
Spain,2006,30,Europe,23424950,Europe,Southern Europe,33584035327,4895429268.0,1233190396050,2.72,0.4
Sudan,2006,30,Africa,-90,Africa,Northern Africa,110819096,,91935715408,0.12,
Taiwan,2006,30,Asia,23424971,Asia,Eastern Asia,179533684175,,489985433743,36.64,
Tanzania,2006,30,Africa,23424973,Africa,Eastern Africa,2408256414,346861721.0,64094874507,3.76,0.54
Turkey,2006,30,Asia,23424969,Asia,Western Asia,12062288602,415096375.0,835047879191,1.44,0.05
Uganda,2006,30,Africa,23424974,Africa,Eastern Africa,1861937581,,28582244022,6.51,
United States,2006,30,North America,23424977,Americas,Northern America,7227920233,206067337.0,13124752152990,0.06,0.0
Vanuatu,2006,30,Oceania,23424907,Oceania,Melanesia,226431032,102181358.0,440045307,51.46,23.22
Vatican,2006,30,Europe,23424986,Europe,Southern Europe,450835187,,450835187,100.0,
Yemen,2006,30,Asia,23425002,Asia,Western Asia,27375040668,26912502498.0,76460537913,35.8,35.2
Algeria,2007,30,Africa,23424740,Africa,Northern Africa,8895409,,382053369039,0.0,
American Samoa,2007,30,Oceania,23424746,Oceania,Polynesia,694515512,,694515512,100.0,
Antarctica,2007,30,Antarctica,28289409,Antarctica,Antarctica,0,0.0,0,,
Argentina,2007,30,South America,23424747,Americas,South America,101705937,519924.0,620901264045,0.02,0.0
Armenia,2007,30,Asia,23424743,Asia,Western Asia,316475015,,20952780777,1.51,
Australia,2007,30,Oceania,-90,Oceania,Australia and New Zealand,9891447,,705579445485,0.0,
Azerbaijan,2007,30,Asia,23424741,Asia,Western Asia,60067416,,98306107784,0.06,
Bolivia,2007,30,South America,23424762,Americas,South America,7457484,,41341087851,0.02,
Cameroon,2007,30,Africa,23424785,Africa,Middle Africa,1758931193,1417447789.0,45413283177,3.87,3.12
Canada,2007,30,North America,23424775,Americas,Northern America,90320264,1417892.0,1228879450734,0.01,0.0
Chad,2007,30,Africa,23424777,Africa,Middle Africa,2381755,,16237144683,0.01,
Chile,2007,30,South America,23424782,Americas,South America,433995077,355562421.0,229170655228,0.19,0.16
China,2007,30,Asia,23424781,Asia,Eastern Asia,16491513797,920823849.0,8531367205089,0.19,0.01
Colombia,2007,30,South America,23424787,Americas,South America,7636373953,4555620326.0,400658174972,1.91,1.14
Comoros,2007,30,Africa,23424786,Africa,Eastern Africa,601099483,469850692.0,1096249796,54.83,42.86
Costa Rica,2007,30,North America,23424791,Americas,Central America,47046164523,35375657893.0,48945112364,96.12,72.28
Dem. Rep. Korea,2007,30,Asia,23424865,Asia,Eastern Asia,335106874,41255048.0,43942225151,0.76,0.09
Democratic Republic of the Congo,2007,30,Africa,23424780,Africa,Middle Africa,277168205,259203819.0,32084802081,0.86,0.81
Djibouti,2007,30,Africa,23424797,Africa,Eastern Africa,23755686,1668635.0,1361577904,1.74,0.12
Dominica,2007,30,North America,23424798,Americas,Caribbean,563268110,,563268110,100.0,
Ecuador,2007,30,South America,23424801,Americas,South America,45124792724,40397967182.0,105454968651,42.79,38.31
El Salvador,2007,30,North America,23424807,Americas,Central America,32682618182,29539339206.0,33582150924,97.32,87.96
Equatorial Guinea,2007,30,Africa,23424804,Africa,Middle Africa,6097453909,,20723861839,29.42,
Eritrea,2007,30,Africa,23424806,Africa,Eastern Africa,95953878,17599607.0,6835288305,1.4,0.26
Ethiopia,2007,30,Africa,23424808,Africa,Eastern Africa,4654816463,331446541.0,60561466940,7.69,0.55
Fiji,2007,30,Oceania,23424813,Oceania,Melanesia,16664419,,5282166961,0.32,
France,2007,30,Europe,-90,Europe,Western Europe,34804881502,17865649120.0,1972135423673,1.76,0.91
French Southern and Antarctic Lands,2007,30,Seven seas (open ocean),28289406,Seven seas (open ocean),Seven seas (open ocean),0,,0,,
Georgia,2007,30,Asia,23424823,Asia,Western Asia,89452985,,26463191840,0.34,
Germany,2007,30,Europe,23424829,Europe,Western Europe,1612099565,,2768748090059,0.06,
Greece,2007,30,Europe,23424833,Europe,Southern Europe,158942774,118646033.0,297529998068,0.05,0.04
Grenada,2007,30,North America,23424826,Americas,Caribbean,997204521,649071234.0,997204521,100.0,65.09
Guatemala,2007,30,North America,23424834,Americas,Central America,55595575210,46811258792.0,81695186052,68.05,57.3
Heard I. and McDonald Islands,2007,30,Seven seas (open ocean),28289411,Seven seas (open ocean),Seven seas (open ocean),0,,0,,
Honduras,2007,30,North America,23424841,Americas,Central America,613960847,12098391.0,26898106454,2.28,0.04
Iceland,2007,30,Europe,23424845,Europe,Northern Europe,10517286131,28532521.0,11599871987,90.67,0.25
Indonesia,2007,30,Asia,23424846,Asia,South-Eastern Asia,268470438288,188466784136.0,1520794376216,17.65,12.39
Iran,2007,30,Asia,23424851,Asia,Southern Asia,468150737,8999461.0,1082585834273,0.04,0.0
Italy,2007,30,Europe,23424853,Europe,Southern Europe,468799461707,291208354411.0,1791121152227,26.17,16.26
Japan,2007,30,Asia,23424856,Asia,Eastern Asia,194547493428,153495570988.0,4154746451917,4.68,3.69
Jordan,2007,30,Asia,23424860,Asia,Western Asia,824832,,54267503327,0.0,
Kenya,2007,30,Africa,23424863,Africa,Eastern Africa,4177259493,,68490099511,6.1,
Mexico,2007,30,North America,23424900,Americas,Central America,288406890536,4350072995.0,1447613852846,19.92,0.3
Mongolia,2007,30,Asia,23424887,Asia,Eastern Asia,17832871,,16393835852,0.11,
Montserrat,2007,30,North America,23424888,Americas,Caribbean,18866903,18866903.0,18866903,100.0,100.0
Myanmar,2007,30,Asia,23424763,Asia,South-Eastern Asia,569997971,,110674999107,0.52,
Netherlands,2007,30,Europe,-90,Europe,Western Europe,26916144,17981826.0,657001065109,0.0,0.0
New Zealand,2007,30,Oceania,23424916,Oceania,Australia and New Zealand,53900333688,1577100723.0,105400768244,51.14,1.5
Nicaragua,2007,30,North America,23424915,Americas,Central America,16111868557,15904841256.0,20167156249,79.89,78.87
Niger,2007,30,Africa,23424906,Africa,Western Africa,14705025,,13344768256,0.11,
Northern Mariana Islands,2007,30,Oceania,23424788,Oceania,Micronesia,0,,1367765876,0.0,
Norway,2007,30,Europe,-90,Europe,Northern Europe,534552,,224588112285,0.0,
Panama,2007,30,North America,23424924,Americas,Central America,168832747,,42458481329,0.4,
Papua New Guinea,2007,30,Oceania,23424926,Oceania,Melanesia,855014481,479016340.0,10737199008,7.96,4.46
Peru,2007,30,South America,23424919,Americas,South America,14388751734,21225978.0,214713020703,6.7,0.01
Philippines,2007,30,Asia,23424934,Asia,South-Eastern Asia,17419609948,8675375749.0,411693678762,4.23,2.11
Portugal,2007,30,Europe,23424925,Europe,Southern Europe,2415352521,251762921.0,216379753938,1.12,0.12
Republic of Cabo Verde,2007,30,Africa,23424794,Africa,Western Africa,118352251,118352251.0,2048614332,5.78,5.78
Republic of Korea,2007,30,Asia,23424868,Asia,Eastern Asia,2106752656,,1307416844814,0.16,
Russian Federation,2007,30,Europe,23424936,Europe,Eastern Europe,1996082276,1870487669.0,2013214083798,0.1,0.09
Rwanda,2007,30,Africa,23424937,Africa,Eastern Africa,1351846488,483502576.0,9572051557,14.12,5.05
Saint Helena,2007,30,Seven seas (open ocean),23424944,Africa,Western Africa,4902214,,25042968,19.58,
Saint Kitts and Nevis,2007,30,North America,23424940,Americas,Caribbean,839832725,652622713.0,839832725,100.0,77.71
Saint Lucia,2007,30,North America,23424951,Americas,Caribbean,1526163846,,1528733801,99.83,
Saint Vincent and the Grenadines,2007,30,North America,23424981,Americas,Caribbean,685162191,685162191.0,721210398,95.0,95.0
Samoa,2007,30,Oceania,23424992,Oceania,Polynesia,682557918,,769445269,88.71,
Saudi Arabia,2007,30,Asia,23424938,Asia,Western Asia,8397022183,,1150798224952,0.73,
Solomon Islands,2007,30,Oceania,23424766,Oceania,Melanesia,17053962,7862577.0,650804439,2.62,1.21
South Africa,2007,30,Africa,23424942,Africa,Southern Africa,0,,520193352637,0.0,
South Georgia and the Islands,2007,30,Seven seas (open ocean),23424955,Seven seas (open ocean),Seven seas (open ocean),0,,0,,
Spain,2007,30,Europe,23424950,Europe,Southern Europe,36792880164,5810427928.0,1271101321978,2.89,0.46
Sudan,2007,30,Africa,-90,Africa,Northern Africa,118316401,,102605029768,0.12,
Taiwan,2007,30,Asia,23424971,Asia,Eastern Asia,175460752606,,500646820573,35.05,
Tanzania,2007,30,Africa,23424973,Africa,Eastern Africa,2532289463,333227768.0,68392694091,3.7,0.49
Turkey,2007,30,Asia,23424969,Asia,Western Asia,13723535767,331219977.0,875023543634,1.57,0.04
Uganda,2007,30,Africa,23424974,Africa,Eastern Africa,1873606173,,30996990584,6.04,
United States,2007,30,North America,23424977,Americas,Northern America,7927758413,214315496.0,13378744872579,0.06,0.0
Vanuatu,2007,30,Oceania,23424907,Oceania,Melanesia,231506388,104793667.0,451619951,51.26,23.2
Vatican,2007,30,Europe,23424986,Europe,Southern Europe,441122726,,441122726,100.0,
Yemen,2007,30,Asia,23425002,Asia,Western Asia,29259909988,28574613580.0,78990390991,37.04,36.17
Algeria,2008,30,Africa,23424740,Africa,Northern Africa,7993897,,389641533357,0.0,
American Samoa,2008,30,Oceania,23424746,Oceania,Polynesia,672292214,,672292214,100.0,
Antarctica,2008,30,Antarctica,28289409,Antarctica,Antarctica,0,0.0,0,,
Argentina,2008,30,South America,23424747,Americas,South America,78386880,627131.0,646293027594,0.01,0.0
Armenia,2008,30,Asia,23424743,Asia,Western Asia,364422063,,22402814059,1.63,
Australia,2008,30,Oceania,-90,Oceania,Australia and New Zealand,9405013,,732472564551,0.0,
Azerbaijan,2008,30,Asia,23424741,Asia,Western Asia,66981306,,107603000412,0.06,
Bolivia,2008,30,South America,23424762,Americas,South America,8484702,,43892235699,0.02,
Cameroon,2008,30,Africa,23424785,Africa,Middle Africa,1610473092,1296761432.0,47125859774,3.42,2.75
Canada,2008,30,North America,23424775,Americas,Northern America,75193921,1427174.0,1241986802409,0.01,0.0
Chad,2008,30,Africa,23424777,Africa,Middle Africa,2447789,,16720946457,0.01,
Chile,2008,30,South America,23424782,Americas,South America,419527481,332237520.0,237402615822,0.18,0.14
China,2008,30,Asia,23424781,Asia,Eastern Asia,21237055575,1048262834.0,9352073057381,0.23,0.01
Colombia,2008,30,South America,23424787,Americas,South America,7906926133,4746509278.0,413898616229,1.91,1.15
Comoros,2008,30,Africa,23424786,Africa,Eastern Africa,619261625,484401370.0,1141287951,54.26,42.44
Costa Rica,2008,30,North America,23424791,Americas,Central America,49122576719,37945752460.0,51261927777,95.83,74.02
Dem. Rep. Korea,2008,30,Asia,23424865,Asia,Eastern Asia,339217852,40559120.0,44867438366,0.76,0.09
Democratic Republic of the Congo,2008,30,Africa,23424780,Africa,Middle Africa,281236390,261148681.0,34123378021,0.82,0.77
Djibouti,2008,30,Africa,23424797,Africa,Eastern Africa,18823137,1372165.0,1235589510,1.52,0.11
Dominica,2008,30,North America,23424798,Americas,Caribbean,605470381,,605470381,100.0,
Ecuador,2008,30,South America,23424801,Americas,South America,43389194216,38496027450.0,108488209982,39.99,35.48
El Salvador,2008,30,North America,23424807,Americas,Central America,33462866499,30055297358.0,34448492727,97.14,87.25
Equatorial Guinea,2008,30,Africa,23424804,Africa,Middle Africa,8752179562,,25463235254,34.37,
Eritrea,2008,30,Africa,23424806,Africa,Eastern Africa,87854626,15978471.0,6172130066,1.42,0.26
Ethiopia,2008,30,Africa,23424808,Africa,Eastern Africa,5237750723,391515875.0,67068868285,7.81,0.58
Fiji,2008,30,Oceania,23424813,Oceania,Melanesia,20664138,,5555990434,0.37,
France,2008,30,Europe,-90,Europe,Western Europe,33651150823,18162818727.0,1977025155027,1.7,0.92
French Southern and Antarctic Lands,2008,30,Seven seas (open ocean),28289406,Seven seas (open ocean),Seven seas (open ocean),0,,0,,
Georgia,2008,30,Asia,23424823,Asia,Western Asia,88398008,,27014604776,0.33,
Germany,2008,30,Europe,23424829,Europe,Western Europe,1658866016,,2793540392744,0.06,
Greece,2008,30,Europe,23424833,Europe,Southern Europe,77449564,35980479.0,294581310942,0.03,0.01
Grenada,2008,30,North America,23424826,Americas,Caribbean,987594926,641769036.0,987594926,100.0,64.98
Guatemala,2008,30,North America,23424834,Americas,Central America,58265548577,48597734830.0,84613329471,68.86,57.44
Heard I. and McDonald Islands,2008,30,Seven seas (open ocean),28289411,Seven seas (open ocean),Seven seas (open ocean),0,,0,,
Honduras,2008,30,North America,23424841,Americas,Central America,674186646,14533962.0,28122340909,2.4,0.05
Iceland,2008,30,Europe,23424845,Europe,Northern Europe,10807394422,37501220.0,11792142064,91.65,0.32
Indonesia,2008,30,Asia,23424846,Asia,South-Eastern Asia,312414348508,231995688047.0,1613107213756,19.37,14.38
Iran,2008,30,Asia,23424851,Asia,Southern Asia,514670755,8770792.0,1085295592069,0.05,0.0
Italy,2008,30,Europe,23424853,Europe,Southern Europe,463713731843,287533971375.0,1770397845341,26.19,16.24
Japan,2008,30,Asia,23424856,Asia,Eastern Asia,192217294648,151590985830.0,4109670901652,4.68,3.69
Jordan,2008,30,Asia,23424860,Asia,Western Asia,868182,,58161704587,0.0,
Kenya,2008,30,Africa,23424863,Africa,Eastern Africa,4131022996,,68690753690,6.01,
Mexico,2008,30,North America,23424900,Americas,Central America,285732806473,3823476619.0,1463647877961,19.52,0.26
Mongolia,2008,30,Asia,23424887,Asia,Eastern Asia,20461747,,17853118895,0.11,
Montserrat,2008,30,North America,23424888,Americas,Caribbean,18754407,18754407.0,18754407,100.0,100.0
Myanmar,2008,30,Asia,23424763,Asia,South-Eastern Asia,624678532,,121932755112,0.51,
Netherlands,2008,30,Europe,-90,Europe,Western Europe,39573808,27703639.0,672876712983,0.01,0.0
New Zealand,2008,30,Oceania,23424916,Oceania,Australia and New Zealand,61594372873,1177167516.0,104654282439,58.86,1.12
Nicaragua,2008,30,North America,23424915,Americas,Central America,16399912781,16182683622.0,20860384753,78.62,77.58
Niger,2008,30,Africa,23424906,Africa,Western Africa,16405260,,14402653202,0.11,
Northern Mariana Islands,2008,30,Oceania,23424788,Oceania,Micronesia,0,,1198971802,0.0,
Norway,2008,30,Europe,-90,Europe,Northern Europe,609352,,225674858837,0.0,
Panama,2008,30,North America,23424924,Americas,Central America,172664581,,46686531516,0.37,
Papua New Guinea,2008,30,Oceania,23424926,Oceania,Melanesia,866741346,484800638.0,10719911714,8.09,4.52
Peru,2008,30,South America,23424919,Americas,South America,10986752025,17263966.0,234331351572,4.69,0.01
Philippines,2008,30,Asia,23424934,Asia,South-Eastern Asia,17793964442,8597021558.0,428692920979,4.15,2.01
Portugal,2008,30,Europe,23424925,Europe,Southern Europe,2445472539,241269997.0,217682101176,1.12,0.11
Republic of Cabo Verde,2008,30,Africa,23424794,Africa,Western Africa,132147356,132147356.0,2202528394,6.0,6.0
Republic of Korea,2008,30,Asia,23424868,Asia,Eastern Asia,1911188052,,1341517307054,0.14,
Russian Federation,2008,30,Europe,23424936,Europe,Eastern Europe,2216169736,2083500708.0,2117643768519,0.1,0.1
Rwanda,2008,30,Africa,23424937,Africa,Eastern Africa,1550555110,560051745.0,10628670802,14.59,5.27
Saint Helena,2008,30,Seven seas (open ocean),23424944,Africa,Western Africa,4890167,,24807915,19.71,
Saint Kitts and Nevis,2008,30,North America,23424940,Americas,Caribbean,880374777,737759564.0,880374777,100.0,83.8
Saint Lucia,2008,30,North America,23424951,Americas,Caribbean,1667465412,,1671023115,99.79,
Saint Vincent and the Grenadines,2008,30,North America,23424981,Americas,Caribbean,701555464,701555464.0,745526388,94.1,94.1
Samoa,2008,30,Oceania,23424992,Oceania,Polynesia,677781709,,769153398,88.12,
Saudi Arabia,2008,30,Asia,23424938,Asia,Western Asia,7987178675,,1224632996096,0.65,
Solomon Islands,2008,30,Oceania,23424766,Oceania,Melanesia,18504568,8717589.0,681033064,2.72,1.28
South Africa,2008,30,Africa,23424942,Africa,Southern Africa,0,,537322786351,0.0,
South Georgia and the Islands,2008,30,Seven seas (open ocean),23424955,Seven seas (open ocean),Seven seas (open ocean),0,,0,,
Spain,2008,30,Europe,23424950,Europe,Southern Europe,37180710944,5417402680.0,1281938533984,2.9,0.42
Sudan,2008,30,Africa,-90,Africa,Northern Africa,135618661,,109886703600,0.12,
Taiwan,2008,30,Asia,23424971,Asia,Eastern Asia,185138048508,,510337980493,36.28,
Tanzania,2008,30,Africa,23424973,Africa,Eastern Africa,2353731561,356529213.0,72358825342,3.25,0.49
Turkey,2008,30,Asia,23424969,Asia,Western Asia,16639304871,222035562.0,884579431127,1.88,0.03
Uganda,2008,30,Africa,23424974,Africa,Eastern Africa,1924424147,,33708059182,5.71,
United States,2008,30,North America,23424977,Americas,Northern America,7553447737,217498795.0,13369055063509,0.06,0.0
Vanuatu,2008,30,Oceania,23424907,Oceania,Melanesia,231346474,102788064.0,482082849,47.99,21.32
Vatican,2008,30,Europe,23424986,Europe,Southern Europe,480913602,,480913602,100.0,
Yemen,2008,30,Asia,23425002,Asia,Western Asia,29278068639,28418211659.0,81476215355,35.93,34.88
Algeria,2009,30,Africa,23424740,Africa,Northern Africa,10473385,,399363625686,0.0,
American Samoa,2009,30,Oceania,23424746,Oceania,Polynesia,645439980,,645439980,100.0,
Antarctica,2009,30,Antarctica,28289409,Antarctica,Antarctica,0,0.0,0,,
Argentina,2009,30,South America,23424747,Americas,South America,105172376,681481.0,607651985110,0.02,0.0
Armenia,2009,30,Asia,23424743,Asia,Western Asia,435694962,,19257548080,2.26,
Australia,2009,30,Oceania,-90,Oceania,Australia and New Zealand,10613765,,745744361734,0.0,
Azerbaijan,2009,30,Asia,23424741,Asia,Western Asia,92987819,,116599951023,0.08,
Bolivia,2009,30,South America,23424762,Americas,South America,9530139,,45371404073,0.02,
Cameroon,2009,30,Africa,23424785,Africa,Middle Africa,1609450082,1290321327.0,48205123961,3.34,2.68
Canada,2009,30,North America,23424775,Americas,Northern America,162672380,2954902.0,1207963071127,0.01,0.0
Chad,2009,30,Africa,23424777,Africa,Middle Africa,2867988,,17415163492,0.02,
Chile,2009,30,South America,23424782,Americas,South America,560289830,477249900.0,233707178932,0.24,0.2
China,2009,30,Asia,23424781,Asia,Eastern Asia,24333765940,1400377742.0,10241931462250,0.24,0.01
Colombia,2009,30,South America,23424787,Americas,South America,9232843854,5339933469.0,418761195748,2.2,1.28
Comoros,2009,30,Africa,23424786,Africa,Eastern Africa,634958149,496300653.0,1176045016,53.99,42.2
Costa Rica,2009,30,North America,23424791,Americas,Central America,48156554914,36934035488.0,50808677195,94.78,72.69
Dem. Rep. Korea,2009,30,Asia,23424865,Asia,Eastern Asia,330621021,43761334.0,44350812542,0.75,0.1
Democratic Republic of the Congo,2009,30,Africa,23424780,Africa,Middle Africa,297130080,276150658.0,35082438598,0.85,0.79
Djibouti,2009,30,Africa,23424797,Africa,Eastern Africa,19345138,1443360.0,1606954924,1.2,0.09
Dominica,2009,30,North America,23424798,Americas,Caribbean,599559650,,599559650,100.0,
Ecuador,2009,30,South America,23424801,Americas,South America,44119847614,38982388029.0,110355388319,39.98,35.32
El Salvador,2009,30,North America,23424807,Americas,Central America,32712407180,29232961263.0,33718829602,97.02,86.7
Equatorial Guinea,2009,30,Africa,23424804,Africa,Middle Africa,8423485840,,26680266666,31.57,
Eritrea,2009,30,Africa,23424806,Africa,Eastern Africa,96691918,17403592.0,6415622955,1.51,0.27
Ethiopia,2009,30,Africa,23424808,Africa,Eastern Africa,6002268108,445763778.0,72940439058,8.23,0.61
Fiji,2009,30,Oceania,23424813,Oceania,Melanesia,18797865,,5556277438,0.34,
France,2009,30,Europe,-90,Europe,Western Europe,30550347656,18014804551.0,1919700194423,1.59,0.94
French Southern and Antarctic Lands,2009,30,Seven seas (open ocean),28289406,Seven seas (open ocean),Seven seas (open ocean),0,,0,,
Georgia,2009,30,Asia,23424823,Asia,Western Asia,119882646,,25769361456,0.47,
Germany,2009,30,Europe,23424829,Europe,Western Europe,1765748260,,2636011549739,0.07,
Greece,2009,30,Europe,23424833,Europe,Southern Europe,68099334,23677914.0,279773060222,0.02,0.01
Grenada,2009,30,North America,23424826,Americas,Caribbean,917890335,561128705.0,917890335,100.0,61.13
Guatemala,2009,30,North America,23424834,Americas,Central America,61022698094,52087077708.0,85281424856,71.55,61.08
Heard I. and McDonald Islands,2009,30,Seven seas (open ocean),28289411,Seven seas (open ocean),Seven seas (open ocean),0,,0,,
Honduras,2009,30,North America,23424841,Americas,Central America,581997029,13195777.0,27467283640,2.12,0.05
Iceland,2009,30,Europe,23424845,Europe,Northern Europe,11229120223,29093984.0,11753639776,95.54,0.25
Indonesia,2009,30,Asia,23424846,Asia,South-Eastern Asia,317738560502,221761651241.0,1686099200067,18.84,13.15
Iran,2009,30,Asia,23424851,Asia,Southern Asia,391597062,10446345.0,1095183030402,0.04,0.0
Italy,2009,30,Europe,23424853,Europe,Southern Europe,476778751171,293126209496.0,1675117434237,28.46,17.5
Japan,2009,30,Asia,23424856,Asia,Eastern Asia,189580707986,148819513306.0,3889446685658,4.87,3.83
Jordan,2009,30,Asia,23424860,Asia,Western Asia,922333,,61093662039,0.0,
Kenya,2009,30,Africa,23424863,Africa,Eastern Africa,3769022746,,70979669094,5.31,
Mexico,2009,30,North America,23424900,Americas,Central America,279242757704,3173331962.0,1387223001286,20.13,0.23
Mongolia,2009,30,Asia,23424887,Asia,Eastern Asia,23775765,,17631056676,0.13,
Montserrat,2009,30,North America,23424888,Americas,Caribbean,20974654,20974654.0,20974654,100.0,100.0
Myanmar,2009,30,Asia,23424763,Asia,South-Eastern Asia,663869271,,134793497534,0.49,
Netherlands,2009,30,Europe,-90,Europe,Western Europe,40624998,29574442.0,648323228769,0.01,0.0
New Zealand,2009,30,Oceania,23424916,Oceania,Australia and New Zealand,61376556945,1488559959.0,104988444046,58.46,1.42
Nicaragua,2009,30,North America,23424915,Americas,Central America,15775399001,15564501886.0,20171955078,78.2,77.16
Niger,2009,30,Africa,23424906,Africa,Western Africa,16204177,,14688552083,0.11,
Northern Mariana Islands,2009,30,Oceania,23424788,Oceania,Micronesia,0,,992382981,0.0,
Norway,2009,30,Europe,-90,Europe,Northern Europe,530920,,220879453381,0.0,
Panama,2009,30,North America,23424924,Americas,Central America,178686398,,47264094531,0.38,
Papua New Guinea,2009,30,Oceania,23424926,Oceania,Melanesia,934902098,523824405.0,11446432357,8.17,4.58
Peru,2009,30,South America,23424919,Americas,South America,11253564288,18283363.0,236826577205,4.75,0.01
Philippines,2009,30,Asia,23424934,Asia,South-Eastern Asia,19945833509,9829366141.0,433846098259,4.6,2.27
Portugal,2009,30,Europe,23424925,Europe,Southern Europe,2272925182,249780681.0,206864487641,1.1,0.12
Republic of Cabo Verde,2009,30,Africa,23424794,Africa,Western Africa,111250644,111250644.0,2193846508,5.07,5.07
Republic of Korea,2009,30,Asia,23424868,Asia,Eastern Asia,1734264227,,1348138062506,0.13,
Russian Federation,2009,30,Europe,23424936,Europe,Eastern Europe,1739553490,1611797238.0,1952197569837,0.09,0.08
Rwanda,2009,30,Africa,23424937,Africa,Eastern Africa,1526106240,563789497.0,11321682848,13.48,4.98
Saint Helena,2009,30,Seven seas (open ocean),23424944,Africa,Western Africa,4868614,,24902359,19.55,
Saint Kitts and Nevis,2009,30,North America,23424940,Americas,Caribbean,838425520,684217710.0,838425520,100.0,81.61
Saint Lucia,2009,30,North America,23424951,Americas,Caribbean,1671514292,,1674454366,99.82,
Saint Vincent and the Grenadines,2009,30,North America,23424981,Americas,Caribbean,683388405,683388405.0,721310456,94.74,94.74
Samoa,2009,30,Oceania,23424992,Oceania,Polynesia,650657448,,738317768,88.13,
Saudi Arabia,2009,30,Asia,23424938,Asia,Western Asia,8387337153,,1199098676885,0.7,
Solomon Islands,2009,30,Oceania,23424766,Oceania,Melanesia,19813146,9464187.0,699827248,2.83,1.35
South Africa,2009,30,Africa,23424942,Africa,Southern Africa,0,,528729415388,0.0,
South Georgia and the Islands,2009,30,Seven seas (open ocean),23424955,Seven seas (open ocean),Seven seas (open ocean),0,,0,,
Spain,2009,30,Europe,23424950,Europe,Southern Europe,32792555282,5791359244.0,1234523924840,2.66,0.47
Sudan,2009,30,Africa,-90,Africa,Northern Africa,136761440,,113583758678,0.12,
Taiwan,2009,30,Asia,23424971,Asia,Eastern Asia,197709030126,,519731513075,38.04,
Tanzania,2009,30,Africa,23424973,Africa,Eastern Africa,2491960961,397701774.0,76088795838,3.28,0.52
Turkey,2009,30,Asia,23424969,Asia,Western Asia,12360584150,159911909.0,839509927811,1.47,0.02
Uganda,2009,30,Africa,23424974,Africa,Eastern Africa,2070593439,,35996055397,5.75,
United States,2009,30,North America,23424977,Americas,Northern America,6613956065,245581816.0,13035969291113,0.05,0.0
Vanuatu,2009,30,Oceania,23424907,Oceania,Melanesia,244359558,110655311.0,492451533,49.62,22.47
Vatican,2009,30,Europe,23424986,Europe,Southern Europe,370497503,,370497503,100.0,
Yemen,2009,30,Asia,23425002,Asia,Western Asia,27965240420,26951924318.0,83018123311,33.69,32.47
Algeria,2010,30,Africa,23424740,Africa,Northern Africa,14085803,,418511737164,0.0,
American Samoa,2010,30,Oceania,23424746,Oceania,Polynesia,639300267,,639300267,100.0,
Antarctica,2010,30,Antarctica,28289409,Antarctica,Antarctica,0,0.0,0,,
Argentina,2010,30,South America,23424747,Americas,South America,177240377,814234.0,671162653571,0.03,0.0
Armenia,2010,30,Asia,23424743,Asia,Western Asia,430508632,,19681095040,2.19,
Australia,2010,30,Oceania,-90,Oceania,Australia and New Zealand,12788228,,759687510184,0.0,
Azerbaijan,2010,30,Asia,23424741,Asia,Western Asia,91175918,,122260485337,0.07,
Bolivia,2010,30,South America,23424762,Americas,South America,10423716,,47180375434,0.02,
Cameroon,2010,30,Africa,23424785,Africa,Middle Africa,1507037530,1200211320.0,49697749483,3.03,2.42
Canada,2010,30,North America,23424775,Americas,Northern America,119293397,1877815.0,1238657655881,0.01,0.0
Chad,2010,30,Africa,23424777,Africa,Middle Africa,2978648,,19781062684,0.02,
Chile,2010,30,South America,23424782,Americas,South America,704033116,588036890.0,246729434674,0.29,0.24
China,2010,30,Asia,23424781,Asia,Eastern Asia,28031995270,1229269859.0,11292800614482,0.25,0.01
Colombia,2010,30,South America,23424787,Americas,South America,12120426805,7279343420.0,438419619148,2.76,1.66
Comoros,2010,30,Africa,23424786,Africa,Eastern Africa,647180748,500048353.0,1205695221,53.68,41.47
Costa Rica,2010,30,North America,23424791,Americas,Central America,50738973052,37455921551.0,53532094854,94.78,69.97
Dem. Rep. Korea,2010,30,Asia,23424865,Asia,Eastern Asia,330241867,44662430.0,44248309436,0.75,0.1
Democratic Republic of the Congo,2010,30,Africa,23424780,Africa,Middle Africa,337050660,314054705.0,37476424264,0.9,0.84
Djibouti,2010,30,Africa,23424797,Africa,Eastern Africa,18538000,1388064.0,2138306145,0.87,0.06
Dominica,2010,30,North America,23424798,Americas,Caribbean,588117911,,588117911,100.0,
Ecuador,2010,30,South America,23424801,Americas,South America,51400504308,45123206545.0,115590085853,44.47,39.04
El Salvador,2010,30,North America,23424807,Americas,Central America,33313939140,29279850820.0,34384711964,96.89,85.15
Equatorial Guinea,2010,30,Africa,23424804,Africa,Middle Africa,11056279803,,24482544065,45.16,
Eritrea,2010,30,Africa,23424806,Africa,Eastern Africa,96565645,20783973.0,6565998341,1.47,0.32
Ethiopia,2010,30,Africa,23424808,Africa,Eastern Africa,7006021752,531659567.0,82040046462,8.54,0.65
Fiji,2010,30,Oceania,23424813,Oceania,Melanesia,19628940,,5595462983,0.35,
France,2010,30,Europe,-90,Europe,Western Europe,34006310529,15928535345.0,1948767009143,1.75,0.82
French Southern and Antarctic Lands,2010,30,Seven seas (open ocean),28289406,Seven seas (open ocean),Seven seas (open ocean),0,,0,,
Georgia,2010,30,Asia,23424823,Asia,Western Asia,106606940,,26720526270,0.4,
Germany,2010,30,Europe,23424829,Europe,Western Europe,1622271191,,2746934406553,0.06,
Greece,2010,30,Europe,23424833,Europe,Southern Europe,100693092,47165558.0,259453237440,0.04,0.02
Grenada,2010,30,North America,23424826,Americas,Caribbean,854118368,438234192.0,854118368,100.0,51.31
Guatemala,2010,30,North America,23424834,Americas,Central America,59581802671,49807710600.0,87996058674,67.71,56.6
Heard I. and McDonald Islands,2010,30,Seven seas (open ocean),28289411,Seven seas (open ocean),Seven seas (open ocean),0,,0,,
Honduras,2010,30,North America,23424841,Americas,Central America,732830662,14684135.0,28454281143,2.58,0.05
Iceland,2010,30,Europe,23424845,Europe,Northern Europe,10287554128,34222272.0,11111733571,92.58,0.31
Indonesia,2010,30,Asia,23424846,Asia,South-Eastern Asia,371457704092,261950989404.0,1805257644331,20.58,14.51
Iran,2010,30,Asia,23424851,Asia,Southern Asia,420975124,11211416.0,1157096081123,0.04,0.0
Italy,2010,30,Europe,23424853,Europe,Southern Europe,444707888754,276156655077.0,1687530194087,26.35,16.36
Japan,2010,30,Asia,23424856,Asia,Eastern Asia,194134173841,148175270302.0,4039829481525,4.81,3.67
Jordan,2010,30,Asia,23424860,Asia,Western Asia,1392042,,62457534150,0.0,
Kenya,2010,30,Africa,23424863,Africa,Eastern Africa,4590745226,,76841648794,5.97,
Mexico,2010,30,North America,23424900,Americas,Central America,299562135608,4615782366.0,1453330819231,20.61,0.32
Mongolia,2010,30,Asia,23424887,Asia,Eastern Asia,19207034,,18754074783,0.1,
Montserrat,2010,30,North America,23424888,Americas,Caribbean,28416418,28416418.0,28416418,100.0,100.0
Myanmar,2010,30,Asia,23424763,Asia,South-Eastern Asia,672164984,,147619068041,0.46,
Netherlands,2010,30,Europe,-90,Europe,Western Europe,31705392,21024397.0,653607201173,0.0,0.0
New Zealand,2010,30,Oceania,23424916,Oceania,Australia and New Zealand,54425513624,1464242601.0,106765467788,50.98,1.37
Nicaragua,2010,30,North America,23424915,Americas,Central America,15847545989,15593604128.0,21034005780,75.34,74.14
Niger,2010,30,Africa,23424906,Africa,Western Africa,17788854,,15957811879,0.11,
Northern Mariana Islands,2010,30,Oceania,23424788,Oceania,Micronesia,0,,1017812266,0.0,
Norway,2010,30,Europe,-90,Europe,Northern Europe,602636,,218322487996,0.0,
Panama,2010,30,North America,23424924,Americas,Central America,225889721,,50071432969,0.45,
Papua New Guinea,2010,30,Oceania,23424926,Oceania,Melanesia,1012199076,569533951.0,12556566130,8.06,4.54
Peru,2010,30,South America,23424919,Americas,South America,11677469332,20619734.0,255800708304,4.57,0.01
Philippines,2010,30,Asia,23424934,Asia,South-Eastern Asia,27076743648,14265524878.0,459471809009,5.89,3.1
Portugal,2010,30,Europe,23424925,Europe,Southern Europe,1838097610,342254604.0,204219756063,0.9,0.17
Republic of Cabo Verde,2010,30,Africa,23424794,Africa,Western Africa,132213331,132213331.0,2098333773,6.3,6.3
Republic of Korea,2010,30,Asia,23424868,Asia,Eastern Asia,3095784735,,1430174716049,0.22,
Russian Federation,2010,30,Europe,23424936,Europe,Eastern Europe,1891725128,1733594406.0,2035194284725,0.09,0.09
Rwanda,2010,30,Africa,23424937,Africa,Eastern Africa,1459913739,561533999.0,12230782691,11.94,4.59
Saint Helena,2010,30,Seven seas (open ocean),23424944,Africa,Western Africa,6466301,,12463008,51.88,
Saint Kitts and Nevis,2010,30,North America,23424940,Americas,Caribbean,844768872,750872523.0,844768872,100.0,88.88
Saint Lucia,2010,30,North America,23424951,Americas,Caribbean,1706698900,,1708169498,99.91,
Saint Vincent and the Grenadines,2010,30,North America,23424981,Americas,Caribbean,359911615,359911615.0,389222231,92.47,92.47
Samoa,2010,30,Oceania,23424992,Oceania,Polynesia,703530926,,796427572,88.34,
Saudi Arabia,2010,30,Asia,23424938,Asia,Western Asia,11407389033,,1262847565600,0.9,
Solomon Islands,2010,30,Oceania,23424766,Oceania,Melanesia,21605235,12814989.0,772065095,2.8,1.66
South Africa,2010,30,Africa,23424942,Africa,Southern Africa,0,,543708209165,0.0,
South Georgia and the Islands,2010,30,Seven seas (open ocean),23424955,Seven seas (open ocean),Seven seas (open ocean),0,,0,,
Spain,2010,30,Europe,23424950,Europe,Southern Europe,37357341537,6574647511.0,1232566963373,3.03,0.53
Sudan,2010,30,Africa,-90,Africa,Northern Africa,148217163,,116605572898,0.13,
Taiwan,2010,30,Asia,23424971,Asia,Eastern Asia,192566136010,,528796280456,36.42,
Tanzania,2010,30,Africa,23424973,Africa,Eastern Africa,2897968746,418335792.0,81170554867,3.57,0.52
Turkey,2010,30,Asia,23424969,Asia,Western Asia,16942481753,355160383.0,910768933048,1.86,0.04
Uganda,2010,30,Africa,23424974,Africa,Eastern Africa,2081728064,,38044573578,5.47,
United States,2010,30,North America,23424977,Americas,Northern America,8835446604,302660050.0,13341506959840,0.07,0.0
Vanuatu,2010,30,Oceania,23424907,Oceania,Melanesia,215113123,117804391.0,469604587,45.81,25.09
Vatican,2010,30,Europe,23424986,Europe,Southern Europe,477844323,,477844323,100.0,
Yemen,2010,30,Asia,23425002,Asia,Western Asia,24993165655,23859416215.0,88281700993,28.31,27.03
Algeria,2011,30,Africa,23424740,Africa,Northern Africa,6886729,,428392028062,0.0,
American Samoa,2011,30,Oceania,23424746,Oceania,Polynesia,672370864,,672370864,100.0,
Antarctica,2011,30,Antarctica,28289409,Antarctica,Antarctica,0,0.0,0,,
Argentina,2011,30,South America,23424747,Americas,South America,65212576,322257.0,710800006984,0.01,0.0
Armenia,2011,30,Asia,23424743,Asia,Western Asia,386205223,,20602856613,1.87,
Australia,2011,30,Oceania,-90,Oceania,Australia and New Zealand,9585986,,784638037966,0.0,
Azerbaijan,2011,30,Asia,23424741,Asia,Western Asia,101187953,,120279208931,0.08,
Bolivia,2011,30,South America,23424762,Americas,South America,7095101,,49687385416,0.01,
Cameroon,2011,30,Africa,23424785,Africa,Middle Africa,1374432494,1107513488.0,51832659004,2.65,2.14
Canada,2011,30,North America,23424775,Americas,Northern America,72622325,1433864.0,1273292110103,0.01,0.0
Chad,2011,30,Africa,23424777,Africa,Middle Africa,2978171,,19776341232,0.02,
Chile,2011,30,South America,23424782,Americas,South America,563955584,498054435.0,262825771666,0.21,0.19
China,2011,30,Asia,23424781,Asia,Eastern Asia,32861822272,1044329954.0,12429783448598,0.26,0.01
Colombia,2011,30,South America,23424787,Americas,South America,7459825523,4779525249.0,469621881904,1.59,1.02
Comoros,2011,30,Africa,23424786,Africa,Eastern Africa,693788399,545100416.0,1273557510,54.48,42.8
Costa Rica,2011,30,North America,23424791,Americas,Central America,54213565250,42945753103.0,55903656780,96.98,76.82
Dem. Rep. Korea,2011,30,Asia,23424865,Asia,Eastern Asia,308329266,41725913.0,44291499530,0.7,0.09
Democratic Republic of the Congo,2011,30,Africa,23424780,Africa,Middle Africa,261403173,242728457.0,39988367023,0.65,0.61
Djibouti,2011,30,Africa,23424797,Africa,Eastern Africa,15513973,1285872.0,1745760479,0.89,0.07
Dominica,2011,30,North America,23424798,Americas,Caribbean,603500459,,603500459,100.0,
Ecuador,2011,30,South America,23424801,Americas,South America,51184810412,46966536207.0,123632824073,41.4,37.99
El Salvador,2011,30,North America,23424807,Americas,Central America,34609301221,30895898178.0,35709037036,96.92,86.52
Equatorial Guinea,2011,30,Africa,23424804,Africa,Middle Africa,15121029078,,26874313257,56.27,
Eritrea,2011,30,Africa,23424806,Africa,Eastern Africa,107968760,20594847.0,7118522605,1.52,0.29
Ethiopia,2011,30,Africa,23424808,Africa,Eastern Africa,7276234124,513028407.0,91236452152,7.98,0.56
Fiji,2011,30,Oceania,23424813,Oceania,Melanesia,23072570,,5818046958,0.4,
France,2011,30,Europe,-90,Europe,Western Europe,30304760824,17346674982.0,2002561794744,1.51,0.87
French Southern and Antarctic Lands,2011,30,Seven seas (open ocean),28289406,Seven seas (open ocean),Seven seas (open ocean),0,,0,,
Georgia,2011,30,Asia,23424823,Asia,Western Asia,100156227,,27861863485,0.36,
Germany,2011,30,Europe,23424829,Europe,Western Europe,1835636138,,2908315449121,0.06,
Greece,2011,30,Europe,23424833,Europe,Southern Europe,60592191,33989807.0,236285699513,0.03,0.01
Grenada,2011,30,North America,23424826,Americas,Caribbean,926204099,525516083.0,926204099,100.0,56.74
Guatemala,2011,30,North America,23424834,Americas,Central America,63434869273,55031077072.0,91989203017,68.96,59.82
Heard I. and McDonald Islands,2011,30,Seven seas (open ocean),28289411,Seven seas (open ocean),Seven seas (open ocean),0,,0,,
Honduras,2011,30,North America,23424841,Americas,Central America,492309531,10840906.0,29604631919,1.66,0.04
Iceland,2011,30,Europe,23424845,Europe,Northern Europe,11453834904,28506377.0,11820464121,96.9,0.24
Indonesia,2011,30,Asia,23424846,Asia,South-Eastern Asia,345050654261,245402675669.0,1912563332437,18.04,12.83
Iran,2011,30,Asia,23424851,Asia,Southern Asia,378740695,6425872.0,1186182492925,0.03,0.0
Italy,2011,30,Europe,23424853,Europe,Southern Europe,503981724670,274359758081.0,1720749407008,29.29,15.94
Japan,2011,30,Asia,23424856,Asia,Eastern Asia,155267824531,120535341015.0,4051919676816,3.83,2.97
Jordan,2011,30,Asia,23424860,Asia,Western Asia,920599,,64142285257,0.0,
Kenya,2011,30,Africa,23424863,Africa,Eastern Africa,4743837404,,81504331954,5.82,
Mexico,2011,30,North America,23424900,Americas,Central America,274361666371,3475319464.0,1516055922122,18.1,0.23
Mongolia,2011,30,Asia,23424887,Asia,Eastern Asia,13171108,,22002448046,0.06,
Montserrat,2011,30,North America,23424888,Americas,Caribbean,19090713,19090713.0,19090713,100.0,100.0
Myanmar,2011,30,Asia,23424763,Asia,South-Eastern Asia,597961526,,156590647610,0.38,
Netherlands,2011,30,Europe,-90,Europe,Western Europe,56823585,46302660.0,663946079217,0.01,0.01
New Zealand,2011,30,Oceania,23424916,Oceania,Australia and New Zealand,61831048165,1240401573.0,102632417226,60.25,1.21
Nicaragua,2011,30,North America,23424915,Americas,Central America,17968165704,17753305299.0,22386951849,80.26,79.3
Niger,2011,30,Africa,23424906,Africa,Western Africa,15303285,,16317675638,0.09,
Northern Mariana Islands,2011,30,Oceania,23424788,Oceania,Micronesia,0,,945975041,0.0,
Norway,2011,30,Europe,-90,Europe,Northern Europe,649266,,224761778565,0.0,
Panama,2011,30,North America,23424924,Americas,Central America,160248036,,55729032211,0.29,
Papua New Guinea,2011,30,Oceania,23424926,Oceania,Melanesia,979162159,542866047.0,12763097960,7.67,4.25
Peru,2011,30,South America,23424919,Americas,South America,13522965190,16775593.0,272832299191,4.96,0.01
Philippines,2011,30,Asia,23424934,Asia,South-Eastern Asia,23475193943,11768903982.0,481164263936,4.88,2.45
Portugal,2011,30,Europe,23424925,Europe,Southern Europe,1276789221,245009839.0,200527480076,0.64,0.12
Republic of Cabo Verde,2011,30,Africa,23424794,Africa,Western Africa,130829395,130829395.0,2280331010,5.74,5.74
Republic of Korea,2011,30,Asia,23424868,Asia,Eastern Asia,2296874669,,1486651265055,0.15,
Russian Federation,2011,30,Europe,23424936,Europe,Eastern Europe,2113434078,2000079248.0,2125075838423,0.1,0.09
Rwanda,2011,30,Africa,23424937,Africa,Eastern Africa,1516623362,568575248.0,13172962722,11.51,4.32
Saint Helena,2011,30,Seven seas (open ocean),23424944,Africa,Western Africa,5578374,,28414067,19.63,
Saint Kitts and Nevis,2011,30,North America,23424940,Americas,Caribbean,880968265,727003300.0,880968265,100.0,82.52
Saint Lucia,2011,30,North America,23424951,Americas,Caribbean,1822630228,,1828953677,99.65,
Saint Vincent and the Grenadines,2011,30,North America,23424981,Americas,Caribbean,621969561,621969561.0,656810152,94.7,94.7
Samoa,2011,30,Oceania,23424992,Oceania,Polynesia,679770451,,773706648,87.86,
Saudi Arabia,2011,30,Asia,23424938,Asia,Western Asia,11238667779,,1388140506412,0.81,
Solomon Islands,2011,30,Oceania,23424766,Oceania,Melanesia,22474877,10831083.0,831857669,2.7,1.3
South Africa,2011,30,Africa,23424942,Africa,Southern Africa,0,,562647117453,0.0,
South Georgia and the Islands,2011,30,Seven seas (open ocean),23424955,Seven seas (open ocean),Seven seas (open ocean),0,,0,,
Spain,2011,30,Europe,23424950,Europe,Southern Europe,26000389279,4490564184.0,1236161714272,2.1,0.36
Sudan,2011,30,Africa,-90,Africa,Northern Africa,128896784,,118731978155,0.11,
Taiwan,2011,30,Asia,23424971,Asia,Eastern Asia,217754998082,,531388329944,40.98,
Tanzania,2011,30,Africa,23424973,Africa,Eastern Africa,2322895792,383538258.0,86782098626,2.68,0.44
Turkey,2011,30,Asia,23424969,Asia,Western Asia,16583958920,165046322.0,1004620725853,1.65,0.02
Uganda,2011,30,Africa,23424974,Africa,Eastern Africa,2240017936,,41581443746,5.39,
United States,2011,30,North America,23424977,Americas,Northern America,5050119908,229627706.0,13509555640604,0.04,0.0
Vanuatu,2011,30,Oceania,23424907,Oceania,Melanesia,260783698,114433599.0,512906538,50.84,22.31
Vatican,2011,30,Europe,23424986,Europe,Southern Europe,490141577,,490141577,100.0,
Yemen,2011,30,Asia,23425002,Asia,Western Asia,16928496522,15969122420.0,76674785239,22.08,20.83
Algeria,2012,30,Africa,23424740,Africa,Northern Africa,5169117,,437483011123,0.0,
American Samoa,2012,30,Oceania,23424746,Oceania,Polynesia,671022221,,671022221,100.0,
Antarctica,2012,30,Antarctica,28289409,Antarctica,Antarctica,0,0.0,0,,
Argentina,2012,30,South America,23424747,Americas,South America,216361057,437143.0,702279764713,0.03,0.0
Armenia,2012,30,Asia,23424743,Asia,Western Asia,348366254,,22066650521,1.58,
Australia,2012,30,Oceania,-90,Oceania,Australia and New Zealand,8376127,,812162750696,0.0,
Azerbaijan,2012,30,Asia,23424741,Asia,Western Asia,60686836,,122784414596,0.05,
Bolivia,2012,30,South America,23424762,Americas,South America,5825796,,52177258197,0.01,
Cameroon,2012,30,Africa,23424785,Africa,Middle Africa,1244581947,1010987299.0,54206216754,2.3,1.87
Canada,2012,30,North America,23424775,Americas,Northern America,68768204,1325299.0,1304133472871,0.01,0.0
Chad,2012,30,Africa,23424777,Africa,Middle Africa,2788728,,21527652611,0.01,
Chile,2012,30,South America,23424782,Americas,South America,666403484,577939051.0,275513057279,0.24,0.21
China,2012,30,Asia,23424781,Asia,Eastern Asia,31424971989,876597094.0,13414982046414,0.23,0.01
Colombia,2012,30,South America,23424787,Americas,South America,10758738807,6283946165.0,485613326965,2.22,1.29
Comoros,2012,30,Africa,23424786,Africa,Eastern Africa,740318734,587669066.0,1312974090,56.38,44.76
Costa Rica,2012,30,North America,23424791,Americas,Central America,56455095227,42271585756.0,58620053929,96.31,72.11
Dem. Rep. Korea,2012,30,Asia,23424865,Asia,Eastern Asia,338136203,44088537.0,45469886103,0.74,0.1
Democratic Republic of the Congo,2012,30,Africa,23424780,Africa,Middle Africa,321236756,304470469.0,42481576654,0.76,0.72
Djibouti,2012,30,Africa,23424797,Africa,Eastern Africa,19513033,1303276.0,1564643228,1.25,0.08
Dominica,2012,30,North America,23424798,Americas,Caribbean,610682545,,610682545,100.0,
Ecuador,2012,30,South America,23424801,Americas,South America,52891308252,47693958266.0,132782865501,39.83,35.92
El Salvador,2012,30,North America,23424807,Americas,Central America,35780811671,32441866932.0,36728397582,97.42,88.33
Equatorial Guinea,2012,30,Africa,23424804,Africa,Middle Africa,15558747616,,26731367832,58.2,
Eritrea,2012,30,Africa,23424806,Africa,Eastern Africa,108537008,20764643.0,7198011547,1.51,0.29
Ethiopia,2012,30,Africa,23424808,Africa,Eastern Africa,9034549962,582469518.0,99100319860,9.12,0.59
Fiji,2012,30,Oceania,23424813,Oceania,Melanesia,22960038,,5984059715,0.38,
France,2012,30,Europe,-90,Europe,Western Europe,30639621666,17992672882.0,2008639598483,1.53,0.9
French Southern and Antarctic Lands,2012,30,Seven seas (open ocean),28289406,Seven seas (open ocean),Seven seas (open ocean),0,,0,,
Georgia,2012,30,Asia,23424823,Asia,Western Asia,65920945,,29233687128,0.23,
Germany,2012,30,Europe,23424829,Europe,Western Europe,1568261524,,2918807789281,0.05,
Greece,2012,30,Europe,23424833,Europe,Southern Europe,56406850,28112936.0,218607222884,0.03,0.01
Grenada,2012,30,North America,23424826,Americas,Caribbean,958106071,555550390.0,958106071,100.0,57.98
Guatemala,2012,30,North America,23424834,Americas,Central America,63123937266,54875658846.0,95085942296,66.39,57.71
Heard I. and McDonald Islands,2012,30,Seven seas (open ocean),28289411,Seven seas (open ocean),Seven seas (open ocean),0,,0,,
Honduras,2012,30,North America,23424841,Americas,Central America,454114266,8436892.0,30671577291,1.48,0.03
Iceland,2012,30,Europe,23424845,Europe,Northern Europe,10313221888,39641070.0,11344736378,90.91,0.35
Indonesia,2012,30,Asia,23424846,Asia,South-Eastern Asia,434219917224,308675873351.0,2029229974717,21.4,15.21
Iran,2012,30,Asia,23424851,Asia,Southern Asia,500553399,6205890.0,1097471461397,0.05,0.0
Italy,2012,30,Europe,23424853,Europe,Southern Europe,406751546602,215620650295.0,1669300196615,24.37,12.92
Japan,2012,30,Asia,23424856,Asia,Eastern Asia,174691961669,142639819474.0,4112664912324,4.25,3.47
Jordan,2012,30,Asia,23424860,Asia,Western Asia,1123601,,65703321203,0.0,
Kenya,2012,30,Africa,23424863,Africa,Eastern Africa,4692385169,,85298961507,5.5,
Mexico,2012,30,North America,23424900,Americas,Central America,272292310681,5487526341.0,1569862379801,17.34,0.35
Mongolia,2012,30,Asia,23424887,Asia,Eastern Asia,13612268,,24708028438,0.06,
Montserrat,2012,30,North America,23424888,Americas,Caribbean,17921066,17921066.0,17921066,100.0,100.0
Myanmar,2012,30,Asia,23424763,Asia,South-Eastern Asia,595430632,,168369389737,0.35,
Netherlands,2012,30,Europe,-90,Europe,Western Europe,84179870,70440682.0,656032336136,0.01,0.01
New Zealand,2012,30,Oceania,23424916,Oceania,Australia and New Zealand,54640898175,1814563268.0,107076714156,51.03,1.69
Nicaragua,2012,30,North America,23424915,Americas,Central America,19964371589,19792243410.0,23847252535,83.72,83.0
Niger,2012,30,Africa,23424906,Africa,Western Africa,16995375,,18041277190,0.09,
Northern Mariana Islands,2012,30,Oceania,23424788,Oceania,Micronesia,0,,941973583,0.0,
Norway,2012,30,Europe,-90,Europe,Northern Europe,676031,,231891587193,0.0,
Panama,2012,30,North America,23424924,Americas,Central America,153377019,,60637585311,0.25,
Papua New Guinea,2012,30,Oceania,23424926,Oceania,Melanesia,941745167,521863349.0,13366896829,7.05,3.9
Peru,2012,30,South America,23424919,Americas,South America,9389386803,14378999.0,289523557841,3.24,0.0
Philippines,2012,30,Asia,23424934,Asia,South-Eastern Asia,26376643463,12326728242.0,518457422841,5.09,2.38
Portugal,2012,30,Europe,23424925,Europe,Southern Europe,2671998314,296094608.0,195342602021,1.37,0.15
Republic of Cabo Verde,2012,30,Africa,23424794,Africa,Western Africa,112375781,112375781.0,2336918484,4.81,4.81
Republic of Korea,2012,30,Asia,23424868,Asia,Eastern Asia,1917826174,,1530519002085,0.13,
Russian Federation,2012,30,Europe,23424936,Europe,Eastern Europe,1771794772,1659769116.0,2211736085159,0.08,0.08
Rwanda,2012,30,Africa,23424937,Africa,Eastern Africa,1554220760,666096173.0,14429328937,10.77,4.62
Saint Helena,2012,30,Seven seas (open ocean),23424944,Africa,Western Africa,5683937,,32313716,17.59,
Saint Kitts and Nevis,2012,30,North America,23424940,Americas,Caribbean,863572910,749877387.0,863572910,100.0,86.83
Saint Lucia,2012,30,North America,23424951,Americas,Caribbean,1608818696,,1611330227,99.84,
Saint Vincent and the Grenadines,2012,30,North America,23424981,Americas,Caribbean,602865296,602865296.0,631695914,95.44,95.44
Samoa,2012,30,Oceania,23424992,Oceania,Polynesia,633207673,,710762857,89.09,
Saudi Arabia,2012,30,Asia,23424938,Asia,Western Asia,11900829137,,1465316469977,0.81,
Solomon Islands,2012,30,Oceania,23424766,Oceania,Melanesia,17645047,8630998.0,899902993,1.96,0.96
South Africa,2012,30,Africa,23424942,Africa,Southern Africa,0,,575167744180,0.0,
South Georgia and the Islands,2012,30,Seven seas (open ocean),23424955,Seven seas (open ocean),Seven seas (open ocean),0,,0,,
Spain,2012,30,Europe,23424950,Europe,Southern Europe,27498944011,3909250173.0,1196336345066,2.3,0.33
Sudan,2012,30,Africa,-90,Africa,Northern Africa,136885577,,119123261127,0.11,
Taiwan,2012,30,Asia,23424971,Asia,Eastern Asia,232859876689,,531962940711,43.77,
Tanzania,2012,30,Africa,23424973,Africa,Eastern Africa,3440038100,368705750.0,90515468514,3.8,0.41
Turkey,2012,30,Asia,23424969,Asia,Western Asia,14664112383,375399819.0,1056411235737,1.39,0.04
Uganda,2012,30,Africa,23424974,Africa,Eastern Africa,2181576451,,43185394929,5.05,
United States,2012,30,North America,23424977,Americas,Northern America,7074648295,212775277.0,13842892289775,0.05,0.0
Vanuatu,2012,30,Oceania,23424907,Oceania,Melanesia,242052952,104711697.0,528270953,45.82,19.82
Vatican,2012,30,Europe,23424986,Europe,Southern Europe,389325024,,389325024,100.0,
Yemen,2012,30,Asia,23425002,Asia,Western Asia,26321828008,25410628485.0,82640294892,31.85,30.75
Algeria,2013,30,Africa,23424740,Africa,Northern Africa,4208187,,450619265943,0.0,
American Samoa,2013,30,Oceania,23424746,Oceania,Polynesia,653133667,,653133667,100.0,
Antarctica,2013,30,Antarctica,28289409,Antarctica,Antarctica,0,0.0,0,,
Argentina,2013,30,South America,23424747,Americas,South America,224091347,426102.0,718160665589,0.03,0.0
Armenia,2013,30,Asia,23424743,Asia,Western Asia,517814373,,22771002900,2.27,
Australia,2013,30,Oceania,-90,Oceania,Australia and New Zealand,9117914,,830115703630,0.0,
Azerbaijan,2013,30,Asia,23424741,Asia,Western Asia,58352064,,129965261958,0.04,
Bolivia,2013,30,South America,23424762,Americas,South America,5700924,,55692118618,0.01,
Cameroon,2013,30,Africa,23424785,Africa,Middle Africa,1311705942,1071292427.0,57167879882,2.29,1.87
Canada,2013,30,North America,23424775,Americas,Northern America,127574748,1412900.0,1338602597655,0.01,0.0
Chad,2013,30,Africa,23424777,Africa,Middle Africa,3264195,,22784189236,0.01,
Chile,2013,30,South America,23424782,Americas,South America,1051456412,974020192.0,286711037531,0.37,0.34
China,2013,30,Asia,23424781,Asia,Eastern Asia,38373291090,922392546.0,14437383251778,0.27,0.01
Colombia,2013,30,South America,23424787,Americas,South America,13491040725,8538044396.0,510815875138,2.64,1.67
Comoros,2013,30,Africa,23424786,Africa,Eastern Africa,789291355,628451740.0,1367126215,57.73,45.97
Costa Rica,2013,30,North America,23424791,Americas,Central America,56627413176,42597321264.0,60050958806,94.3,70.94
Dem. Rep. Korea,2013,30,Asia,23424865,Asia,Eastern Asia,340993897,46410680.0,45459091817,0.75,0.1
Democratic Republic of the Congo,2013,30,Africa,23424780,Africa,Middle Africa,462842725,445276476.0,46018636951,1.01,0.97
Djibouti,2013,30,Africa,23424797,Africa,Eastern Africa,34908312,2286987.0,2264296348,1.54,0.1
Dominica,2013,30,North America,23424798,Americas,Caribbean,610570778,,610570778,100.0,
Ecuador,2013,30,South America,23424801,Americas,South America,58698865035,51736570645.0,140102817256,41.9,36.93
El Salvador,2013,30,North America,23424807,Americas,Central America,36582514985,32742122895.0,37544623350,97.44,87.21
Equatorial Guinea,2013,30,Africa,23424804,Africa,Middle Africa,15011727167,,26307535941,57.06,
Eritrea,2013,30,Africa,23424806,Africa,Eastern Africa,118966794,24520794.0,7280547565,1.63,0.34
Ethiopia,2013,30,Africa,23424808,Africa,Eastern Africa,11457094508,653469781.0,109586598709,10.45,0.6
Fiji,2013,30,Oceania,23424813,Oceania,Melanesia,14893356,,6038115086,0.25,
France,2013,30,Europe,-90,Europe,Western Europe,25587678285,15857534799.0,2017620827761,1.27,0.79
French Southern and Antarctic Lands,2013,30,Seven seas (open ocean),28289406,Seven seas (open ocean),Seven seas (open ocean),0,,0,,
Georgia,2013,30,Asia,23424823,Asia,Western Asia,52300516,,30591714518,0.17,
Germany,2013,30,Europe,23424829,Europe,Western Europe,2130646041,,2927650255215,0.07,
Greece,2013,30,Europe,23424833,Europe,Southern Europe,54486793,25041178.0,211524172202,0.03,0.01
Grenada,2013,30,North America,23424826,Americas,Caribbean,953911960,539696396.0,953911960,100.0,56.58
Guatemala,2013,30,North America,23424834,Americas,Central America,69479811428,60416881522.0,98957018380,70.21,61.05
Heard I. and McDonald Islands,2013,30,Seven seas (open ocean),28289411,Seven seas (open ocean),Seven seas (open ocean),0,,0,,
Honduras,2013,30,North America,23424841,Americas,Central America,508999065,7196299.0,31539864756,1.61,0.02
Iceland,2013,30,Europe,23424845,Europe,Northern Europe,9463236500,202676653.0,11752907572,80.52,1.72
Indonesia,2013,30,Asia,23424846,Asia,South-Eastern Asia,466282226844,321483797840.0,2135815313410,21.83,15.05
Iran,2013,30,Asia,23424851,Asia,Southern Asia,496688978,6049596.0,1093908763139,0.05,0.0
Italy,2013,30,Europe,23424853,Europe,Southern Europe,392353825498,211994240333.0,1622242485527,24.19,13.07
Japan,2013,30,Asia,23424856,Asia,Eastern Asia,155568172272,121076222292.0,4186018437018,3.72,2.89
Jordan,2013,30,Asia,23424860,Asia,Western Asia,1191179,,67388726765,0.0,
Kenya,2013,30,Africa,23424863,Africa,Eastern Africa,5188242719,,90286313637,5.75,
Mexico,2013,30,North America,23424900,Americas,Central America,266228322348,6098596479.0,1589104356513,16.75,0.38
Mongolia,2013,30,Asia,23424887,Asia,Eastern Asia,19226400,,27587779248,0.07,
Montserrat,2013,30,North America,23424888,Americas,Caribbean,21354348,21354348.0,21354348,100.0,100.0
Myanmar,2013,30,Asia,23424763,Asia,South-Eastern Asia,676759903,,182192089870,0.37,
Netherlands,2013,30,Europe,-90,Europe,Western Europe,107078934,99543840.0,656185086879,0.02,0.02
New Zealand,2013,30,Oceania,23424916,Oceania,Australia and New Zealand,52932330285,1962081083.0,110494181744,47.91,1.78
Nicaragua,2013,30,North America,23424915,Americas,Central America,20752646466,20567273739.0,25009441662,82.98,82.24
Niger,2013,30,Africa,23424906,Africa,Western Africa,20763826,,19048625700,0.11,
Northern Mariana Islands,2013,30,Oceania,23424788,Oceania,Micronesia,0,,957209324,0.0,
Norway,2013,30,Europe,-90,Europe,Northern Europe,629268,,234927711942,0.0,
Panama,2013,30,North America,23424924,Americas,Central America,229839410,,64923894951,0.35,
Papua New Guinea,2013,30,Oceania,23424926,Oceania,Melanesia,961505080,534345770.0,13897665808,6.92,3.84
Peru,2013,30,South America,23424919,Americas,South America,14564089181,18305944.0,306371911188,4.75,0.01
Philippines,2013,30,Asia,23424934,Asia,South-Eastern Asia,37899160787,18786946275.0,542239781959,6.99,3.46
Portugal,2013,30,Europe,23424925,Europe,Southern Europe,3018909525,346186879.0,192221957050,1.57,0.18
Republic of Cabo Verde,2013,30,Africa,23424794,Africa,Western Africa,108457150,108457150.0,2331272959,4.65,4.65
Republic of Korea,2013,30,Asia,23424868,Asia,Eastern Asia,4326857901,,1574606682633,0.27,
Russian Federation,2013,30,Europe,23424936,Europe,Eastern Europe,2874487051,2702909270.0,2251693301456,0.13,0.12
Rwanda,2013,30,Africa,23424937,Africa,Eastern Africa,1452651464,623606346.0,15125257930,9.6,4.12
Saint Helena,2013,30,Seven seas (open ocean),23424944,Africa,Western Africa,7265980,,38252028,19.0,
Saint Kitts and Nevis,2013,30,North America,23424940,Americas,Caribbean,910618148,787782867.0,910618148,100.0,86.51
Saint Lucia,2013,30,North America,23424951,Americas,Caribbean,1632252720,,1634937529,99.84,
Saint Vincent and the Grenadines,2013,30,North America,23424981,Americas,Caribbean,566797630,566797630.0,593414648,95.51,95.51
Samoa,2013,30,Oceania,23424992,Oceania,Polynesia,638965237,,714897512,89.38,
Saudi Arabia,2013,30,Asia,23424938,Asia,Western Asia,13019204214,,1504735643245,0.87,
Solomon Islands,2013,30,Oceania,23424766,Oceania,Melanesia,17900771,8907867.0,961480507,1.86,0.93
South Africa,2013,30,Africa,23424942,Africa,Southern Africa,0,,588168764164,0.0,
South Georgia and the Islands,2013,30,Seven seas (open ocean),23424955,Seven seas (open ocean),Seven seas (open ocean),0,,0,,
Spain,2013,30,Europe,23424950,Europe,Southern Europe,24580482119,3635446032.0,1173254540828,2.1,0.31
Sudan,2013,30,Africa,-90,Africa,Northern Africa,181012989,,122661182628,0.15,
Taiwan,2013,30,Asia,23424971,Asia,Eastern Asia,236599280933,,533325542251,44.36,
Tanzania,2013,30,Africa,23424973,Africa,Eastern Africa,4574277068,424414978.0,96295071537,4.75,0.44
Turkey,2013,30,Asia,23424969,Asia,Western Asia,22685591558,596999100.0,1151625223907,1.97,0.05
Uganda,2013,30,Africa,23424974,Africa,Eastern Africa,2251260225,,44740032484,5.03,
United States,2013,30,North America,23424977,Americas,Northern America,8117969326,213744703.0,14098133203496,0.06,0.0
Vanuatu,2013,30,Oceania,23424907,Oceania,Melanesia,245695372,106077107.0,530829894,46.29,19.98
Vatican,2013,30,Europe,23424986,Europe,Southern Europe,371590218,,371590218,100.0,
Yemen,2013,30,Asia,23425002,Asia,Western Asia,29548739316,28296242723.0,86158905686,34.3,32.84
Algeria,2014,30,Africa,23424740,Africa,Northern Africa,3996067,,467847923714,0.0,
American Samoa,2014,30,Oceania,23424746,Oceania,Polynesia,659366713,,659366713,100.0,
Antarctica,2014,30,Antarctica,28289409,Antarctica,Antarctica,0,0.0,0,,
Argentina,2014,30,South America,23424747,Americas,South America,187063843,443635.0,699841499888,0.03,0.0
Armenia,2014,30,Asia,23424743,Asia,Western Asia,707518600,,23590375429,3.0,
Australia,2014,30,Oceania,-90,Oceania,Australia and New Zealand,9268079,,850867268273,0.0,
Azerbaijan,2014,30,Asia,23424741,Asia,Western Asia,68181896,,133575844575,0.05,
Bolivia,2014,30,South America,23424762,Americas,South America,5567557,,58746649940,0.01,
Cameroon,2014,30,Africa,23424785,Africa,Middle Africa,1295888445,1070573854.0,60532497493,2.14,1.77
Canada,2014,30,North America,23424775,Americas,Northern America,156233977,1187450.0,1375336647102,0.01,0.0
Chad,2014,30,Africa,23424777,Africa,Middle Africa,3731944,,24336254505,0.02,
Chile,2014,30,South America,23424782,Americas,South America,1061571740,977298640.0,291853601321,0.36,0.33
China,2014,30,Asia,23424781,Asia,Eastern Asia,41355055652,1059662767.0,15512945599373,0.27,0.01
Colombia,2014,30,South America,23424787,Americas,South America,14502523543,8643049462.0,534233044001,2.71,1.62
Comoros,2014,30,Africa,23424786,Africa,Eastern Africa,807515791,647712093.0,1398354326,57.75,46.32
Costa Rica,2014,30,North America,23424791,Americas,Central America,58582717212,43753014034.0,62177811254,94.22,70.37
Dem. Rep. Korea,2014,30,Asia,23424865,Asia,Eastern Asia,355189977,50274655.0,45755250783,0.78,0.11
Democratic Republic of the Congo,2014,30,Africa,23424780,Africa,Middle Africa,429121167,410180627.0,50365735978,0.85,0.81
Djibouti,2014,30,Africa,23424797,Africa,Eastern Africa,39071736,2511697.0,2402627716,1.63,0.1
Dominica,2014,30,North America,23424798,Americas,Caribbean,637614821,,637614821,100.0,
Ecuador,2014,30,South America,23424801,Americas,South America,57757514806,50671343423.0,145185816976,39.78,34.9
El Salvador,2014,30,North America,23424807,Americas,Central America,37148625702,33250945686.0,38165372923,97.34,87.12
Equatorial Guinea,2014,30,Africa,23424804,Africa,Middle Africa,14933663622,,26410938952,56.54,
Eritrea,2014,30,Africa,23424806,Africa,Eastern Africa,125682689,25289141.0,7346628911,1.71,0.34
Ethiopia,2014,30,Africa,23424808,Africa,Eastern Africa,12945857976,690391754.0,120806828109,10.72,0.57
Fiji,2014,30,Oceania,23424813,Oceania,Melanesia,15819758,,6418516931,0.25,
France,2014,30,Europe,-90,Europe,Western Europe,27491417981,15751833537.0,2036364852856,1.35,0.77
French Southern and Antarctic Lands,2014,30,Seven seas (open ocean),28289406,Seven seas (open ocean),Seven seas (open ocean),0,,0,,
Georgia,2014,30,Asia,23424823,Asia,Western Asia,64219461,,31792586001,0.2,
Germany,2014,30,Europe,23424829,Europe,Western Europe,1735991425,,2990082167263,0.06,
Greece,2014,30,Europe,23424833,Europe,Southern Europe,58020036,29208030.0,213454793472,0.03,0.01
Grenada,2014,30,North America,23424826,Americas,Caribbean,1020224410,562186697.0,1020224410,100.0,55.1
Guatemala,2014,30,North America,23424834,Americas,Central America,72115541815,62758853735.0,103712383780,69.53,60.51
Heard I. and McDonald Islands,2014,30,Seven seas (open ocean),28289411,Seven seas (open ocean),Seven seas (open ocean),0,,0,,
Honduras,2014,30,North America,23424841,Americas,Central America,493856839,6045084.0,32521571585,1.52,0.02
Iceland,2014,30,Europe,23424845,Europe,Northern Europe,11720387173,71300599.0,12493464461,93.81,0.57
Indonesia,2014,30,Asia,23424846,Asia,South-Eastern Asia,452434970177,306022955032.0,2241355484784,20.19,13.65
Iran,2014,30,Asia,23424851,Asia,Southern Asia,562597950,6053379.0,1145137516839,0.05,0.0
Italy,2014,30,Europe,23424853,Europe,Southern Europe,393039204795,211159897861.0,1613924950392,24.35,13.08
Japan,2014,30,Asia,23424856,Asia,Eastern Asia,156187791539,122433708480.0,4202497820042,3.72,2.91
Jordan,2014,30,Asia,23424860,Asia,Western Asia,1202418,,69660980765,0.0,
Kenya,2014,30,Africa,23424863,Africa,Eastern Africa,5861505405,,95188438361,6.16,
Mexico,2014,30,North America,23424900,Americas,Central America,280791418787,6158024036.0,1634986865139,17.17,0.38
Mongolia,2014,30,Asia,23424887,Asia,Eastern Asia,19894311,,29759155364,0.07,
Montserrat,2014,30,North America,23424888,Americas,Caribbean,23680247,23680247.0,23680247,100.0,100.0
Myanmar,2014,30,Asia,23424763,Asia,South-Eastern Asia,636611588,,196630939875,0.32,
Netherlands,2014,30,Europe,-90,Europe,Western Europe,143167649,134153620.0,665928031922,0.02,0.02
New Zealand,2014,30,Oceania,23424916,Oceania,Australia and New Zealand,55835579449,1974986007.0,114304432013,48.85,1.73
Nicaragua,2014,30,North America,23424915,Americas,Central America,22023809687,21844683688.0,26204534794,84.05,83.36
Niger,2014,30,Africa,23424906,Africa,Western Africa,19355769,,20305880118,0.1,
Northern Mariana Islands,2014,30,Oceania,23424788,Oceania,Micronesia,0,,992913827,0.0,
Norway,2014,30,Europe,-90,Europe,Northern Europe,597726,,239851746400,0.0,
Panama,2014,30,North America,23424924,Americas,Central America,243121367,,68267398816,0.36,
Papua New Guinea,2014,30,Oceania,23424926,Oceania,Melanesia,1017839989,565376849.0,15755878517,6.46,3.59
Peru,2014,30,South America,23424919,Americas,South America,17276252667,20943427.0,313638671752,5.51,0.01
Philippines,2014,30,Asia,23424934,Asia,South-Eastern Asia,41438990447,20800622653.0,576169758093,7.19,3.61
Portugal,2014,30,Europe,23424925,Europe,Southern Europe,3292897766,434573441.0,194176744917,1.7,0.22
Republic of Cabo Verde,2014,30,Africa,23424794,Africa,Western Africa,100625673,100625673.0,2351082612,4.28,4.28
Republic of Korea,2014,30,Asia,23424868,Asia,Eastern Asia,4647234513,,1624260444571,0.29,
Russian Federation,2014,30,Europe,23424936,Europe,Eastern Europe,2048315807,1919685929.0,2267579503281,0.09,0.08
Rwanda,2014,30,Africa,23424937,Africa,Eastern Africa,1509980514,654855044.0,16034848274,9.42,4.08
Saint Helena,2014,30,Seven seas (open ocean),23424944,Africa,Western Africa,9292703,,46180854,20.12,
Saint Kitts and Nevis,2014,30,North America,23424940,Americas,Caribbean,975714593,848268608.0,975714593,100.0,86.94
Saint Lucia,2014,30,North America,23424951,Americas,Caribbean,1668865274,,1671505988,99.84,
Saint Vincent and the Grenadines,2014,30,North America,23424981,Americas,Caribbean,565996884,565996884.0,592932503,95.46,95.46
Samoa,2014,30,Oceania,23424992,Oceania,Polynesia,653219939,,725741910,90.01,
Saudi Arabia,2014,30,Asia,23424938,Asia,Western Asia,13625620925,,1560377283927,0.87,
Solomon Islands,2014,30,Oceania,23424766,Oceania,Melanesia,18598334,9385801.0,962458885,1.93,0.98
South Africa,2014,30,Africa,23424942,Africa,Southern Africa,0,,599143619117,0.0,
South Georgia and the Islands,2014,30,Seven seas (open ocean),23424955,Seven seas (open ocean),Seven seas (open ocean),0,,0,,
Spain,2014,30,Europe,23424950,Europe,Southern Europe,24872007537,3952031575.0,1188489738661,2.09,0.33
Sudan,2014,30,Africa,-90,Africa,Northern Africa,189257317,,131474044707,0.14,
Taiwan,2014,30,Asia,23424971,Asia,Eastern Asia,234571888766,,534725967375,43.87,
Tanzania,2014,30,Africa,23424973,Africa,Eastern Africa,4630113127,433490347.0,102807093937,4.5,0.42
Turkey,2014,30,Asia,23424969,Asia,Western Asia,23951025101,517186570.0,1212674431220,1.98,0.04
Uganda,2014,30,Africa,23424974,Africa,Eastern Africa,2351567985,,47026161095,5.0,
United States,2014,30,North America,23424977,Americas,Northern America,8268136826,218357957.0,14450921943280,0.06,0.0
Vanuatu,2014,30,Oceania,23424907,Oceania,Melanesia,262580736,106331562.0,550452067,47.7,19.32
Vatican,2014,30,Europe,23424986,Europe,Southern Europe,382638014,,382638014,100.0,
Yemen,2014,30,Asia,23425002,Asia,Western Asia,27554636708,26471089796.0,85178012722,32.35,31.08
Algeria,2015,30,Africa,23424740,Africa,Northern Africa,3978780,,485376309272,0.0,
American Samoa,2015,30,Oceania,23424746,Oceania,Polynesia,667730997,,667730997,100.0,
Antarctica,2015,30,Antarctica,28289409,Antarctica,Antarctica,0,0.0,0,,
Argentina,2015,30,South America,23424747,Americas,South America,213316222,423239.0,718520562358,0.03,0.0
Armenia,2015,30,Asia,23424743,Asia,Western Asia,609104420,,24350713982,2.5,
Australia,2015,30,Oceania,-90,Oceania,Australia and New Zealand,9439777,,869317174502,0.0,
Azerbaijan,2015,30,Asia,23424741,Asia,Western Asia,75473854,,135044346173,0.06,
Bolivia,2015,30,South America,23424762,Americas,South America,5104952,,61588954801,0.01,
Cameroon,2015,30,Africa,23424785,Africa,Middle Africa,1217152004,1007266989.0,63985098334,1.9,1.57
Canada,2015,30,North America,23424775,Americas,Northern America,134325392,1477545.0,1391358254246,0.01,0.0
Chad,2015,30,Africa,23424777,Africa,Middle Africa,3669149,,24996527614,0.01,
Chile,2015,30,South America,23424782,Americas,South America,1176621332,1099025890.0,298667366911,0.39,0.37
China,2015,30,Asia,23424781,Asia,Eastern Asia,46673277314,1102872755.0,16610887604695,0.28,0.01
Colombia,2015,30,South America,23424787,Americas,South America,16721406913,10201527757.0,550391717743,3.04,1.85
Comoros,2015,30,Africa,23424786,Africa,Eastern Africa,789671628,625349134.0,1412878663,55.89,44.26
Costa Rica,2015,30,North America,23424791,Americas,Central America,60315700048,44049708801.0,64441379189,93.6,68.36
Dem. Rep. Korea,2015,30,Asia,23424865,Asia,Eastern Asia,354742762,47216906.0,45460202282,0.78,0.1
Democratic Republic of the Congo,2015,30,Africa,23424780,Africa,Middle Africa,524620085,504661503.0,53833166113,0.97,0.94
Djibouti,2015,30,Africa,23424797,Africa,Eastern Africa,39722292,2636094.0,2597139037,1.53,0.1
Dominica,2015,30,North America,23424798,Americas,Caribbean,621862080,,621862080,100.0,
Ecuador,2015,30,South America,23424801,Americas,South America,60208037872,53056736751.0,145418849367,41.4,36.49
El Salvador,2015,30,North America,23424807,Americas,Central America,38043364936,34343135102.0,39078861773,97.35,87.88
Equatorial Guinea,2015,30,Africa,23424804,Africa,Middle Africa,12587064789,,24503038282,51.37,
Eritrea,2015,30,Africa,23424806,Africa,Eastern Africa,132689182,26122339.0,7412100593,1.79,0.35
Ethiopia,2015,30,Africa,23424808,Africa,Eastern Africa,14779297222,808527380.0,133333673480,11.08,0.61
Fiji,2015,30,Oceania,23424813,Oceania,Melanesia,15483329,,6781053095,0.23,
France,2015,30,Europe,-90,Europe,Western Europe,27921539955,15849798281.0,2059383991879,1.36,0.77
French Southern and Antarctic Lands,2015,30,Seven seas (open ocean),28289406,Seven seas (open ocean),Seven seas (open ocean),0,,0,,
Georgia,2015,30,Asia,23424823,Asia,Western Asia,62718182,,32580406898,0.19,
Germany,2015,30,Europe,23424829,Europe,Western Europe,1789939424,,3022775049562,0.06,
Greece,2015,30,Europe,23424833,Europe,Southern Europe,57989792,29745736.0,213088822198,0.03,0.01
Grenada,2015,30,North America,23424826,Americas,Caribbean,1082096479,610096590.0,1082096479,100.0,56.38
Guatemala,2015,30,North America,23424834,Americas,Central America,74197611558,64310926273.0,108327138844,68.49,59.37
Heard I. and McDonald Islands,2015,30,Seven seas (open ocean),28289411,Seven seas (open ocean),Seven seas (open ocean),0,,0,,
Honduras,2015,30,North America,23424841,Americas,Central America,501299171,6368535.0,33785141984,1.48,0.02
Iceland,2015,30,Europe,23424845,Europe,Northern Europe,9972172516,206384301.0,12305787157,81.04,1.68
Indonesia,2015,30,Asia,23424846,Asia,South-Eastern Asia,468004787378,315714628012.0,2355116780886,19.87,13.41
Iran,2015,30,Asia,23424851,Asia,Southern Asia,528063596,4811577.0,1130160929660,0.05,0.0
Italy,2015,30,Europe,23424853,Europe,Southern Europe,402470273805,214792032283.0,1632176181828,24.66,13.16
Japan,2015,30,Asia,23424856,Asia,Eastern Asia,151537471805,118384270206.0,4250152725604,3.57,2.79
Jordan,2015,30,Asia,23424860,Asia,Western Asia,1103500,,71403794168,0.0,
Kenya,2015,30,Africa,23424863,Africa,Eastern Africa,6215981062,,100661919626,6.18,
Mexico,2015,30,North America,23424900,Americas,Central America,319390301996,5900847210.0,1688687147556,18.91,0.35
Mongolia,2015,30,Asia,23424887,Asia,Eastern Asia,18650151,,30468440607,0.06,
Montserrat,2015,30,North America,23424888,Americas,Caribbean,25363862,25363862.0,25363862,100.0,100.0
Myanmar,2015,30,Asia,23424763,Asia,South-Eastern Asia,654524774,,210228093974,0.31,
Netherlands,2015,30,Europe,-90,Europe,Western Europe,142279120,133191427.0,677482502348,0.02,0.02
New Zealand,2015,30,Oceania,23424916,Oceania,Australia and New Zealand,55674417701,1988691367.0,117997139114,47.18,1.69
Nicaragua,2015,30,North America,23424915,Americas,Central America,23155727251,22959542103.0,27461849887,84.32,83.61
Niger,2015,30,Africa,23424906,Africa,Western Africa,18882393,,21177735066,0.09,
Northern Mariana Islands,2015,30,Oceania,23424788,Oceania,Micronesia,0,,1026004184,0.0,
Norway,2015,30,Europe,-90,Europe,Northern Europe,681846,,237864450613,0.0,
Panama,2015,30,North America,23424924,Americas,Central America,255446503,,72108358397,0.35,
Papua New Guinea,2015,30,Oceania,23424926,Oceania,Melanesia,1072863391,597202617.0,16809052992,6.38,3.55
Peru,2015,30,South America,23424919,Americas,South America,18059472349,22168847.0,323764300132,5.58,0.01
Philippines,2015,30,Asia,23424934,Asia,South-Eastern Asia,44146633364,22513510264.0,612618169412,7.21,3.67
Portugal,2015,30,Europe,23424925,Europe,Southern Europe,3307246187,453763390.0,198891643947,1.66,0.23
Republic of Cabo Verde,2015,30,Africa,23424794,Africa,Western Africa,108062910,108062910.0,2359369799,4.58,4.58
Republic of Korea,2015,30,Asia,23424868,Asia,Eastern Asia,5081485062,,1667476985557,0.3,
Russian Federation,2015,30,Europe,23424936,Europe,Eastern Europe,1959873909,1778163966.0,2223010594915,0.09,0.08
Rwanda,2015,30,Africa,23424937,Africa,Eastern Africa,1636365402,696376779.0,17433760146,9.39,3.99
Saint Helena,2015,30,Seven seas (open ocean),23424944,Africa,Western Africa,10412010,,47629625,21.86,
Saint Kitts and Nevis,2015,30,North America,23424940,Americas,Caribbean,980189960,843111101.0,980189960,100.0,86.02
Saint Lucia,2015,30,North America,23424951,Americas,Caribbean,1655076013,,1657894524,99.83,
Saint Vincent and the Grenadines,2015,30,North America,23424981,Americas,Caribbean,546633011,546633011.0,572630079,95.46,95.46
Samoa,2015,30,Oceania,23424992,Oceania,Polynesia,676893749,,749094183,90.36,
Saudi Arabia,2015,30,Asia,23424938,Asia,Western Asia,14668449578,,1626095305505,0.9,
Solomon Islands,2015,30,Oceania,23424766,Oceania,Melanesia,17830903,9173797.0,987774072,1.81,0.93
South Africa,2015,30,Africa,23424942,Africa,Southern Africa,0,,606302459213,0.0,
South Georgia and the Islands,2015,30,Seven seas (open ocean),23424955,Seven seas (open ocean),Seven seas (open ocean),0,,0,,
Spain,2015,30,Europe,23424950,Europe,Southern Europe,26802765019,4348844343.0,1230889663335,2.18,0.35
Sudan,2015,30,Africa,-90,Africa,Northern Africa,185390078,,137634324080,0.13,
Taiwan,2015,30,Asia,23424971,Asia,Eastern Asia,223034822808,,536277571544,41.59,
Tanzania,2015,30,Africa,23424973,Africa,Eastern Africa,4745059287,441163889.0,109188317001,4.35,0.4
Turkey,2015,30,Asia,23424969,Asia,Western Asia,26687923093,704067991.0,1285404415727,2.08,0.05
Uganda,2015,30,Africa,23424974,Africa,Eastern Africa,2463471830,,49466380941,4.98,
United States,2015,30,North America,23424977,Americas,Northern America,8744136601,266520479.0,14882181772999,0.06,0.0
Vanuatu,2015,30,Oceania,23424907,Oceania,Melanesia,268296984,102308943.0,554766224,48.36,18.44
Vatican,2015,30,Europe,23424986,Europe,Southern Europe,398024401,,398024401,100.0,
Yemen,2015,30,Asia,23425002,Asia,Western Asia,6984977191,5748613416.0,70079821182,9.97,8.2
Algeria,2016,30,Africa,23424740,Africa,Northern Africa,4216045,,500915600940,0.0,
American Samoa,2016,30,Oceania,23424746,Oceania,Polynesia,651817546,,651817546,100.0,
Antarctica,2016,30,Antarctica,28289409,Antarctica,Antarctica,0,0.0,0,,
Argentina,2016,30,South America,23424747,Americas,South America,206089542,409922.0,703138083426,0.03,0.0
Armenia,2016,30,Asia,23424743,Asia,Western Asia,573524348,,24403584787,2.35,
Australia,2016,30,Oceania,-90,Oceania,Australia and New Zealand,9442603,,891938259039,0.0,
Azerbaijan,2016,30,Asia,23424741,Asia,Western Asia,76099343,,130921553167,0.06,
Bolivia,2016,30,South America,23424762,Americas,South America,5319374,,64243065389,0.01,
Cameroon,2016,30,Africa,23424785,Africa,Middle Africa,1238919728,1027768099.0,66879371197,1.85,1.54
Canada,2016,30,North America,23424775,Americas,Northern America,127274983,1172278.0,1402153811134,0.01,0.0
Chad,2016,30,Africa,23424777,Africa,Middle Africa,3925583,,23457811730,0.02,
Chile,2016,30,South America,23424782,Americas,South America,1395177638,1314932152.0,303704008335,0.46,0.43
China,2016,30,Asia,23424781,Asia,Eastern Asia,50536228743,1107129125.0,17738724306240,0.28,0.01
Colombia,2016,30,South America,23424787,Americas,South America,15409899303,9335502197.0,561531268028,2.74,1.66
Comoros,2016,30,Africa,23424786,Africa,Eastern Africa,810409908,641262599.0,1455714174,55.67,44.05
Costa Rica,2016,30,North America,23424791,Americas,Central America,63212877838,46736265750.0,67156449140,94.13,69.59
Dem. Rep. Korea,2016,30,Asia,23424865,Asia,Eastern Asia,358173312,48349529.0,46048087574,0.78,0.1
Democratic Republic of the Congo,2016,30,Africa,23424780,Africa,Middle Africa,699876776,679710714.0,55144088609,1.27,1.23
Djibouti,2016,30,Africa,23424797,Africa,Eastern Africa,42724219,2609215.0,2953329335,1.45,0.09
Dominica,2016,30,North America,23424798,Americas,Caribbean,636058954,,636058954,100.0,
Ecuador,2016,30,South America,23424801,Americas,South America,55033146242,48310662329.0,143645338150,38.31,33.63
El Salvador,2016,30,North America,23424807,Americas,Central America,39061858643,35416661845.0,40087408101,97.44,88.35
Equatorial Guinea,2016,30,Africa,23424804,Africa,Middle Africa,12288706790,,21094943498,58.25,
Eritrea,2016,30,Africa,23424806,Africa,Eastern Africa,130114486,25438440.0,7485891194,1.74,0.34
Ethiopia,2016,30,Africa,23424808,Africa,Eastern Africa,15945929961,1000163055.0,145884693361,10.93,0.69
Fiji,2016,30,Oceania,23424813,Oceania,Melanesia,14163329,,6953327097,0.2,
France,2016,30,Europe,-90,Europe,Western Europe,27732946046,15948706556.0,2084426454014,1.33,0.77
French Southern and Antarctic Lands,2016,30,Seven seas (open ocean),28289406,Seven seas (open ocean),Seven seas (open ocean),0,,0,,
Georgia,2016,30,Asia,23424823,Asia,Western Asia,63533095,,33230285073,0.19,
Germany,2016,30,Europe,23424829,Europe,Western Europe,1991996631,,3079421129288,0.06,
Greece,2016,30,Europe,23424833,Europe,Southern Europe,63164190,32614855.0,211955537695,0.03,0.02
Grenada,2016,30,North America,23424826,Americas,Caribbean,1121299664,609137207.0,1121299664,100.0,54.32
Guatemala,2016,30,North America,23424834,Americas,Central America,74993751665,64455482654.0,111631448421,67.18,57.74
Heard I. and McDonald Islands,2016,30,Seven seas (open ocean),28289411,Seven seas (open ocean),Seven seas (open ocean),0,,0,,
Honduras,2016,30,North America,23424841,Americas,Central America,554261003,7587767.0,35084335465,1.58,0.02
Iceland,2016,30,Europe,23424845,Europe,Northern Europe,13084635218,35818442.0,13497216058,96.94,0.27
Indonesia,2016,30,Asia,23424846,Asia,South-Eastern Asia,464630140176,313183104544.0,2473623601239,18.78,12.66
Iran,2016,30,Asia,23424851,Asia,Southern Asia,608311161,4416256.0,1282885644149,0.05,0.0
Italy,2016,30,Europe,23424853,Europe,Southern Europe,399910732333,214202824683.0,1657908109660,24.12,12.92
Japan,2016,30,Asia,23424856,Asia,Eastern Asia,158020331670,122686819875.0,4270390834959,3.7,2.87
Jordan,2016,30,Asia,23424860,Asia,Western Asia,1009891,,72837326046,0.0,
Kenya,2016,30,Africa,23424863,Africa,Eastern Africa,6575739447,,106450145673,6.18,
Mexico,2016,30,North America,23424900,Americas,Central America,326958448268,6240424087.0,1734686880247,18.85,0.36
Mongolia,2016,30,Asia,23424887,Asia,Eastern Asia,15674707,,30822390301,0.05,
Montserrat,2016,30,North America,23424888,Americas,Caribbean,25944551,25944551.0,25944551,100.0,100.0
Myanmar,2016,30,Asia,23424763,Asia,South-Eastern Asia,666280733,,222270188181,0.3,
Netherlands,2016,30,Europe,-90,Europe,Western Europe,126214575,116982163.0,689837281886,0.02,0.02
New Zealand,2016,30,Oceania,23424916,Oceania,Australia and New Zealand,58020038080,1893148434.0,120814633132,48.02,1.57
Nicaragua,2016,30,North America,23424915,Americas,Central America,24406866395,24211258833.0,28726253328,84.96,84.28
Niger,2016,30,Africa,23424906,Africa,Western Africa,21670259,,22391604142,0.1,
Northern Mariana Islands,2016,30,Oceania,23424788,Oceania,Micronesia,0,,1291115693,0.0,
Norway,2016,30,Europe,-90,Europe,Northern Europe,659364,,248813911220,0.0,
Panama,2016,30,North America,23424924,Americas,Central America,246277038,,75601280478,0.33,
Papua New Guinea,2016,30,Oceania,23424926,Oceania,Melanesia,1123937697,627656343.0,17724634965,6.34,3.54
Peru,2016,30,South America,23424919,Americas,South America,13258968998,16210457.0,336613635210,3.94,0.0
Philippines,2016,30,Asia,23424934,Asia,South-Eastern Asia,48150475212,24077525393.0,657224229315,7.33,3.66
Portugal,2016,30,Europe,23424925,Europe,Southern Europe,3103452908,418835459.0,202343230578,1.53,0.21
Republic of Cabo Verde,2016,30,Africa,23424794,Africa,Western Africa,109347587,109347587.0,2465990629,4.43,4.43
Republic of Korea,2016,30,Asia,23424868,Asia,Eastern Asia,4621686739,,1716599150706,0.27,
Russian Federation,2016,30,Europe,23424936,Europe,Eastern Europe,2301269374,2154577068.0,2227555934989,0.1,0.1
Rwanda,2016,30,Africa,23424937,Africa,Eastern Africa,1708498516,748670002.0,18477535076,9.25,4.05
Saint Helena,2016,30,Seven seas (open ocean),23424944,Africa,Western Africa,9898574,,47895491,20.67,
Saint Kitts and Nevis,2016,30,North America,23424940,Americas,Caribbean,1007114942,864547027.0,1007114942,100.0,85.84
Saint Lucia,2016,30,North America,23424951,Americas,Caribbean,1702527649,,1706026489,99.79,
Saint Vincent and the Grenadines,2016,30,North America,23424981,Americas,Caribbean,581824405,581824405.0,607986627,95.7,95.7
Samoa,2016,30,Oceania,23424992,Oceania,Polynesia,741342386,,816676326,90.78,
Saudi Arabia,2016,30,Asia,23424938,Asia,Western Asia,14604380143,,1653147777294,0.88,
Solomon Islands,2016,30,Oceania,23424766,Oceania,Melanesia,15971059,8403322.0,1062692278,1.5,0.79
South Africa,2016,30,Africa,23424942,Africa,Southern Africa,0,,608812141293,0.0,
South Georgia and the Islands,2016,30,Seven seas (open ocean),23424955,Seven seas (open ocean),Seven seas (open ocean),0,,0,,
Spain,2016,30,Europe,23424950,Europe,Southern Europe,28516146182,4535080390.0,1265129275268,2.25,0.36
Sudan,2016,30,Africa,-90,Africa,Northern Africa,185845458,,142613524530,0.13,
Taiwan,2016,30,Asia,23424971,Asia,Eastern Asia,218371264655,,537632722210,40.62,
Tanzania,2016,30,Africa,23424973,Africa,Eastern Africa,4944351446,435521529.0,116758560136,4.23,0.37
Turkey,2016,30,Asia,23424969,Asia,Western Asia,29463826825,796637914.0,1330220993854,2.21,0.06
Uganda,2016,30,Africa,23424974,Africa,Eastern Africa,2599711129,,51814852463,5.02,
United States,2016,30,North America,23424977,Americas,Northern America,8873972764,244197129.0,15119089748880,0.06,0.0
Vanuatu,2016,30,Oceania,23424907,Oceania,Melanesia,294102816,97268661.0,591014235,49.76,16.46
Vatican,2016,30,Europe,23424986,Europe,Southern Europe,394098899,,394098899,100.0,
Yemen,2016,30,Asia,23425002,Asia,Western Asia,6456902273,5306576779.0,60234246248,10.72,8.81
Algeria,2017,30,Africa,23424740,Africa,Northern Africa,3714324,,506675029457,0.0,
American Samoa,2017,30,Oceania,23424746,Oceania,Polynesia,617171218,,617171218,100.0,
Antarctica,2017,30,Antarctica,28289409,Antarctica,Antarctica,0,0.0,0,,
Argentina,2017,30,South America,23424747,Americas,South America,212691643,430894.0,722598204567,0.03,0.0
Armenia,2017,30,Asia,23424743,Asia,Western Asia,637515959,,26226760054,2.43,
Australia,2017,30,Oceania,-90,Oceania,Australia and New Zealand,9673246,,908945385900,0.0,
Azerbaijan,2017,30,Asia,23424741,Asia,Western Asia,78356288,,131339702216,0.06,
Bolivia,2017,30,South America,23424762,Americas,South America,5870037,,66960077719,0.01,
Cameroon,2017,30,Africa,23424785,Africa,Middle Africa,1198739743,997054351.0,69243030206,1.73,1.44
Canada,2017,30,North America,23424775,Americas,Northern America,129900807,1572528.0,1434199994514,0.01,0.0
Chad,2017,30,Africa,23424777,Africa,Middle Africa,3772408,,22761837174,0.02,
Chile,2017,30,South America,23424782,Americas,South America,1432318571,1350195492.0,307242312291,0.47,0.44
China,2017,30,Asia,23424781,Asia,Eastern Asia,57410063649,1635238546.0,18958886746499,0.3,0.01
Colombia,2017,30,South America,23424787,Americas,South America,16399684371,9896446735.0,568964570473,2.88,1.74
Comoros,2017,30,Africa,23424786,Africa,Eastern Africa,858630869,679217493.0,1518261566,56.55,44.74
Costa Rica,2017,30,North America,23424791,Americas,Central America,65829622875,48429843321.0,69947433481,94.11,69.24
Dem. Rep. Korea,2017,30,Asia,23424865,Asia,Eastern Asia,359049827,45896719.0,46855212568,0.77,0.1
Democratic Republic of the Congo,2017,30,Africa,23424780,Africa,Middle Africa,625308256,602519270.0,57173692402,1.09,1.05
Djibouti,2017,30,Africa,23424797,Africa,Eastern Africa,35444049,2434935.0,2914822602,1.22,0.08
Dominica,2017,30,North America,23424798,Americas,Caribbean,594311515,,594311515,100.0,
Ecuador,2017,30,South America,23424801,Americas,South America,58281123805,50990352393.0,147160455740,39.6,34.65
El Salvador,2017,30,North America,23424807,Americas,Central America,39984782702,36268867525.0,40989489765,97.55,88.48
Equatorial Guinea,2017,30,Africa,23424804,Africa,Middle Africa,11401596273,,20776017727,54.88,
Eritrea,2017,30,Africa,23424806,Africa,Eastern Africa,132296663,25818527.0,7572914659,1.75,0.34
Ethiopia,2017,30,Africa,23424808,Africa,Eastern Africa,17943383565,1135707460.0,159846380347,11.23,0.71
Fiji,2017,30,Oceania,23424813,Oceania,Melanesia,13824893,,7388915644,0.19,
France,2017,30,Europe,-90,Europe,Western Europe,29128073515,16000886925.0,2131683126165,1.37,0.75
French Southern and Antarctic Lands,2017,30,Seven seas (open ocean),28289406,Seven seas (open ocean),Seven seas (open ocean),0,,0,,
Georgia,2017,30,Asia,23424823,Asia,Western Asia,67956167,,34784981398,0.2,
Germany,2017,30,Europe,23424829,Europe,Western Europe,1958403560,,3165479473288,0.06,
Greece,2017,30,Europe,23424833,Europe,Southern Europe,71514517,39718925.0,214317843184,0.03,0.02
Grenada,2017,30,North America,23424826,Americas,Caribbean,1171804102,624208095.0,1171804102,100.0,53.27
Guatemala,2017,30,North America,23424834,Americas,Central America,77901330794,67191989678.0,115476633267,67.46,58.19
Heard I. and McDonald Islands,2017,30,Seven seas (open ocean),28289411,Seven seas (open ocean),Seven seas (open ocean),0,,0,,
Honduras,2017,30,North America,23424841,Americas,Central America,596321758,6144358.0,36812951680,1.62,0.02
Iceland,2017,30,Europe,23424845,Europe,Northern Europe,13274207397,36288880.0,13711327156,96.81,0.26
Indonesia,2017,30,Asia,23424846,Asia,South-Eastern Asia,510828444905,341516651604.0,2601306197915,19.64,13.13
Iran,2017,30,Asia,23424851,Asia,Southern Asia,646640456,3852820.0,1329857822854,0.05,0.0
Italy,2017,30,Europe,23424853,Europe,Southern Europe,387971534998,226388455949.0,1688582438061,22.98,13.41
Japan,2017,30,Asia,23424856,Asia,Eastern Asia,157358286252,122579640415.0,4361535171774,3.61,2.81
Jordan,2017,30,Asia,23424860,Asia,Western Asia,975935,,74357546525,0.0,
Kenya,2017,30,Africa,23424863,Africa,Eastern Africa,7120526497,,111579926222,6.38,
Mexico,2017,30,North America,23424900,Americas,Central America,327101129389,6467348613.0,1771684195533,18.46,0.37
Mongolia,2017,30,Asia,23424887,Asia,Eastern Asia,16894929,,32465174655,0.05,
Montserrat,2017,30,North America,23424888,Americas,Caribbean,24958762,24958762.0,24958762,100.0,100.0
Myanmar,2017,30,Asia,23424763,Asia,South-Eastern Asia,649121773,,236271760296,0.27,
Netherlands,2017,30,Europe,-90,Europe,Western Europe,119419620,111491124.0,708340983292,0.02,0.02
New Zealand,2017,30,Oceania,23424916,Oceania,Australia and New Zealand,60011382732,1936647459.0,123581364977,48.56,1.57
Nicaragua,2017,30,North America,23424915,Americas,Central America,25408753472,25192625490.0,30051987435,84.55,83.83
Niger,2017,30,Africa,23424906,Africa,Western Africa,21082717,,23487255389,0.09,
Northern Mariana Islands,2017,30,Oceania,23424788,Oceania,Micronesia,0,,1603820599,0.0,
Norway,2017,30,Europe,-90,Europe,Northern Europe,634853,,254654648959,0.0,
Panama,2017,30,North America,23424924,Americas,Central America,252591022,,79877834542,0.32,
Papua New Guinea,2017,30,Oceania,23424926,Oceania,Melanesia,1132434610,630859885.0,18353325213,6.17,3.44
Peru,2017,30,South America,23424919,Americas,South America,16176178665,19760902.0,345116811779,4.69,0.01
Philippines,2017,30,Asia,23424934,Asia,South-Eastern Asia,52043379456,25315984263.0,700940197330,7.42,3.61
Portugal,2017,30,Europe,23424925,Europe,Southern Europe,3276042457,417311334.0,209401730541,1.56,0.2
Republic of Cabo Verde,2017,30,Africa,23424794,Africa,Western Africa,102925888,102925888.0,2569765265,4.01,4.01
Republic of Korea,2017,30,Asia,23424868,Asia,Eastern Asia,4820377236,,1768980918861,0.27,
Russian Federation,2017,30,Europe,23424936,Europe,Eastern Europe,3724356159,3521232871.0,2270315125468,0.16,0.16
Rwanda,2017,30,Africa,23424937,Africa,Eastern Africa,1766164566,771666757.0,19214679905,9.19,4.02
Saint Helena,2017,30,Seven seas (open ocean),23424944,Africa,Western Africa,9956116,,48192692,20.66,
Saint Kitts and Nevis,2017,30,North America,23424940,Americas,Caribbean,988399244,844254700.0,988399244,100.0,85.42
Saint Lucia,2017,30,North America,23424951,Americas,Caribbean,1752485176,,1756423911,99.78,
Saint Vincent and the Grenadines,2017,30,North America,23424981,Americas,Caribbean,528765693,528765693.0,552690635,95.67,95.67
Samoa,2017,30,Oceania,23424992,Oceania,Polynesia,756378982,,835578577,90.52,
Saudi Arabia,2017,30,Asia,23424938,Asia,Western Asia,15229708905,,1640718437584,0.93,
Solomon Islands,2017,30,Oceania,23424766,Oceania,Melanesia,17652819,9367554.0,1120306497,1.58,0.84
South Africa,2017,30,Africa,23424942,Africa,Southern Africa,0,,617411293990,0.0,
South Georgia and the Islands,2017,30,Seven seas (open ocean),23424955,Seven seas (open ocean),Seven seas (open ocean),0,,0,,
Spain,2017,30,Europe,23424950,Europe,Southern Europe,28771419919,4686424324.0,1299575093388,2.21,0.36
Sudan,2017,30,Africa,-90,Africa,Northern Africa,189698523,,149137211690,0.13,
Taiwan,2017,30,Asia,23424971,Asia,Eastern Asia,219416405217,,539087314000,40.7,
Tanzania,2017,30,Africa,23424973,Africa,Eastern Africa,5682787319,436303456.0,124794438688,4.55,0.35
Turkey,2017,30,Asia,23424969,Asia,Western Asia,32449646995,918734944.0,1432519601042,2.27,0.06
Uganda,2017,30,Africa,23424974,Africa,Eastern Africa,2558525507,,53797959271,4.76,
United States,2017,30,North America,23424977,Americas,Northern America,9081372697,248002506.0,15475700401132,0.06,0.0
Vanuatu,2017,30,Oceania,23424907,Oceania,Melanesia,318682008,94519685.0,633032988,50.34,14.93
Vatican,2017,30,Europe,23424986,Europe,Southern Europe,331414101,,331414101,100.0,
Yemen,2017,30,Asia,23425002,Asia,Western Asia,7282160734,6149613427.0,56633493675,12.86,10.86
Algeria,2018,30,Africa,23424740,Africa,Northern Africa,4044603,,511771585028,0.0,
American Samoa,2018,30,Oceania,23424746,Oceania,Polynesia,609757217,,609757217,100.0,
Antarctica,2018,30,Antarctica,28289409,Antarctica,Antarctica,0,0.0,0,,
Argentina,2018,30,South America,23424747,Americas,South America,218533120,384140.0,703656277352,0.03,0.0
Armenia,2018,30,Asia,23424743,Asia,Western Asia,696823789,,27590423635,2.53,
Australia,2018,30,Oceania,-90,Oceania,Australia and New Zealand,9546174,,933728316825,0.0,
Azerbaijan,2018,30,Asia,23424741,Asia,Western Asia,82027836,,133564125280,0.06,
Bolivia,2018,30,South America,23424762,Americas,South America,5895174,,69754708678,0.01,
Cameroon,2018,30,Africa,23424785,Africa,Middle Africa,1117901898,937766929.0,72056530566,1.55,1.3
Canada,2018,30,North America,23424775,Americas,Northern America,164739187,985180.0,1462228920221,0.01,0.0
Chad,2018,30,Africa,23424777,Africa,Middle Africa,4194234,,23268506590,0.02,
Chile,2018,30,South America,23424782,Americas,South America,1431263011,1346603141.0,318767107956,0.45,0.42
China,2018,30,Asia,23424781,Asia,Eastern Asia,58687904601,2172028408.0,20241821658371,0.29,0.01
Colombia,2018,30,South America,23424787,Americas,South America,16883742997,9976229808.0,583573253298,2.89,1.71
Comoros,2018,30,Africa,23424786,Africa,Eastern Africa,890087958,709465978.0,1571463783,56.64,45.15
Costa Rica,2018,30,North America,23424791,Americas,Central America,67108597807,48924401564.0,71384325246,94.01,68.54
Dem. Rep. Korea,2018,30,Asia,23424865,Asia,Eastern Asia,363606313,49154566.0,47673257626,0.76,0.1
Democratic Republic of the Congo,2018,30,Africa,23424780,Africa,Middle Africa,445647486,424173027.0,60521760108,0.74,0.7
Djibouti,2018,30,Africa,23424797,Africa,Eastern Africa,37038807,2404430.0,3201499760,1.16,0.08
Dominica,2018,30,North America,23424798,Americas,Caribbean,595039463,,595039463,100.0,
Ecuador,2018,30,South America,23424801,Americas,South America,55445222185,48613772629.0,148961759899,37.22,32.64
El Salvador,2018,30,North America,23424807,Americas,Central America,40980985005,37246218193.0,41983953933,97.61,88.72
Equatorial Guinea,2018,30,Africa,23424804,Africa,Middle Africa,11728612694,,19869421113,59.03,
Eritrea,2018,30,Africa,23424806,Africa,Eastern Africa,131421516,25817790.0,7726460696,1.7,0.33
Ethiopia,2018,30,Africa,23424808,Africa,Eastern Africa,20017496769,1168144020.0,170665471037,11.73,0.68
Fiji,2018,30,Oceania,23424813,Oceania,Melanesia,13395017,,7700555992,0.17,
France,2018,30,Europe,-90,Europe,Western Europe,29451677869,16090828192.0,2169295634187,1.36,0.74
French Southern and Antarctic Lands,2018,30,Seven seas (open ocean),28289406,Seven seas (open ocean),Seven seas (open ocean),0,,0,,
Georgia,2018,30,Asia,23424823,Asia,Western Asia,78772406,,36308517934,0.22,
Germany,2018,30,Europe,23424829,Europe,Western Europe,1994356100,,3214031229597,0.06,
Greece,2018,30,Europe,23424833,Europe,Southern Europe,79507310,49076136.0,216894008372,0.04,0.02
Grenada,2018,30,North America,23424826,Americas,Caribbean,1221128902,633707640.0,1221128902,100.0,51.9
Guatemala,2018,30,North America,23424834,Americas,Central America,80720173568,69633019900.0,119727758803,67.42,58.16
Heard I. and McDonald Islands,2018,30,Seven seas (open ocean),28289411,Seven seas (open ocean),Seven seas (open ocean),0,,0,,
Honduras,2018,30,North America,23424841,Americas,Central America,631203604,6375458.0,38229667343,1.65,0.02
Iceland,2018,30,Europe,23424845,Europe,Northern Europe,11206154489,216111056.0,13700603159,81.79,1.58
Indonesia,2018,30,Asia,23424846,Asia,South-Eastern Asia,537439473176,363620813922.0,2744214785034,19.58,13.25
Iran,2018,30,Asia,23424851,Asia,Southern Asia,577346895,3355541.0,1250602192182,0.05,0.0
Italy,2018,30,Europe,23424853,Europe,Southern Europe,396028063460,233195970157.0,1705774962787,23.22,13.67
Japan,2018,30,Asia,23424856,Asia,Eastern Asia,156032571495,121195292363.0,4373593404123,3.57,2.77
Jordan,2018,30,Asia,23424860,Asia,Western Asia,924248,,75794673101,0.0,
Kenya,2018,30,Africa,23424863,Africa,Eastern Africa,8080524008,,118620058862,6.81,
Mexico,2018,30,North America,23424900,Americas,Central America,333683558347,6409644012.0,1810299965073,18.43,0.35
Mongolia,2018,30,Asia,23424887,Asia,Eastern Asia,14775480,,34820534604,0.04,
Montserrat,2018,30,North America,23424888,Americas,Caribbean,23975030,23975030.0,23975030,100.0,100.0
Myanmar,2018,30,Asia,23424763,Asia,South-Eastern Asia,635394986,,252014658315,0.25,
Netherlands,2018,30,Europe,-90,Europe,Western Europe,115115909,108258301.0,721998777412,0.02,0.01
New Zealand,2018,30,Oceania,23424916,Oceania,Australia and New Zealand,59510648108,1849014207.0,126364365461,47.09,1.46
Nicaragua,2018,30,North America,23424915,Americas,Central America,24551962620,24328884156.0,29046576584,84.53,83.76
Niger,2018,30,Africa,23424906,Africa,Western Africa,19718026,,25194987379,0.08,
Northern Mariana Islands,2018,30,Oceania,23424788,Oceania,Micronesia,0,,1606610517,0.0,
Norway,2018,30,Europe,-90,Europe,Northern Europe,596780,,258898132413,0.0,
Panama,2018,30,North America,23424924,Americas,Central America,251733890,,82715008048,0.3,
Papua New Guinea,2018,30,Oceania,23424926,Oceania,Melanesia,1143204758,635421812.0,18304202498,6.25,3.47
Peru,2018,30,South America,23424919,Americas,South America,15423136384,18032778.0,358844212481,4.3,0.01
Philippines,2018,30,Asia,23424934,Asia,South-Eastern Asia,57635776757,28667149725.0,746291018161,7.72,3.84
Portugal,2018,30,Europe,23424925,Europe,Southern Europe,3634139035,475488497.0,214408426475,1.69,0.22
Republic of Cabo Verde,2018,30,Africa,23424794,Africa,Western Africa,101403921,101403921.0,2703072863,3.75,3.75
Republic of Korea,2018,30,Asia,23424868,Asia,Eastern Asia,5210207038,,1815147722083,0.29,
Russian Federation,2018,30,Europe,23424936,Europe,Eastern Europe,2934085080,2782808720.0,2340848977754,0.13,0.12
Rwanda,2018,30,Africa,23424937,Africa,Eastern Africa,1857223556,822636652.0,20838300978,8.91,3.95
Saint Helena,2018,30,Seven seas (open ocean),23424944,Africa,Western Africa,10140802,,48576265,20.88,
Saint Kitts and Nevis,2018,30,North America,23424940,Americas,Caribbean,1018802252,881676130.0,1018802252,100.0,86.54
Saint Lucia,2018,30,North America,23424951,Americas,Caribbean,1794210604,,1798439837,99.76,
Saint Vincent and the Grenadines,2018,30,North America,23424981,Americas,Caribbean,543929227,543929227.0,567732711,95.81,95.81
Samoa,2018,30,Oceania,23424992,Oceania,Polynesia,731713018,,802441779,91.19,
Saudi Arabia,2018,30,Asia,23424938,Asia,Western Asia,15843769814,,1679730929559,0.94,
Solomon Islands,2018,30,Oceania,23424766,Oceania,Melanesia,18157286,9772815.0,1162617063,1.56,0.84
South Africa,2018,30,Africa,23424942,Africa,Southern Africa,0,,622191162422,0.0,
South Georgia and the Islands,2018,30,Seven seas (open ocean),23424955,Seven seas (open ocean),Seven seas (open ocean),0,,0,,
Spain,2018,30,Europe,23424950,Europe,Southern Europe,29431366794,4803447344.0,1325554673061,2.22,0.36
Sudan,2018,30,Africa,-90,Africa,Northern Africa,190004798,,153109077491,0.12,
Taiwan,2018,30,Asia,23424971,Asia,Eastern Asia,214984141625,,540070729814,39.81,
Tanzania,2018,30,Africa,23424973,Africa,Eastern Africa,5635336263,427434699.0,131490157133,4.29,0.33
Turkey,2018,30,Asia,23424969,Asia,Western Asia,33545248792,1056245971.0,1478526423354,2.27,0.07
Uganda,2018,30,Africa,23424974,Africa,Eastern Africa,2673432337,,57101435735,4.68,
United States,2018,30,North America,23424977,Americas,Northern America,9136500899,231970510.0,15962086354673,0.06,0.0
Vanuatu,2018,30,Oceania,23424907,Oceania,Melanesia,333565401,95176227.0,655372766,50.9,14.52
Vatican,2018,30,Europe,23424986,Europe,Southern Europe,359147422,,359147422,100.0,
Yemen,2018,30,Asia,23425002,Asia,Western Asia,7460868635,6283093817.0,54357551509,13.73,11.56
Algeria,2019,30,Africa,23424740,Africa,Northern Africa,3500730,,520615023284,0.0,
American Samoa,2019,30,Oceania,23424746,Oceania,Polynesia,565616847,,565616847,100.0,
Antarctica,2019,30,Antarctica,28289409,Antarctica,Antarctica,0,0.0,0,,
Argentina,2019,30,South America,23424747,Americas,South America,272837196,358086.0,688308397087,0.04,0.0
Armenia,2019,30,Asia,23424743,Asia,Western Asia,658911007,,29653884837,2.22,
Australia,2019,30,Oceania,-90,Oceania,Australia and New Zealand,8612425,,949684665212,0.0,
Azerbaijan,2019,30,Asia,23424741,Asia,Western Asia,76412911,,137124017385,0.06,
Bolivia,2019,30,South America,23424762,Americas,South America,6063349,,71324643979,0.01,
Cameroon,2019,30,Africa,23424785,Africa,Middle Africa,1172376356,985207816.0,74618771871,1.57,1.32
Canada,2019,30,North America,23424775,Americas,Northern America,270238966,3012073.0,1486438859574,0.02,0.0
Chad,2019,30,Africa,23424777,Africa,Middle Africa,4467428,,24003909287,0.02,
Chile,2019,30,South America,23424782,Americas,South America,1554179507,1455261950.0,322069997212,0.48,0.45
China,2019,30,Asia,23424781,Asia,Eastern Asia,65532951932,2763700632.0,21378321744316,0.31,0.01
Colombia,2019,30,South America,23424787,Americas,South America,20466412479,12132957500.0,603029009359,3.39,2.01
Comoros,2019,30,Africa,23424786,Africa,Eastern Africa,872710568,684567918.0,1576895055,55.34,43.41
Costa Rica,2019,30,North America,23424791,Americas,Central America,67352182180,47105655767.0,72883174568,92.41,64.63
Dem. Rep. Korea,2019,30,Asia,23424865,Asia,Eastern Asia,376934820,57302933.0,48381016911,0.78,0.12
Democratic Republic of the Congo,2019,30,Africa,23424780,Africa,Middle Africa,525754029,502943331.0,63264177086,0.83,0.79
Djibouti,2019,30,Africa,23424797,Africa,Eastern Africa,38238007,2477885.0,4265887719,0.9,0.06
Dominica,2019,30,North America,23424798,Americas,Caribbean,617282444,,617282444,100.0,
Ecuador,2019,30,South America,23424801,Americas,South America,56098657002,48029208329.0,149849557402,37.44,32.05
El Salvador,2019,30,North America,23424807,Americas,Central America,42000352976,37973116994.0,43013722317,97.64,88.28
Equatorial Guinea,2019,30,Africa,23424804,Africa,Middle Africa,11093298241,,19106442316,58.06,
Eritrea,2019,30,Africa,23424806,Africa,Eastern Africa,138050295,26668009.0,7822140971,1.76,0.34
Ethiopia,2019,30,Africa,23424808,Africa,Eastern Africa,23603731685,1166319030.0,184887010183,12.77,0.63
Fiji,2019,30,Oceania,23424813,Oceania,Melanesia,13609304,,7262068533,0.19,
France,2019,30,Europe,-90,Europe,Western Europe,29902042759,15371875875.0,2190429887499,1.37,0.7
French Southern and Antarctic Lands,2019,30,Seven seas (open ocean),28289406,Seven seas (open ocean),Seven seas (open ocean),0,,0,,
Georgia,2019,30,Asia,23424823,Asia,Western Asia,75169200,,38871247212,0.19,
Germany,2019,30,Europe,23424829,Europe,Western Europe,2050703211,,3240768842925,0.06,
Greece,2019,30,Europe,23424833,Europe,Southern Europe,102892093,58303138.0,218235332115,0.05,0.03
Grenada,2019,30,North America,23424826,Americas,Caribbean,1123818226,578478832.0,1123818226,100.0,51.47
Guatemala,2019,30,North America,23424834,Americas,Central America,85390557793,74746944211.0,124658973640,68.5,59.96
Heard I. and McDonald Islands,2019,30,Seven seas (open ocean),28289411,Seven seas (open ocean),Seven seas (open ocean),0,,0,,
Honduras,2019,30,North America,23424841,Americas,Central America,780602444,6093004.0,39065342923,2.0,0.02
Iceland,2019,30,Europe,23424845,Europe,Northern Europe,13678011022,25590845.0,14032086361,97.48,0.18
Indonesia,2019,30,Asia,23424846,Asia,South-Eastern Asia,578740439248,387715455701.0,2882228320553,20.08,13.45
Iran,2019,30,Asia,23424851,Asia,Southern Asia,536168999,3349143.0,1162655318784,0.05,0.0
Italy,2019,30,Europe,23424853,Europe,Southern Europe,342871184228,212734037675.0,1722541332433,19.9,12.35
Japan,2019,30,Asia,23424856,Asia,Eastern Asia,168887975651,129936331345.0,4370428168962,3.86,2.97
Jordan,2019,30,Asia,23424860,Asia,Western Asia,882537,,77300228574,0.0,
Kenya,2019,30,Africa,23424863,Africa,Eastern Africa,7794548686,,124886156961,6.24,
Mexico,2019,30,North America,23424900,Americas,Central America,320219880640,7536587719.0,1805190563062,17.74,0.42
Mongolia,2019,30,Asia,23424887,Asia,Eastern Asia,12470338,,36633840799,0.03,
Montserrat,2019,30,North America,23424888,Americas,Caribbean,44524465,44524465.0,44524465,100.0,100.0
Myanmar,2019,30,Asia,23424763,Asia,South-Eastern Asia,628519056,,255641466998,0.25,
Netherlands,2019,30,Europe,-90,Europe,Western Europe,117575251,115092060.0,730537076885,0.02,0.02
New Zealand,2019,30,Oceania,23424916,Oceania,Australia and New Zealand,61453705174,1956828766.0,130898299216,46.95,1.49
Nicaragua,2019,30,North America,23424915,Americas,Central America,23250565000,23018157252.0,27947062845,83.2,82.36
Niger,2019,30,Africa,23424906,Africa,Western Africa,19929910,,26680928713,0.07,
Northern Mariana Islands,2019,30,Oceania,23424788,Oceania,Micronesia,0,,1574669640,0.0,
Norway,2019,30,Europe,-90,Europe,Northern Europe,605021,,258719089000,0.0,
Panama,2019,30,North America,23424924,Americas,Central America,272423099,,85954254054,0.32,
Papua New Guinea,2019,30,Oceania,23424926,Oceania,Melanesia,1151237665,643162436.0,19314925235,5.96,3.33
Peru,2019,30,South America,23424919,Americas,South America,13663415810,15836425.0,365762381269,3.74,0.0
Philippines,2019,30,Asia,23424934,Asia,South-Eastern Asia,66438592599,34142980987.0,792890456440,8.38,4.31
Portugal,2019,30,Europe,23424925,Europe,Southern Europe,2949941691,454113565.0,212879137420,1.39,0.21
Republic of Cabo Verde,2019,30,Africa,23424794,Africa,Western Africa,107820469,107820469.0,2751822179,3.92,3.92
Republic of Korea,2019,30,Asia,23424868,Asia,Eastern Asia,7493028579,,1839660238082,0.41,
Russian Federation,2019,30,Europe,23424936,Europe,Eastern Europe,2985441191,2789297472.0,2391517654429,0.12,0.12
Rwanda,2019,30,Africa,23424937,Africa,Eastern Africa,2252949386,1127774022.0,22832086899,9.87,4.94
Saint Helena,2019,30,Seven seas (open ocean),23424944,Africa,Western Africa,14148909,,25366149,55.78,
Saint Kitts and Nevis,2019,30,North America,23424940,Americas,Caribbean,1016653670,892559924.0,1016653670,100.0,87.79
Saint Lucia,2019,30,North America,23424951,Americas,Caribbean,1936591236,,1940753166,99.79,
Saint Vincent and the Grenadines,2019,30,North America,23424981,Americas,Caribbean,377799841,377799841.0,397898146,94.95,94.95
Samoa,2019,30,Oceania,23424992,Oceania,Polynesia,843072442,,922182605,91.42,
Saudi Arabia,2019,30,Asia,23424938,Asia,Western Asia,17491329332,,1683311365415,1.04,
Solomon Islands,2019,30,Oceania,23424766,Oceania,Melanesia,19585806,12690935.0,1214767178,1.61,1.04
South Africa,2019,30,Africa,23424942,Africa,Southern Africa,0,,622252822267,0.0,
South Georgia and the Islands,2019,30,Seven seas (open ocean),23424955,Seven seas (open ocean),Seven seas (open ocean),0,,0,,
Spain,2019,30,Europe,23424950,Europe,Southern Europe,31904978869,5393636212.0,1327987265364,2.4,0.41
Sudan,2019,30,Africa,-90,Africa,Northern Africa,176486771,,150443639501,0.12,
Taiwan,2019,30,Asia,23424971,Asia,Eastern Asia,202057912012,,540943265299,37.35,
Tanzania,2019,30,Africa,23424973,Africa,Eastern Africa,6161402010,404510665.0,139654172487,4.41,0.29
Turkey,2019,30,Asia,23424969,Asia,Western Asia,37714914120,1250015724.0,1486379227411,2.54,0.08
Uganda,2019,30,Africa,23424974,Africa,Eastern Africa,2468374592,,61035040774,4.04,
United States,2019,30,North America,23424977,Americas,Northern America,10450442818,239769811.0,16343182864921,0.06,0.0
Vanuatu,2019,30,Oceania,23424907,Oceania,Melanesia,285322128,98756849.0,644214971,44.29,15.33
Vatican,2019,30,Europe,23424986,Europe,Southern Europe,377962056,,377962056,100.0,
Yemen,2019,30,Asia,23425002,Asia,Western Asia,8421349449,7155977641.0,55653064839,15.13,12.86
Algeria,2020,30,Africa,23424740,Africa,Northern Africa,3699035,,512219586408,0.0,
American Samoa,2020,30,Oceania,23424746,Oceania,Polynesia,570666235,,570666235,100.0,
Antarctica,2020,30,Antarctica,28289409,Antarctica,Antarctica,0,0.0,0,,
Argentina,2020,30,South America,23424747,Americas,South America,281381718,367748.0,671404046293,0.04,0.0
Armenia,2020,30,Asia,23424743,Asia,Western Asia,636072359,,28872368154,2.2,
Australia,2020,30,Oceania,-90,Oceania,Australia and New Zealand,9036890,,969598882187,0.0,
Azerbaijan,2020,30,Asia,23424741,Asia,Western Asia,84423373,,134798514864,0.06,
Bolivia,2020,30,South America,23424762,Americas,South America,6734244,,69493483520,0.01,
Cameroon,2020,30,Africa,23424785,Africa,Middle Africa,1239894043,1051731999.0,76130017605,1.63,1.38
Canada,2020,30,North America,23424775,Americas,Northern America,167698843,1255050.0,1482696939290,0.01,0.0
Chad,2020,30,Africa,23424777,Africa,Middle Africa,4706109,,23944688123,0.02,
Chile,2020,30,South America,23424782,Americas,South America,1759803807,1637954269.0,323603100706,0.54,0.51
China,2020,30,Asia,23424781,Asia,Eastern Asia,70246297230,3563726419.0,22430937382663,0.31,0.02
Colombia,2020,30,South America,23424787,Americas,South America,19337085506,11645977044.0,594315771104,3.25,1.96
Comoros,2020,30,Africa,23424786,Africa,Eastern Africa,903124737,710350821.0,1630316353,55.4,43.57
Costa Rica,2020,30,North America,23424791,Americas,Central America,66583114447,46525107624.0,72109025131,92.34,64.52
Dem. Rep. Korea,2020,30,Asia,23424865,Asia,Eastern Asia,376015844,57810794.0,48352715642,0.78,0.12
Democratic Republic of the Congo,2020,30,Africa,23424780,Africa,Middle Africa,663900567,638686532.0,65049740563,1.02,0.98
Djibouti,2020,30,Africa,23424797,Africa,Eastern Africa,43267900,2578949.0,4356512167,0.99,0.06
Dominica,2020,30,North America,23424798,Americas,Caribbean,570701361,,570701361,100.0,
Ecuador,2020,30,South America,23424801,Americas,South America,53990884509,45749470763.0,144550937771,37.35,31.65
El Salvador,2020,30,North America,23424807,Americas,Central America,41377372585,37203939172.0,42456151227,97.46,87.63
Equatorial Guinea,2020,30,Africa,23424804,Africa,Middle Africa,10731845647,,18858033411,56.91,
Eritrea,2020,30,Africa,23424806,Africa,Eastern Africa,146590836,27876052.0,7984865605,1.84,0.35
Ethiopia,2020,30,Africa,23424808,Africa,Eastern Africa,23917612937,1109237661.0,192084718202,12.45,0.58
Fiji,2020,30,Oceania,23424813,Oceania,Melanesia,11288974,,6424965861,0.18,
France,2020,30,Europe,-90,Europe,Western Europe,30270314559,15416251698.0,2147297889629,1.41,0.72
French Southern and Antarctic Lands,2020,30,Seven seas (open ocean),28289406,Seven seas (open ocean),Seven seas (open ocean),0,,0,,
Georgia,2020,30,Asia,23424823,Asia,Western Asia,69110354,,38921762589,0.18,
Germany,2020,30,Europe,23424829,Europe,Western Europe,1956831639,,3208876431637,0.06,
Greece,2020,30,Europe,23424833,Europe,Southern Europe,94290648,49404925.0,212475675795,0.04,0.02
Grenada,2020,30,North America,23424826,Americas,Caribbean,1062024354,563641188.0,1062024354,100.0,53.07
Guatemala,2020,30,North America,23424834,Americas,Central America,86755859190,75946858917.0,126779513676,68.43,59.9
Heard I. and McDonald Islands,2020,30,Seven seas (open ocean),28289411,Seven seas (open ocean),Seven seas (open ocean),0,,0,,
Honduras,2020,30,North America,23424841,Americas,Central America,762968622,6297201.0,37715313697,2.02,0.02
Iceland,2020,30,Europe,23424845,Europe,Northern Europe,10833558018,176991896.0,13113508130,82.61,1.35
Indonesia,2020,30,Asia,23424846,Asia,South-Eastern Asia,599189279181,401130805234.0,2886602315948,20.76,13.9
Iran,2020,30,Asia,23424851,Asia,Southern Asia,580066103,3476026.0,1209029896896,0.05,0.0
Italy,2020,30,Europe,23424853,Europe,Southern Europe,342324991794,210700184896.0,1681719602630,20.36,12.53
Japan,2020,30,Asia,23424856,Asia,Eastern Asia,159915910977,122691921597.0,4442148524690,3.6,2.76
Jordan,2020,30,Asia,23424860,Asia,Western Asia,1028350,,77072514710,0.0,
Kenya,2020,30,Africa,23424863,Africa,Eastern Africa,7885603591,,127719490803,6.17,
Mexico,2020,30,North America,23424900,Americas,Central America,316604780492,7196151806.0,1774757693832,17.84,0.41
Mongolia,2020,30,Asia,23424887,Asia,Eastern Asia,9652966,,36343087474,0.03,
Montserrat,2020,30,North America,23424888,Americas,Caribbean,46116601,46116601.0,46116601,100.0,100.0
Myanmar,2020,30,Asia,23424763,Asia,South-Eastern Asia,572468579,,223262169157,0.26,
Netherlands,2020,30,Europe,-90,Europe,Western Europe,116697890,113663032.0,724933708739,0.02,0.02
New Zealand,2020,30,Oceania,23424916,Oceania,Australia and New Zealand,63441855122,1931563329.0,132856135957,47.75,1.45
Nicaragua,2020,30,North America,23424915,Americas,Central America,23204269318,22935434642.0,28619284112,81.08,80.14
Niger,2020,30,Africa,23424906,Africa,Western Africa,20197863,,27595637589,0.07,
Northern Mariana Islands,2020,30,Oceania,23424788,Oceania,Micronesia,0,,1590996723,0.0,
Norway,2020,30,Europe,-90,Europe,Northern Europe,627815,,253261481124,0.0,
Panama,2020,30,North America,23424924,Americas,Central America,256419571,,80432838780,0.32,
Papua New Guinea,2020,30,Oceania,23424926,Oceania,Melanesia,1130722748,625436429.0,18879942110,5.99,3.31
Peru,2020,30,South America,23424919,Americas,South America,15382375964,17498961.0,356287365532,4.32,0.0
Philippines,2020,30,Asia,23424934,Asia,South-Eastern Asia,66182351127,34000601117.0,755555490779,8.76,4.5
Portugal,2020,30,Europe,23424925,Europe,Southern Europe,3163400753,452610620.0,204520088526,1.55,0.22
Republic of Cabo Verde,2020,30,Africa,23424794,Africa,Western Africa,98578072,98578072.0,2571719908,3.83,3.83
Republic of Korea,2020,30,Asia,23424868,Asia,Eastern Asia,7442196943,,1864948633969,0.4,
Russian Federation,2020,30,Europe,23424936,Europe,Eastern Europe,2951189869,2768911769.0,2412627918911,0.12,0.11
Rwanda,2020,30,Africa,23424937,Africa,Eastern Africa,2396605273,1322031886.0,22812835540,10.51,5.8
Saint Helena,2020,30,Seven seas (open ocean),23424944,Africa,Western Africa,11464004,,23060647,49.71,
Saint Kitts and Nevis,2020,30,North America,23424940,Americas,Caribbean,957291523,838232938.0,957291523,100.0,87.56
Saint Lucia,2020,30,North America,23424951,Americas,Caribbean,1759867243,,1764059077,99.76,
Saint Vincent and the Grenadines,2020,30,North America,23424981,Americas,Caribbean,390377177,390377177.0,409127638,95.42,95.42
Samoa,2020,30,Oceania,23424992,Oceania,Polynesia,811651976,,884177438,91.8,
Saudi Arabia,2020,30,Asia,23424938,Asia,Western Asia,17247312707,,1677420311676,1.03,
Solomon Islands,2020,30,Oceania,23424766,Oceania,Melanesia,18143279,11932551.0,1211319142,1.5,0.99
South Africa,2020,30,Africa,23424942,Africa,Southern Africa,0,,609026439459,0.0,
South Georgia and the Islands,2020,30,Seven seas (open ocean),23424955,Seven seas (open ocean),Seven seas (open ocean),0,,0,,
Spain,2020,30,Europe,23424950,Europe,Southern Europe,32594105853,5638569027.0,1270681589647,2.57,0.44
Sudan,2020,30,Africa,-90,Africa,Northern Africa,169031092,,151478091154,0.11,
Taiwan,2020,30,Asia,23424971,Asia,Eastern Asia,209993117513,,558398177147,37.61,
Tanzania,2020,30,Africa,23424973,Africa,Eastern Africa,5870118947,397647430.0,143472762288,4.09,0.28
Turkey,2020,30,Asia,23424969,Asia,Western Asia,38626248262,1539000012.0,1562604242030,2.47,0.1
Uganda,2020,30,Africa,23424974,Africa,Eastern Africa,2589825857,,63139419081,4.1,
United States,2020,30,North America,23424977,Americas,Northern America,11112833113,309021395.0,16561372547075,0.07,0.0
Vanuatu,2020,30,Oceania,23424907,Oceania,Melanesia,268079259,86534195.0,621594315,43.13,13.92
Vatican,2020,30,Europe,23424986,Europe,Southern Europe,374577780,,374577780,100.0,
Yemen,2020,30,Asia,23425002,Asia,Western Asia,10158330922,8747003830.0,56370255339,18.02,15.52
Algeria,2000,100,Africa,23424740,Africa,Northern Africa,669194426,,280807489472,0.24,
American Samoa,2000,100,Oceania,23424746,Oceania,Polynesia,664203656,,664203656,100.0,
Andorra,2000,100,Europe,23424744,Europe,Southern Europe,3449736764,,3450334575,99.98,
Anguilla,2000,100,North America,23424751,Americas,Caribbean,119565036,108828854.0,119565036,100.0,91.02
Antarctica,2000,100,Antarctica,28289409,Antarctica,Antarctica,0,0.0,0,,
Antigua and Barbuda,2000,100,North America,23424737,Americas,Caribbean,1345880333,1337724759.0,1347099024,99.91,99.3
Argentina,2000,100,South America,23424747,Americas,South America,1514612058,362636768.0,479467320891,0.32,0.08
Armenia,2000,100,Asia,23424743,Asia,Western Asia,9135685135,7938266168.0,9141604394,99.94,86.84
Australia,2000,100,Oceania,-90,Oceania,Australia and New Zealand,455524673,,555824248823,0.08,
Azerbaijan,2000,100,Asia,23424741,Asia,Western Asia,2190737517,127400830.0,31244618901,7.01,0.41
Belgium,2000,100,Europe,23424757,Europe,Western Europe,3694315043,,320237074123,1.15,
Bolivia,2000,100,South America,23424762,Americas,South America,49844699,,32408301826,0.15,
Cameroon,2000,100,Africa,23424785,Africa,Middle Africa,12765279953,11643974117.0,33569819994,38.03,34.69
Canada,2000,100,North America,23424775,Americas,Northern America,66082450797,52327676.0,914350611474,7.23,0.01
Chad,2000,100,Africa,23424777,Africa,Middle Africa,4650580,,7244319935,0.06,
Chile,2000,100,South America,23424782,Americas,South America,140393034261,4337729868.0,163072205424,86.09,2.66
China,2000,100,Asia,23424781,Asia,Eastern Asia,33880671764,2239206555.0,4130041992721,0.82,0.05
Colombia,2000,100,South America,23424787,Americas,South America,47443781375,46571090423.0,294254703981,16.12,15.83
Comoros,2000,100,Africa,23424786,Africa,Eastern Africa,907981413,888340385.0,949509857,95.63,93.56
Costa Rica,2000,100,North America,23424791,Americas,Central America,34736059680,34531441466.0,34763464302,99.92,99.33
Dem. Rep. Korea,2000,100,Asia,23424865,Asia,Eastern Asia,5339157405,1098780502.0,40026072943,13.34,2.75
Democratic Republic of the Congo,2000,100,Africa,23424780,Africa,Middle Africa,957839560,485470053.0,23796226616,4.03,2.04
Djibouti,2000,100,Africa,23424797,Africa,Eastern Africa,1092835937,80517928.0,1094755019,99.82,7.35
Dominica,2000,100,North America,23424798,Americas,Caribbean,454608625,454608625.0,454608625,100.0,100.0
Ecuador,2000,100,South America,23424801,Americas,South America,32291158961,31786568935.0,76143283145,42.41,41.75
El Salvador,2000,100,North America,23424807,Americas,Central America,29266913120,29183152148.0,29266913120,100.0,99.71
Equatorial Guinea,2000,100,Africa,23424804,Africa,Middle Africa,1517669970,1427027463.0,4987060715,30.43,28.61
Eritrea,2000,100,Africa,23424806,Africa,Eastern Africa,805553082,47159669.0,5992765501,13.44,0.79
Ethiopia,2000,100,Africa,23424808,Africa,Eastern Africa,19628703974,2981108163.0,35889658085,54.69,8.31
Fiji,2000,100,Oceania,23424813,Oceania,Melanesia,76734577,,4469862516,1.72,
France,2000,100,Europe,-90,Europe,Western Europe,70125963772,35759816129.0,1724056058926,4.07,2.07
French Polynesia,2000,100,Oceania,23424817,Oceania,Polynesia,4681284038,,5135758116,91.15,
French Southern and Antarctic Lands,2000,100,Seven seas (open ocean),28289406,Seven seas (open ocean),Seven seas (open ocean),0,,0,,
Georgia,2000,100,Asia,23424823,Asia,Western Asia,9749111794,,14875485034,65.54,
Germany,2000,100,Europe,23424829,Europe,Western Europe,182584359528,,2525242288585,7.23,
Greece,2000,100,Europe,23424833,Europe,Southern Europe,167206045838,51950025.0,225909979220,74.01,0.02
Grenada,2000,100,North America,23424826,Americas,Caribbean,695949442,695949442.0,695949442,100.0,100.0
Guam,2000,100,Oceania,23424832,Oceania,Micronesia,5247098915,,5353932618,98.0,
Guatemala,2000,100,North America,23424834,Americas,Central America,60546892180,59784468264.0,62153885783,97.41,96.19
Heard I. and McDonald Islands,2000,100,Seven seas (open ocean),28289411,Seven seas (open ocean),Seven seas (open ocean),0,,0,,
Honduras,2000,100,North America,23424841,Americas,Central America,16376434726,1156973483.0,18930803903,86.51,6.11
Iceland,2000,100,Europe,23424845,Europe,Northern Europe,7813611993,1969745070.0,8030592378,97.3,24.53
India,2000,100,Asia,23424848,Asia,Southern Asia,7959151,,2430631213521,0.0,
Indonesia,2000,100,Asia,23424846,Asia,South-Eastern Asia,969791322669,949024597908.0,1087414426171,89.18,87.27
Iran,2000,100,Asia,23424851,Asia,Southern Asia,359289033789,837877709.0,752673827336,47.74,0.11
Italy,2000,100,Europe,23424853,Europe,Southern Europe,563718840709,347134744421.0,1631273792878,34.56,21.28
Japan,2000,100,Asia,23424856,Asia,Eastern Asia,2512041808446,2425237217661.0,3802820745483,66.06,63.77
Jordan,2000,100,Asia,23424860,Asia,Western Asia,21728775,,34052392681,0.06,
Kenya,2000,100,Africa,23424863,Africa,Eastern Africa,37590114928,38420485.0,50379402145,74.61,0.08
Luxembourg,2000,100,Europe,23424881,Europe,Western Europe,26851054988,,27338369362,98.22,
Malawi,2000,100,Africa,23424889,Africa,Eastern Africa,155449118,155449118.0,8505321762,1.83,1.83
Mexico,2000,100,North America,23424900,Americas,Central America,738295748395,655883240318.0,1254623459562,58.85,52.28
Mongolia,2000,100,Asia,23424887,Asia,Eastern Asia,401587299,,10001827270,4.02,
Montserrat,2000,100,North America,23424888,Americas,Caribbean,25251870,25251870.0,25251870,100.0,100.0
Myanmar,2000,100,Asia,23424763,Asia,South-Eastern Asia,2981858637,29021256.0,47753956196,6.24,0.06
Netherlands,2000,100,Europe,-90,Europe,Western Europe,2979695180,19424235.0,569603316646,0.52,0.0
New Zealand,2000,100,Oceania,23424916,Oceania,Australia and New Zealand,45864616048,3544568123.0,81123293295,56.54,4.37
Nicaragua,2000,100,North America,23424915,Americas,Central America,14133881102,14013246720.0,15761998294,89.67,88.91
Niger,2000,100,Africa,23424906,Africa,Western Africa,100728930,,9872605459,1.02,
Nigeria,2000,100,Africa,23424908,Africa,Western Africa,182980000,182980000.0,335512340634,0.05,0.05
Northern Mariana Islands,2000,100,Oceania,23424788,Oceania,Micronesia,1810338282,0.0,1810338282,100.0,0.0
Norway,2000,100,Europe,-90,Europe,Northern Europe,771232,,185095765809,0.0,
Panama,2000,100,North America,23424924,Americas,Central America,1614319163,,28266886970,5.71,
Papua New Guinea,2000,100,Oceania,23424926,Oceania,Melanesia,1956589757,1734500817.0,8456179847,23.14,20.51
Peru,2000,100,South America,23424919,Americas,South America,8051926527,6274168065.0,148862256216,5.41,4.21
Philippines,2000,100,Asia,23424934,Asia,South-Eastern Asia,283808969905,275543512772.0,294203446301,96.47,93.66
Portugal,2000,100,Europe,23424925,Europe,Southern Europe,1648414399,249862786.0,180976476074,0.91,0.14
Republic of Cabo Verde,2000,100,Africa,23424794,Africa,Western Africa,781725966,781725966.0,1203709304,64.94,64.94
Republic of Korea,2000,100,Asia,23424868,Asia,Eastern Asia,388565565280,,918835141437,42.29,
Russian Federation,2000,100,Europe,23424936,Europe,Eastern Europe,9470960107,1996096109.0,1263338507264,0.75,0.16
Rwanda,2000,100,Africa,23424937,Africa,Eastern Africa,4353817437,2119400181.0,5571311829,78.15,38.04
Saint Helena,2000,100,Seven seas (open ocean),23424944,Africa,Western Africa,6445660,,13889590,46.41,
Saint Kitts and Nevis,2000,100,North America,23424940,Americas,Caribbean,687840143,687840143.0,687840143,100.0,100.0
Saint Lucia,2000,100,North America,23424951,Americas,Caribbean,1318441834,1318441834.0,1318441834,100.0,100.0
Saint Vincent and the Grenadines,2000,100,North America,23424981,Americas,Caribbean,386395778,386395778.0,386395778,100.0,100.0
Saint-Barthélemy,2000,100,North America,56042304,Americas,Caribbean,179775290,179775290.0,179775290,100.0,100.0
Saint-Martin,2000,100,North America,56042305,Americas,Caribbean,177127248,177127248.0,177127248,100.0,100.0
Samoa,2000,100,Oceania,23424992,Oceania,Polynesia,599207584,,599207584,100.0,
Saudi Arabia,2000,100,Asia,23424938,Asia,Western Asia,18393865555,,902023016127,2.04,
Sint Maarten,2000,100,North America,-90,Americas,Caribbean,1277397417,1277397417.0,1277397417,100.0,100.0
Solomon Islands,2000,100,Oceania,23424766,Oceania,Melanesia,287740385,261170755.0,546037116,52.7,47.83
Somaliland,2000,100,Africa,-99,Africa,Eastern Africa,52203420,,11411307580,0.46,
South Africa,2000,100,Africa,23424942,Africa,Southern Africa,0,,386995196280,0.0,
South Georgia and the Islands,2000,100,Seven seas (open ocean),23424955,Seven seas (open ocean),Seven seas (open ocean),0,,0,,
South Sudan,2000,100,Africa,-99,Africa,Eastern Africa,900744,,7583238160,0.01,
Spain,2000,100,Europe,23424950,Europe,Southern Europe,251558914097,12603414981.0,1001126264100,25.13,1.26
Sudan,2000,100,Africa,-90,Africa,Northern Africa,1550481827,,60654212742,2.56,
Syria,2000,100,Asia,23424956,Asia,Western Asia,104459012,,54970162801,0.19,
Taiwan,2000,100,Asia,23424971,Asia,Eastern Asia,188907277093,,401063022701,47.1,
Tanzania,2000,100,Africa,23424973,Africa,Eastern Africa,4480565628,1607531794.0,43018874974,10.42,3.74
Timor-Leste,2000,100,Asia,23424968,Asia,South-Eastern Asia,41991037,41991037.0,1246715680,3.37,3.37
Tonga,2000,100,Oceania,23424964,Oceania,Polynesia,331383994,331383994.0,331383994,100.0,100.0
Tunisia,2000,100,Africa,23424967,Africa,Northern Africa,322613530,,61074683740,0.53,
Turkey,2000,100,Asia,23424969,Asia,Western Asia,28421900948,725971833.0,598830019881,4.75,0.12
Uganda,2000,100,Africa,23424974,Africa,Eastern Africa,3302804960,543464173.0,18666780889,17.69,2.91
United States,2000,100,North America,23424977,Americas,Northern America,332421654043,85929222131.0,11180736613276,2.97,0.77
Vanuatu,2000,100,Oceania,23424907,Oceania,Melanesia,343480948,245563901.0,366585260,93.7,66.99
Vatican,2000,100,Europe,23424986,Europe,Southern Europe,487579928,,487579928,100.0,
Vietnam,2000,100,Asia,23424984,Asia,South-Eastern Asia,1665756860,,176004319519,0.95,
Yemen,2000,100,Asia,23425002,Asia,Western Asia,51496937137,46380213693.0,60905057745,84.55,76.15
Zambia,2000,100,Africa,23425003,Africa,Eastern Africa,21942686,9436611.0,19142763471,0.11,0.05
Algeria,2001,100,Africa,23424740,Africa,Northern Africa,2860042481,,293394425710,0.97,
American Samoa,2001,100,Oceania,23424746,Oceania,Polynesia,707217106,,707217106,100.0,
Andorra,2001,100,Europe,23424744,Europe,Southern Europe,3604957427,,3605510832,99.98,
Anguilla,2001,100,North America,23424751,Americas,Caribbean,126520552,102610016.0,126520552,100.0,81.1
Antarctica,2001,100,Antarctica,28289409,Antarctica,Antarctica,0,0.0,0,,
Antigua and Barbuda,2001,100,North America,23424737,Americas,Caribbean,1216346507,1212445602.0,1217040331,99.94,99.62
Argentina,2001,100,South America,23424747,Americas,South America,1668653076,485155991.0,458137370995,0.36,0.11
Armenia,2001,100,Asia,23424743,Asia,Western Asia,9997782829,8350510015.0,10007740347,99.9,83.44
Australia,2001,100,Oceania,-90,Oceania,Australia and New Zealand,356166068,,565542260973,0.06,
Azerbaijan,2001,100,Asia,23424741,Asia,Western Asia,2994993463,193726103.0,34331573867,8.72,0.56
Belgium,2001,100,Europe,23424757,Europe,Western Europe,4806543598,,323956361066,1.48,
Bolivia,2001,100,South America,23424762,Americas,South America,50623243,,32954547853,0.15,
Cameroon,2001,100,Africa,23424785,Africa,Middle Africa,12396409909,11382107314.0,35151798251,35.27,32.38
Canada,2001,100,North America,23424775,Americas,Northern America,61727397271,55213851.0,935805265198,6.6,0.01
Chad,2001,100,Africa,23424777,Africa,Middle Africa,6536602,,8058737438,0.08,
Chile,2001,100,South America,23424782,Americas,South America,143474540405,5264814918.0,168549492055,85.12,3.12
China,2001,100,Asia,23424781,Asia,Eastern Asia,36633736871,2517152580.0,4490078337894,0.82,0.06
Colombia,2001,100,South America,23424787,Americas,South America,53106027547,52137620993.0,299202075207,17.75,17.43
Comoros,2001,100,Africa,23424786,Africa,Eastern Africa,932321700,912100690.0,975488042,95.57,93.5
Costa Rica,2001,100,North America,23424791,Americas,Central America,35947010378,35733656455.0,35975828052,99.92,99.33
Dem. Rep. Korea,2001,100,Asia,23424865,Asia,Eastern Asia,5354778823,1083426779.0,41383566069,12.94,2.62
Democratic Republic of the Congo,2001,100,Africa,23424780,Africa,Middle Africa,833301375,431449562.0,23389064465,3.56,1.84
Djibouti,2001,100,Africa,23424797,Africa,Eastern Africa,737358545,55549598.0,738962753,99.78,7.52
Dominica,2001,100,North America,23424798,Americas,Caribbean,467459115,467459115.0,467459115,100.0,100.0
Ecuador,2001,100,South America,23424801,Americas,South America,35810441367,35327814309.0,77710365331,46.08,45.46
El Salvador,2001,100,North America,23424807,Americas,Central America,29566877295,29482397657.0,29566877295,100.0,99.71
Equatorial Guinea,2001,100,Africa,23424804,Africa,Middle Africa,1836478986,1703058821.0,7026090413,26.14,24.24
Eritrea,2001,100,Africa,23424806,Africa,Eastern Africa,887251470,47599143.0,6511759927,13.63,0.73
Ethiopia,2001,100,Africa,23424808,Africa,Eastern Africa,21818676230,3147250108.0,38875005326,56.13,8.1
Fiji,2001,100,Oceania,23424813,Oceania,Melanesia,71004993,,4754272350,1.49,
France,2001,100,Europe,-90,Europe,Western Europe,68078386013,37778180310.0,1764075252257,3.86,2.14
French Polynesia,2001,100,Oceania,23424817,Oceania,Polynesia,5099065594,,5451087598,93.54,
French Southern and Antarctic Lands,2001,100,Seven seas (open ocean),28289406,Seven seas (open ocean),Seven seas (open ocean),0,,0,,
Georgia,2001,100,Asia,23424823,Asia,Western Asia,11319722404,,15733998610,71.94,
Germany,2001,100,Europe,23424829,Europe,Western Europe,203841609759,,2566379833654,7.94,
Greece,2001,100,Europe,23424833,Europe,Southern Europe,187903193630,58028237.0,238678664977,78.73,0.02
Grenada,2001,100,North America,23424826,Americas,Caribbean,741762478,741762478.0,741762478,100.0,100.0
Guam,2001,100,Oceania,23424832,Oceania,Micronesia,5111361704,,5420845431,94.29,
Guatemala,2001,100,North America,23424834,Americas,Central America,61596641998,60695820197.0,63557291926,96.92,95.5
Heard I. and McDonald Islands,2001,100,Seven seas (open ocean),28289411,Seven seas (open ocean),Seven seas (open ocean),0,,0,,
Honduras,2001,100,North America,23424841,Americas,Central America,16703497007,1254470773.0,19511560898,85.61,6.43
Iceland,2001,100,Europe,23424845,Europe,Northern Europe,8287212849,2118446848.0,8535742686,97.09,24.82
India,2001,100,Asia,23424848,Asia,Southern Asia,6022399,,2551729035794,0.0,
Indonesia,2001,100,Asia,23424846,Asia,South-Eastern Asia,1001270225842,980373838687.0,1127434684029,88.81,86.96
Iran,2001,100,Asia,23424851,Asia,Southern Asia,352009131041,652030824.0,758485200443,46.41,0.09
Italy,2001,100,Europe,23424853,Europe,Southern Europe,595413931131,368832190557.0,1675742133984,35.53,22.01
Japan,2001,100,Asia,23424856,Asia,Eastern Asia,2572627209202,2465332900322.0,3816833282642,67.4,64.59
Jordan,2001,100,Asia,23424860,Asia,Western Asia,24166113,,35863072201,0.07,
Kenya,2001,100,Africa,23424863,Africa,Eastern Africa,40192068533,36181408.0,52312275300,76.83,0.07
Luxembourg,2001,100,Europe,23424881,Europe,Western Europe,27757268415,,28246947911,98.27,
Malawi,2001,100,Africa,23424889,Africa,Eastern Africa,145862362,145862362.0,8091770146,1.8,1.8
Mexico,2001,100,North America,23424900,Americas,Central America,733031582695,649083943217.0,1253807542105,58.46,51.77
Mongolia,2001,100,Asia,23424887,Asia,Eastern Asia,394120861,,10297294511,3.83,
Montserrat,2001,100,North America,23424888,Americas,Caribbean,17126036,17126036.0,17126036,100.0,100.0
Myanmar,2001,100,Asia,23424763,Asia,South-Eastern Asia,3426693016,34783147.0,53224061799,6.44,0.07
Netherlands,2001,100,Europe,-90,Europe,Western Europe,4115811262,26772429.0,581164261990,0.71,0.0
New Zealand,2001,100,Oceania,23424916,Oceania,Australia and New Zealand,47621652936,4237726586.0,84354354377,56.45,5.02
Nicaragua,2001,100,North America,23424915,Americas,Central America,14705023438,14585650266.0,16238406120,90.56,89.82
Niger,2001,100,Africa,23424906,Africa,Western Africa,111604313,,10585861594,1.05,
Nigeria,2001,100,Africa,23424908,Africa,Western Africa,178667902,178667902.0,357270578772,0.05,0.05
Northern Mariana Islands,2001,100,Oceania,23424788,Oceania,Micronesia,1827567754,0.0,1827567754,100.0,0.0
Norway,2001,100,Europe,-90,Europe,Northern Europe,728653,,190809993991,0.0,
Panama,2001,100,North America,23424924,Americas,Central America,1689551853,,28437577309,5.94,
Papua New Guinea,2001,100,Oceania,23424926,Oceania,Melanesia,1859011365,1647768061.0,8468650895,21.95,19.46
Peru,2001,100,South America,23424919,Americas,South America,9425972821,7717808924.0,150107058458,6.28,5.14
Philippines,2001,100,Asia,23424934,Asia,South-Eastern Asia,290259485118,279468505243.0,302021215215,96.11,92.53
Portugal,2001,100,Europe,23424925,Europe,Southern Europe,2762192673,231820132.0,198057692994,1.39,0.12
Republic of Cabo Verde,2001,100,Africa,23424794,Africa,Western Africa,797744591,797744591.0,1250835936,63.78,63.78
Republic of Korea,2001,100,Asia,23424868,Asia,Eastern Asia,416529158994,,968886633909,42.99,
Russian Federation,2001,100,Europe,23424936,Europe,Eastern Europe,12061573491,1893921295.0,1329022851808,0.91,0.14
Rwanda,2001,100,Africa,23424937,Africa,Eastern Africa,4588508665,2446994578.0,6018301624,76.24,40.66
Saint Helena,2001,100,Seven seas (open ocean),23424944,Africa,Western Africa,5012396,,28405968,17.65,
Saint Kitts and Nevis,2001,100,North America,23424940,Americas,Caribbean,741690802,741690802.0,741690802,100.0,100.0
Saint Lucia,2001,100,North America,23424951,Americas,Caribbean,1281030076,1281030076.0,1281030076,100.0,100.0
Saint Vincent and the Grenadines,2001,100,North America,23424981,Americas,Caribbean,507793980,507793980.0,507793980,100.0,100.0
Saint-Barthélemy,2001,100,North America,56042304,Americas,Caribbean,175529651,175529651.0,175529651,100.0,100.0
Saint-Martin,2001,100,North America,56042305,Americas,Caribbean,265422434,265422434.0,265422434,100.0,100.0
Samoa,2001,100,Oceania,23424992,Oceania,Polynesia,601804746,,601804746,100.0,
Saudi Arabia,2001,100,Asia,23424938,Asia,Western Asia,21121656508,,892298118209,2.37,
Sint Maarten,2001,100,North America,-90,Americas,Caribbean,1113646979,1113646979.0,1113646979,100.0,100.0
Solomon Islands,2001,100,Oceania,23424766,Oceania,Melanesia,246522533,212956528.0,499845322,49.32,42.6
Somaliland,2001,100,Africa,-99,Africa,Eastern Africa,48801016,,11958003159,0.41,
South Africa,2001,100,Africa,23424942,Africa,Southern Africa,0,,397741039838,0.0,
South Georgia and the Islands,2001,100,Seven seas (open ocean),23424955,Seven seas (open ocean),Seven seas (open ocean),0,,0,,
South Sudan,2001,100,Africa,-99,Africa,Eastern Africa,994973,,7893627451,0.01,
Spain,2001,100,Europe,23424950,Europe,Southern Europe,269044171510,14394278771.0,1052848298689,25.55,1.37
Sudan,2001,100,Africa,-90,Africa,Northern Africa,1577325157,,64772183448,2.44,
Syria,2001,100,Asia,23424956,Asia,Western Asia,103960610,,58048795257,0.18,
Taiwan,2001,100,Asia,23424971,Asia,Eastern Asia,205525124214,,417018920491,49.28,
Tanzania,2001,100,Africa,23424973,Africa,Eastern Africa,4361973898,1625728986.0,45543739498,9.58,3.57
Timor-Leste,2001,100,Asia,23424968,Asia,South-Eastern Asia,52499315,52499315.0,1434086994,3.66,3.66
Tonga,2001,100,Oceania,23424964,Oceania,Polynesia,335120512,335120512.0,335120512,100.0,100.0
Tunisia,2001,100,Africa,23424967,Africa,Northern Africa,248817490,,62614933978,0.4,
Turkey,2001,100,Asia,23424969,Asia,Western Asia,26064426282,627186928.0,573065422337,4.55,0.11
Uganda,2001,100,Africa,23424974,Africa,Eastern Africa,3174915953,526256958.0,19634267657,16.17,2.68
United States,2001,100,North America,23424977,Americas,Northern America,331525061868,90162501791.0,11327910347854,2.93,0.8
Vanuatu,2001,100,Oceania,23424907,Oceania,Melanesia,348072431,274371854.0,372402423,93.47,73.68
Vatican,2001,100,Europe,23424986,Europe,Southern Europe,462931340,,462931340,100.0,
Vietnam,2001,100,Asia,23424984,Asia,South-Eastern Asia,1599534351,,187286575238,0.85,
Yemen,2001,100,Asia,23425002,Asia,Western Asia,50870509882,45944220572.0,61402944446,82.85,74.82
Zambia,2001,100,Africa,23425003,Africa,Eastern Africa,23036976,9883850.0,20161319766,0.11,0.05
Algeria,2002,100,Africa,23424740,Africa,Northern Africa,1910586542,,309033077338,0.62,
American Samoa,2002,100,Oceania,23424746,Oceania,Polynesia,714380560,,714380560,100.0,
Andorra,2002,100,Europe,23424744,Europe,Southern Europe,3833899715,,3834533848,99.98,
Anguilla,2002,100,North America,23424751,Americas,Caribbean,129635417,115409451.0,129635417,100.0,89.03
Antarctica,2002,100,Antarctica,28289409,Antarctica,Antarctica,0,0.0,0,,
Antigua and Barbuda,2002,100,North America,23424737,Americas,Caribbean,1276466294,1272235154.0,1277133989,99.95,99.62
Argentina,2002,100,South America,23424747,Americas,South America,1846328975,435885120.0,408155169293,0.45,0.11
Armenia,2002,100,Asia,23424743,Asia,Western Asia,11327432968,10050941366.0,11334136685,99.94,88.68
Australia,2002,100,Oceania,-90,Oceania,Australia and New Zealand,431541558,,586554351888,0.07,
Azerbaijan,2002,100,Asia,23424741,Asia,Western Asia,3275265606,136032332.0,37720940800,8.68,0.36
Belgium,2002,100,Europe,23424757,Europe,Western Europe,4426101936,,329418559779,1.34,
Bolivia,2002,100,South America,23424762,Americas,South America,49161203,,33767682382,0.15,
Cameroon,2002,100,Africa,23424785,Africa,Middle Africa,13695429072,12794276370.0,36700835231,37.32,34.86
Canada,2002,100,North America,23424775,Americas,Northern America,61995906174,59056914.0,966969282669,6.41,0.01
Chad,2002,100,Africa,23424777,Africa,Middle Africa,7067588,,8729740119,0.08,
Chile,2002,100,South America,23424782,Americas,South America,145635211962,5603785588.0,173919308103,83.74,3.22
China,2002,100,Asia,23424781,Asia,Eastern Asia,47662359109,3823794510.0,4893719799516,0.97,0.08
Colombia,2002,100,South America,23424787,Americas,South America,52818624134,51784216243.0,306427272075,17.24,16.9
Comoros,2002,100,Africa,23424786,Africa,Eastern Africa,955763391,934254312.0,999864850,95.59,93.44
Costa Rica,2002,100,North America,23424791,Americas,Central America,37163612482,36944156045.0,37196183458,99.91,99.32
Dem. Rep. Korea,2002,100,Asia,23424865,Asia,Eastern Asia,5345372034,1095371588.0,41736592263,12.81,2.62
Democratic Republic of the Congo,2002,100,Africa,23424780,Africa,Middle Africa,900924761,470872989.0,24069846789,3.74,1.96
Djibouti,2002,100,Africa,23424797,Africa,Eastern Africa,1033352019,82478287.0,1035688467,99.77,7.96
Dominica,2002,100,North America,23424798,Americas,Caribbean,459925586,459925586.0,459925586,100.0,100.0
Ecuador,2002,100,South America,23424801,Americas,South America,39323382281,38814180435.0,80679932674,48.74,48.11
El Salvador,2002,100,North America,23424807,Americas,Central America,30030774709,29949907453.0,30030774709,100.0,99.73
Equatorial Guinea,2002,100,Africa,23424804,Africa,Middle Africa,2504584474,2327791083.0,9501752911,26.36,24.5
Eritrea,2002,100,Africa,23424806,Africa,Eastern Africa,864225603,46769855.0,6707706525,12.88,0.7
Ethiopia,2002,100,Africa,23424808,Africa,Eastern Africa,23626230373,2951636722.0,39471248963,59.86,7.48
Fiji,2002,100,Oceania,23424813,Oceania,Melanesia,64651968,,4874919252,1.33,
France,2002,100,Europe,-90,Europe,Western Europe,69378351447,37700836292.0,1785061850114,3.89,2.11
French Polynesia,2002,100,Oceania,23424817,Oceania,Polynesia,5434440563,,5656996904,96.07,
French Southern and Antarctic Lands,2002,100,Seven seas (open ocean),28289406,Seven seas (open ocean),Seven seas (open ocean),0,,0,,
Georgia,2002,100,Asia,23424823,Asia,Western Asia,13405356564,,16530837104,81.09,
Germany,2002,100,Europe,23424829,Europe,Western Europe,234389307201,,2559185855432,9.16,
Greece,2002,100,Europe,23424833,Europe,Southern Europe,176387413185,55084085.0,248650099596,70.94,0.02
Grenada,2002,100,North America,23424826,Americas,Caribbean,776803391,776803391.0,776803391,100.0,100.0
Guam,2002,100,Oceania,23424832,Oceania,Micronesia,5147464008,,5478813101,93.95,
Guatemala,2002,100,North America,23424834,Americas,Central America,63811603633,62795626168.0,66024873136,96.65,95.11
Heard I. and McDonald Islands,2002,100,Seven seas (open ocean),28289411,Seven seas (open ocean),Seven seas (open ocean),0,,0,,
Honduras,2002,100,North America,23424841,Americas,Central America,17269282648,1313052641.0,20244896717,85.3,6.49
Iceland,2002,100,Europe,23424845,Europe,Northern Europe,8312092400,1964355013.0,8552141381,97.19,22.97
India,2002,100,Asia,23424848,Asia,Southern Asia,6390585,,2644482481276,0.0,
Indonesia,2002,100,Asia,23424846,Asia,South-Eastern Asia,1049484557408,1028913492928.0,1174918965008,89.32,87.57
Iran,2002,100,Asia,23424851,Asia,Southern Asia,369556674127,964126242.0,813917046531,45.4,0.12
Italy,2002,100,Europe,23424853,Europe,Southern Europe,551844171035,331811385880.0,1681583250091,32.82,19.73
Japan,2002,100,Asia,23424856,Asia,Eastern Asia,2532215668619,2419351059798.0,3816569635656,66.35,63.39
Jordan,2002,100,Asia,23424860,Asia,Western Asia,25103205,,37943068825,0.07,
Kenya,2002,100,Africa,23424863,Africa,Eastern Africa,41435765672,33890853.0,52565151517,78.83,0.06
Luxembourg,2002,100,Europe,23424881,Europe,Western Europe,28486510518,,29337243503,97.1,
Malawi,2002,100,Africa,23424889,Africa,Eastern Africa,138071939,138071939.0,8237444563,1.68,1.68
Mexico,2002,100,North America,23424900,Americas,Central America,722366208719,638747798462.0,1252830273146,57.66,50.98
Mongolia,2002,100,Asia,23424887,Asia,Eastern Asia,339381953,,10784016862,3.15,
Montserrat,2002,100,North America,23424888,Americas,Caribbean,17950439,17950439.0,17950439,100.0,100.0
Myanmar,2002,100,Asia,23424763,Asia,South-Eastern Asia,4032965319,42188743.0,59704994234,6.75,0.07
Netherlands,2002,100,Europe,-90,Europe,Western Europe,2733197192,20800220.0,583302485412,0.47,0.0
New Zealand,2002,100,Oceania,23424916,Oceania,Australia and New Zealand,48537970375,4137359081.0,88280656089,54.98,4.69
Nicaragua,2002,100,North America,23424915,Americas,Central America,14764623189,14649042960.0,16358606963,90.26,89.55
Niger,2002,100,Africa,23424906,Africa,Western Africa,119651864,,11107517408,1.08,
Nigeria,2002,100,Africa,23424908,Africa,Western Africa,181301000,181301000.0,412578687154,0.04,0.04
Northern Mariana Islands,2002,100,Oceania,23424788,Oceania,Micronesia,1811128537,0.0,1811128537,100.0,0.0
Norway,2002,100,Europe,-90,Europe,Northern Europe,759671,,191718953054,0.0,
Panama,2002,100,North America,23424924,Americas,Central America,2109528319,,29088420695,7.25,
Papua New Guinea,2002,100,Oceania,23424926,Oceania,Melanesia,1828054760,1619129437.0,8467878355,21.59,19.12
Peru,2002,100,South America,23424919,Americas,South America,11597189336,9329495810.0,158091639937,7.34,5.9
Philippines,2002,100,Asia,23424934,Asia,South-Eastern Asia,299137558429,287492454313.0,311011588452,96.18,92.44
Portugal,2002,100,Europe,23424925,Europe,Southern Europe,1886237199,212160604.0,198925465498,0.95,0.11
Republic of Cabo Verde,2002,100,Africa,23424794,Africa,Western Africa,738019012,738019012.0,1365749093,54.04,54.04
Republic of Korea,2002,100,Asia,23424868,Asia,Eastern Asia,437909362929,,1041966337953,42.03,
Russian Federation,2002,100,Europe,23424936,Europe,Eastern Europe,15701289725,2625628178.0,1395071318688,1.13,0.19
Rwanda,2002,100,Africa,23424937,Africa,Eastern Africa,5280818050,2597583085.0,6815238857,77.49,38.11
Saint Helena,2002,100,Seven seas (open ocean),23424944,Africa,Western Africa,5004370,,27746741,18.04,
Saint Kitts and Nevis,2002,100,North America,23424940,Americas,Caribbean,726118882,726118882.0,726118882,100.0,100.0
Saint Lucia,2002,100,North America,23424951,Americas,Caribbean,1258940863,1258940863.0,1258940863,100.0,100.0
Saint Vincent and the Grenadines,2002,100,North America,23424981,Americas,Caribbean,521664001,521664001.0,521664001,100.0,100.0
Saint-Barthélemy,2002,100,North America,56042304,Americas,Caribbean,183912352,183912352.0,183912352,100.0,100.0
Saint-Martin,2002,100,North America,56042305,Americas,Caribbean,256115307,256115307.0,256115307,100.0,100.0
Samoa,2002,100,Oceania,23424992,Oceania,Polynesia,626629599,,626629599,100.0,
Saudi Arabia,2002,100,Asia,23424938,Asia,Western Asia,21732166058,,867834271054,2.5,
Sint Maarten,2002,100,North America,-90,Americas,Caribbean,1120891229,1120891229.0,1120891229,100.0,100.0
Solomon Islands,2002,100,Oceania,23424766,Oceania,Melanesia,244290309,212221004.0,487660222,50.09,43.52
Somaliland,2002,100,Africa,-99,Africa,Eastern Africa,49502705,,12362546062,0.4,
South Africa,2002,100,Africa,23424942,Africa,Southern Africa,0,,412431487244,0.0,
South Georgia and the Islands,2002,100,Seven seas (open ocean),23424955,Seven seas (open ocean),Seven seas (open ocean),0,,0,,
South Sudan,2002,100,Africa,-99,Africa,Eastern Africa,1091909,,8050364015,0.01,
Spain,2002,100,Europe,23424950,Europe,Southern Europe,261071316145,16523905508.0,1076519711254,24.25,1.53
Sudan,2002,100,Africa,-90,Africa,Northern Africa,1628595170,,69290658401,2.35,
Syria,2002,100,Asia,23424956,Asia,Western Asia,151534339,,62877419271,0.24,
Taiwan,2002,100,Asia,23424971,Asia,Eastern Asia,224062601876,,432826141515,51.77,
Tanzania,2002,100,Africa,23424973,Africa,Eastern Africa,5044231475,1785211390.0,48776947446,10.34,3.66
Timor-Leste,2002,100,Asia,23424968,Asia,South-Eastern Asia,36797088,36797088.0,1363874323,2.7,2.7
Tonga,2002,100,Oceania,23424964,Oceania,Polynesia,365287147,365287147.0,365287147,100.0,100.0
Tunisia,2002,100,Africa,23424967,Africa,Northern Africa,223111317,,62008851640,0.36,
Turkey,2002,100,Asia,23424969,Asia,Western Asia,35815712995,868456937.0,614963532417,5.82,0.14
Uganda,2002,100,Africa,23424974,Africa,Eastern Africa,3216660213,527120154.0,21352589743,15.06,2.47
United States,2002,100,North America,23424977,Americas,Northern America,368182736466,97186580417.0,11535280466800,3.19,0.84
Vanuatu,2002,100,Oceania,23424907,Oceania,Melanesia,331680506,256252142.0,354460671,93.57,72.29
Vatican,2002,100,Europe,23424986,Europe,Southern Europe,324882548,,324882548,100.0,
Vietnam,2002,100,Asia,23424984,Asia,South-Eastern Asia,1667035217,,199152799633,0.84,
Yemen,2002,100,Asia,23425002,Asia,Western Asia,50759673158,45159309139.0,63852716030,79.49,70.72
Zambia,2002,100,Africa,23425003,Africa,Eastern Africa,24068473,10394028.0,21068124384,0.11,0.05
Algeria,2003,100,Africa,23424740,Africa,Northern Africa,1982057983,,331097377573,0.6,
American Samoa,2003,100,Oceania,23424746,Oceania,Polynesia,713499225,,713499225,100.0,
Andorra,2003,100,Europe,23424744,Europe,Southern Europe,4283726952,,4284519763,99.98,
Anguilla,2003,100,North America,23424751,Americas,Caribbean,137675173,124555231.0,137675173,100.0,90.47
Antarctica,2003,100,Antarctica,28289409,Antarctica,Antarctica,0,0.0,0,,
Antigua and Barbuda,2003,100,North America,23424737,Americas,Caribbean,1357904891,1350980863.0,1359081285,99.91,99.4
Argentina,2003,100,South America,23424747,Americas,South America,2372079074,609354739.0,444202807377,0.53,0.14
Armenia,2003,100,Asia,23424743,Asia,Western Asia,12912321233,11438736862.0,12920534124,99.94,88.53
Australia,2003,100,Oceania,-90,Oceania,Australia and New Zealand,515885563,,604100493606,0.09,
Azerbaijan,2003,100,Asia,23424741,Asia,Western Asia,3734859813,163555392.0,41631360154,8.97,0.39
Belgium,2003,100,Europe,23424757,Europe,Western Europe,6337596792,,333103145886,1.9,
Bolivia,2003,100,South America,23424762,Americas,South America,48626261,,34673467517,0.14,
Cameroon,2003,100,Africa,23424785,Africa,Middle Africa,14879643143,13861156854.0,38372807310,38.78,36.12
Canada,2003,100,North America,23424775,Americas,Northern America,22882237588,204415395.0,1006409858919,2.27,0.02
Chad,2003,100,Africa,23424777,Africa,Middle Africa,8160951,,10011365375,0.08,
Chile,2003,100,South America,23424782,Americas,South America,147013617348,7681678452.0,180724974292,81.35,4.25
China,2003,100,Asia,23424781,Asia,Eastern Asia,49278867978,4071637801.0,5396518956200,0.91,0.08
Colombia,2003,100,South America,23424787,Americas,South America,55578021075,54407277750.0,318711922779,17.44,17.07
Comoros,2003,100,Africa,23424786,Africa,Eastern Africa,971791156,950052115.0,1017479295,95.51,93.37
Costa Rica,2003,100,North America,23424791,Americas,Central America,38772839447,38508489808.0,38811474323,99.9,99.22
Dem. Rep. Korea,2003,100,Asia,23424865,Asia,Eastern Asia,5497843392,1118267284.0,42460255459,12.95,2.63
Democratic Republic of the Congo,2003,100,Africa,23424780,Africa,Middle Africa,1020473206,523893698.0,25408942076,4.02,2.06
Djibouti,2003,100,Africa,23424797,Africa,Eastern Africa,1435682576,80434968.0,1438026166,99.84,5.59
Dominica,2003,100,North America,23424798,Americas,Caribbean,483748458,483748458.0,483748458,100.0,100.0
Ecuador,2003,100,South America,23424801,Americas,South America,37594339772,37096164863.0,84563573664,44.46,43.87
El Salvador,2003,100,North America,23424807,Americas,Central America,30499986539,30404136752.0,30499986539,100.0,99.69
Equatorial Guinea,2003,100,Africa,23424804,Africa,Middle Africa,2842130543,2669932496.0,9797236489,29.01,27.25
Eritrea,2003,100,Africa,23424806,Africa,Eastern Africa,948584745,46837341.0,6533557247,14.52,0.72
Ethiopia,2003,100,Africa,23424808,Africa,Eastern Africa,22921307463,2939188013.0,38633088442,59.33,7.61
Fiji,2003,100,Oceania,23424813,Oceania,Melanesia,71656253,,4915191356,1.46,
France,2003,100,Europe,-90,Europe,Western Europe,78124547177,38062814464.0,1794575980401,4.35,2.12
French Polynesia,2003,100,Oceania,23424817,Oceania,Polynesia,5492991033,,5781549650,95.01,
French Southern and Antarctic Lands,2003,100,Seven seas (open ocean),28289406,Seven seas (open ocean),Seven seas (open ocean),0,,0,,
Georgia,2003,100,Asia,23424823,Asia,Western Asia,15124984482,,18345985027,82.44,
Germany,2003,100,Europe,23424829,Europe,Western Europe,216010760578,,2541166071942,8.5,
Greece,2003,100,Europe,23424833,Europe,Southern Europe,189656936209,56884123.0,262440039808,72.27,0.02
Grenada,2003,100,North America,23424826,Americas,Caribbean,853103385,853103385.0,853103385,100.0,100.0
Guam,2003,100,Oceania,23424832,Oceania,Micronesia,5162933004,,5520432002,93.52,
Guatemala,2003,100,North America,23424834,Americas,Central America,65321134510,64209563771.0,67825033031,96.31,94.67
Heard I. and McDonald Islands,2003,100,Seven seas (open ocean),28289411,Seven seas (open ocean),Seven seas (open ocean),0,,0,,
Honduras,2003,100,North America,23424841,Americas,Central America,17844157997,1300473840.0,21119514234,84.49,6.16
Iceland,2003,100,Europe,23424845,Europe,Northern Europe,8999232623,727927960.0,9042213427,99.52,8.05
India,2003,100,Asia,23424848,Asia,Southern Asia,7426625,,2855331005607,0.0,
Indonesia,2003,100,Asia,23424846,Asia,South-Eastern Asia,1081857282566,1059920944276.0,1229041965588,88.02,86.24
Iran,2003,100,Asia,23424851,Asia,Southern Asia,392232499046,985358569.0,885212331489,44.31,0.11
Italy,2003,100,Europe,23424853,Europe,Southern Europe,526611241599,317799880255.0,1687409727092,31.21,18.83
Japan,2003,100,Asia,23424856,Asia,Eastern Asia,2615625571841,2489515962285.0,3870692849522,67.58,64.32
Jordan,2003,100,Asia,23424860,Asia,Western Asia,26642367,,39533317037,0.07,
Kenya,2003,100,Africa,23424863,Africa,Eastern Africa,41650769795,37424377.0,54120818849,76.96,0.07
Luxembourg,2003,100,Europe,23424881,Europe,Western Europe,28920095183,,29512470274,97.99,
Malawi,2003,100,Africa,23424889,Africa,Eastern Africa,152335420,152335420.0,8711370257,1.75,1.75
Mexico,2003,100,North America,23424900,Americas,Central America,728136388850,634687036311.0,1272715281709,57.21,49.87
Mongolia,2003,100,Asia,23424887,Asia,Eastern Asia,421057245,,11536664750,3.65,
Montserrat,2003,100,North America,23424888,Americas,Caribbean,15266538,15266538.0,15266538,100.0,100.0
Myanmar,2003,100,Asia,23424763,Asia,South-Eastern Asia,4775580485,51684070.0,68244427823,7.0,0.08
Netherlands,2003,100,Europe,-90,Europe,Western Europe,3590986921,21518380.0,581966807666,0.62,0.0
New Zealand,2003,100,Oceania,23424916,Oceania,Australia and New Zealand,47427611017,4213380911.0,91672424627,51.74,4.6
Nicaragua,2003,100,North America,23424915,Americas,Central America,15003511581,14876042328.0,16775570734,89.44,88.68
Niger,2003,100,Africa,23424906,Africa,Western Africa,125674692,,11353416719,1.11,
Nigeria,2003,100,Africa,23424908,Africa,Western Africa,215927130,215927130.0,443827772998,0.05,0.05
Northern Mariana Islands,2003,100,Oceania,23424788,Oceania,Micronesia,1825061230,0.0,1825061230,100.0,0.0
Norway,2003,100,Europe,-90,Europe,Northern Europe,717055,,198859029500,0.0,
Panama,2003,100,North America,23424924,Americas,Central America,1415445639,,30288237071,4.67,
Papua New Guinea,2003,100,Oceania,23424926,Oceania,Melanesia,1833162909,1626439106.0,8652975629,21.19,18.8
Peru,2003,100,South America,23424919,Americas,South America,12507435601,9764564429.0,164924615999,7.58,5.92
Philippines,2003,100,Asia,23424934,Asia,South-Eastern Asia,312169659611,298579798157.0,327001882354,95.46,91.31
Portugal,2003,100,Europe,23424925,Europe,Southern Europe,2458197602,311918776.0,201507302172,1.22,0.15
Republic of Cabo Verde,2003,100,Africa,23424794,Africa,Western Africa,825749337,825749337.0,1433081374,57.62,57.62
Republic of Korea,2003,100,Asia,23424868,Asia,Eastern Asia,436316518033,,1073319739740,40.65,
Russian Federation,2003,100,Europe,23424936,Europe,Eastern Europe,14745576762,2264141958.0,1497370349485,0.98,0.15
Rwanda,2003,100,Africa,23424937,Africa,Eastern Africa,5309693604,2760145865.0,6961504352,76.27,39.65
Saint Helena,2003,100,Seven seas (open ocean),23424944,Africa,Western Africa,4672821,,26799859,17.44,
Saint Kitts and Nevis,2003,100,North America,23424940,Americas,Caribbean,711602436,711602436.0,711602436,100.0,100.0
Saint Lucia,2003,100,North America,23424951,Americas,Caribbean,1301228119,1301228119.0,1301228119,100.0,100.0
Saint Vincent and the Grenadines,2003,100,North America,23424981,Americas,Caribbean,565038423,565038423.0,565038423,100.0,100.0
Saint-Barthélemy,2003,100,North America,56042304,Americas,Caribbean,192200309,192200309.0,192200309,100.0,100.0
Saint-Martin,2003,100,North America,56042305,Americas,Caribbean,302234755,302234755.0,302234755,100.0,100.0
Samoa,2003,100,Oceania,23424992,Oceania,Polynesia,650113167,,650113167,100.0,
Saudi Arabia,2003,100,Asia,23424938,Asia,Western Asia,25254206225,,965267111044,2.62,
Sint Maarten,2003,100,North America,-90,Americas,Caribbean,1099740951,1099740951.0,1099740951,100.0,100.0
Solomon Islands,2003,100,Oceania,23424766,Oceania,Melanesia,259627725,225606326.0,517459222,50.17,43.6
Somaliland,2003,100,Africa,-99,Africa,Eastern Africa,51596546,,12986485957,0.4,
South Africa,2003,100,Africa,23424942,Africa,Southern Africa,0,,424530238108,0.0,
South Georgia and the Islands,2003,100,Seven seas (open ocean),23424955,Seven seas (open ocean),Seven seas (open ocean),0,,0,,
South Sudan,2003,100,Africa,-99,Africa,Eastern Africa,1499255,,9718712897,0.02,
Spain,2003,100,Europe,23424950,Europe,Southern Europe,268064171570,15910952947.0,1104574224975,24.27,1.44
Sudan,2003,100,Africa,-90,Africa,Northern Africa,1938692440,,73572269059,2.64,
Syria,2003,100,Asia,23424956,Asia,Western Asia,174770372,,65093005439,0.27,
Taiwan,2003,100,Asia,23424971,Asia,Eastern Asia,229944209078,,448336606705,51.29,
Tanzania,2003,100,Africa,23424973,Africa,Eastern Africa,5553476239,1972906212.0,51998752396,10.68,3.79
Timor-Leste,2003,100,Asia,23424968,Asia,South-Eastern Asia,43990494,43990494.0,1323696571,3.32,3.32
Tonga,2003,100,Oceania,23424964,Oceania,Polynesia,372937399,372937399.0,372937399,100.0,100.0
Tunisia,2003,100,Africa,23424967,Africa,Northern Africa,199943767,,65226919713,0.31,
Turkey,2003,100,Asia,23424969,Asia,Western Asia,35488614015,698138846.0,648963186929,5.47,0.11
Uganda,2003,100,Africa,23424974,Africa,Eastern Africa,3581760554,585397648.0,22735416182,15.75,2.57
United States,2003,100,North America,23424977,Americas,Northern America,361312875694,93695584677.0,11871568365624,3.04,0.79
Vanuatu,2003,100,Oceania,23424907,Oceania,Melanesia,345043688,267451106.0,369108689,93.48,72.46
Vatican,2003,100,Europe,23424986,Europe,Southern Europe,265379465,,265379465,100.0,
Vietnam,2003,100,Asia,23424984,Asia,South-Eastern Asia,1689476647,,212736683482,0.79,
Yemen,2003,100,Asia,23425002,Asia,Western Asia,52613073022,46979701255.0,66382417913,79.26,70.77
Zambia,2003,100,Africa,23425003,Africa,Eastern Africa,28725696,12480737.0,22513894408,0.13,0.06
Algeria,2004,100,Africa,23424740,Africa,Northern Africa,2878922695,,347550624759,0.83,
American Samoa,2004,100,Oceania,23424746,Oceania,Polynesia,714415110,,714415110,100.0,
Andorra,2004,100,Europe,23424744,Europe,Southern Europe,4599450895,,4600576806,99.98,
Anguilla,2004,100,North America,23424751,Americas,Caribbean,129687780,111043523.0,129687780,100.0,85.62
Antarctica,2004,100,Antarctica,28289409,Antarctica,Antarctica,0,0.0,0,,
Antigua and Barbuda,2004,100,North America,23424737,Americas,Caribbean,1493000135,1483945813.0,1494552924,99.9,99.29
Argentina,2004,100,South America,23424747,Americas,South America,2557730488,749162379.0,484132579657,0.53,0.15
Armenia,2004,100,Asia,23424743,Asia,Western Asia,14273284181,12375414669.0,14282102826,99.94,86.65
Australia,2004,100,Oceania,-90,Oceania,Australia and New Zealand,599272748,,628772108471,0.1,
Azerbaijan,2004,100,Asia,23424741,Asia,Western Asia,4381569441,189486285.0,45541912549,9.62,0.42
Belgium,2004,100,Europe,23424757,Europe,Western Europe,5618684428,,344994369066,1.63,
Bolivia,2004,100,South America,23424762,Americas,South America,64042403,,36135473124,0.18,
Cameroon,2004,100,Africa,23424785,Africa,Middle Africa,15910253837,14911472661.0,41060677030,38.75,36.32
Canada,2004,100,North America,23424775,Americas,Northern America,67589944197,122916435.0,1050147233347,6.44,0.01
Chad,2004,100,Africa,23424777,Africa,Middle Africa,12517967,,13325018388,0.09,
Chile,2004,100,South America,23424782,Americas,South America,159437355629,7818696576.0,194144659958,82.12,4.03
China,2004,100,Asia,23424781,Asia,Eastern Asia,54328972678,4905101948.0,5950186428024,0.91,0.08
Colombia,2004,100,South America,23424787,Americas,South America,60637982793,58925868645.0,335529282978,18.07,17.56
Comoros,2004,100,Africa,23424786,Africa,Eastern Africa,987489559,963947895.0,1034854999,95.42,93.15
Costa Rica,2004,100,North America,23424791,Americas,Central America,40470062759,40096083457.0,40521069825,99.87,98.95
Dem. Rep. Korea,2004,100,Asia,23424865,Asia,Eastern Asia,5491869263,1167017688.0,43076568450,12.75,2.71
Democratic Republic of the Congo,2004,100,Africa,23424780,Africa,Middle Africa,1248823981,651926835.0,27078036402,4.61,2.41
Djibouti,2004,100,Africa,23424797,Africa,Eastern Africa,1302174562,90130116.0,1304771655,99.8,6.91
Dominica,2004,100,North America,23424798,Americas,Caribbean,498580580,498580580.0,498580580,100.0,100.0
Ecuador,2004,100,South America,23424801,Americas,South America,45821875258,45133947045.0,93319857699,49.1,48.36
El Salvador,2004,100,North America,23424807,Americas,Central America,30759847785,30656039622.0,30759847785,100.0,99.66
Equatorial Guinea,2004,100,Africa,23424804,Africa,Middle Africa,4940687224,4710711656.0,13850676252,35.67,34.01
Eritrea,2004,100,Africa,23424806,Africa,Eastern Africa,968899373,47296162.0,6633624363,14.61,0.71
Ethiopia,2004,100,Africa,23424808,Africa,Eastern Africa,24469727902,3657197080.0,43878475509,55.77,8.33
Fiji,2004,100,Oceania,23424813,Oceania,Melanesia,69183982,,4841346995,1.43,
France,2004,100,Europe,-90,Europe,Western Europe,75251775670,38348846152.0,1847907440702,4.07,2.08
French Polynesia,2004,100,Oceania,23424817,Oceania,Polynesia,5681120380,,5944838955,95.56,
French Southern and Antarctic Lands,2004,100,Seven seas (open ocean),28289406,Seven seas (open ocean),Seven seas (open ocean),0,,0,,
Georgia,2004,100,Asia,23424823,Asia,Western Asia,15341435349,,19400592970,79.08,
Germany,2004,100,Europe,23424829,Europe,Western Europe,224573241662,,2574908532787,8.72,
Greece,2004,100,Europe,23424833,Europe,Southern Europe,202835868794,86532712.0,276298108537,73.41,0.03
Grenada,2004,100,North America,23424826,Americas,Caribbean,815009566,815009566.0,815009566,100.0,100.0
Guam,2004,100,Oceania,23424832,Oceania,Micronesia,5256141201,,5805832013,90.53,
Guatemala,2004,100,North America,23424834,Americas,Central America,66811208992,65321896917.0,70081635471,95.33,93.21
Heard I. and McDonald Islands,2004,100,Seven seas (open ocean),28289411,Seven seas (open ocean),Seven seas (open ocean),0,,0,,
Honduras,2004,100,North America,23424841,Americas,Central America,18649790812,1506918025.0,22468663697,83.0,6.71
Iceland,2004,100,Europe,23424845,Europe,Northern Europe,9856340428,959632885.0,9917440217,99.38,9.68
India,2004,100,Asia,23424848,Asia,Southern Asia,10110890,,3090615106219,0.0,
Indonesia,2004,100,Asia,23424846,Asia,South-Eastern Asia,1119273318630,1091927919118.0,1293433857167,86.54,84.42
Iran,2004,100,Asia,23424851,Asia,Southern Asia,388429827771,1057757147.0,924050172239,42.04,0.11
Italy,2004,100,Europe,23424853,Europe,Southern Europe,561962064490,350128172015.0,1709293480971,32.88,20.48
Japan,2004,100,Asia,23424856,Asia,Eastern Asia,2645455202026,2504717950203.0,3958237954421,66.83,63.28
Jordan,2004,100,Asia,23424860,Asia,Western Asia,33353714,,42929550588,0.08,
Kenya,2004,100,Africa,23424863,Africa,Eastern Africa,42642434211,42449879.0,56766635940,75.12,0.07
Luxembourg,2004,100,Europe,23424881,Europe,Western Europe,29871271228,,30569620875,97.72,
Malawi,2004,100,Africa,23424889,Africa,Eastern Africa,154518252,154518252.0,9193339468,1.68,1.68
Mexico,2004,100,North America,23424900,Americas,Central America,762310209328,667251858362.0,1322439932411,57.64,50.46
Mongolia,2004,100,Asia,23424887,Asia,Eastern Asia,529949886,,12766749707,4.15,
Montserrat,2004,100,North America,23424888,Americas,Caribbean,15619596,15619596.0,15619596,100.0,100.0
Myanmar,2004,100,Asia,23424763,Asia,South-Eastern Asia,5570646074,61195055.0,77118976493,7.22,0.08
Netherlands,2004,100,Europe,-90,Europe,Western Europe,4039160002,19545566.0,594558488897,0.68,0.0
New Zealand,2004,100,Oceania,23424916,Oceania,Australia and New Zealand,49380647149,5378056238.0,94898492033,52.04,5.67
Nicaragua,2004,100,North America,23424915,Americas,Central America,15524105933,15373866376.0,17662529128,87.89,87.04
Niger,2004,100,Africa,23424906,Africa,Western Africa,132320807,,11409653724,1.16,
Nigeria,2004,100,Africa,23424908,Africa,Western Africa,244890004,244890004.0,484966853705,0.05,0.05
Northern Mariana Islands,2004,100,Oceania,23424788,Oceania,Micronesia,1761495973,0.0,1761495973,100.0,0.0
Norway,2004,100,Europe,-90,Europe,Northern Europe,714877,,207960447585,0.0,
Panama,2004,100,North America,23424924,Americas,Central America,2205095048,,32605243622,6.76,
Papua New Guinea,2004,100,Oceania,23424926,Oceania,Melanesia,1936861402,1716422854.0,8884930854,21.8,19.32
Peru,2004,100,South America,23424919,Americas,South America,12319895132,9015381013.0,173033169082,7.12,5.21
Philippines,2004,100,Asia,23424934,Asia,South-Eastern Asia,325911299200,309164093253.0,344468759325,94.61,89.75
Portugal,2004,100,Europe,23424925,Europe,Southern Europe,2121314801,423838334.0,205248080466,1.03,0.21
Republic of Cabo Verde,2004,100,Africa,23424794,Africa,Western Africa,819971241,819971241.0,1579350489,51.92,51.92
Republic of Korea,2004,100,Asia,23424868,Asia,Eastern Asia,473965657898,,1128820942017,41.99,
Russian Federation,2004,100,Europe,23424936,Europe,Eastern Europe,20144001744,2273697686.0,1606497500361,1.25,0.14
Rwanda,2004,100,Africa,23424937,Africa,Eastern Africa,5311802902,3561100289.0,7451704335,71.28,47.79
Saint Helena,2004,100,Seven seas (open ocean),23424944,Africa,Western Africa,4506146,,26200533,17.2,
Saint Kitts and Nevis,2004,100,North America,23424940,Americas,Caribbean,715473220,715473220.0,715473220,100.0,100.0
Saint Lucia,2004,100,North America,23424951,Americas,Caribbean,1484937225,1484937225.0,1484937225,100.0,100.0
Saint Vincent and the Grenadines,2004,100,North America,23424981,Americas,Caribbean,612242853,612242853.0,612242853,100.0,100.0
Saint-Barthélemy,2004,100,North America,56042304,Americas,Caribbean,200414583,200414583.0,200414583,100.0,100.0
Saint-Martin,2004,100,North America,56042305,Americas,Caribbean,321717734,321717734.0,321717734,100.0,100.0
Samoa,2004,100,Oceania,23424992,Oceania,Polynesia,688517580,,688517580,100.0,
Saudi Arabia,2004,100,Asia,23424938,Asia,Western Asia,31671654750,,1042884730988,3.04,
Sint Maarten,2004,100,North America,-90,Americas,Caribbean,996487929,996487929.0,996487929,100.0,100.0
Solomon Islands,2004,100,Oceania,23424766,Oceania,Melanesia,314013081,279587890.0,570952309,55.0,48.97
Somaliland,2004,100,Africa,-99,Africa,Eastern Africa,55971975,,13387388194,0.42,
South Africa,2004,100,Africa,23424942,Africa,Southern Africa,0,,443698005516,0.0,
South Georgia and the Islands,2004,100,Seven seas (open ocean),23424955,Seven seas (open ocean),Seven seas (open ocean),0,,0,,
South Sudan,2004,100,Africa,-99,Africa,Eastern Africa,1949985,,10894966658,0.02,
Spain,2004,100,Europe,23424950,Europe,Southern Europe,298586715982,16702010227.0,1136274023056,26.28,1.47
Sudan,2004,100,Africa,-90,Africa,Northern Africa,2188620237,,75607430944,2.89,
Syria,2004,100,Asia,23424956,Asia,Western Asia,215668065,,72554353423,0.3,
Taiwan,2004,100,Asia,23424971,Asia,Eastern Asia,232699265950,,463451615536,50.21,
Tanzania,2004,100,Africa,23424973,Africa,Eastern Africa,6685932232,2451857808.0,55968956093,11.95,4.38
Timor-Leste,2004,100,Asia,23424968,Asia,South-Eastern Asia,40509785,40509785.0,1347585807,3.01,3.01
Tonga,2004,100,Oceania,23424964,Oceania,Polynesia,361999326,361999326.0,361999326,100.0,100.0
Tunisia,2004,100,Africa,23424967,Africa,Northern Africa,247410392,,68103893907,0.36,
Turkey,2004,100,Asia,23424969,Asia,Western Asia,46886541867,1308957522.0,711997060658,6.59,0.18
Uganda,2004,100,Africa,23424974,Africa,Eastern Africa,3966876621,639912404.0,24290923432,16.33,2.63
United States,2004,100,North America,23424977,Americas,Northern America,393971419347,105868027465.0,12295215699916,3.2,0.86
Vanuatu,2004,100,Oceania,23424907,Oceania,Melanesia,362019978,270941793.0,386491597,93.67,70.1
Vatican,2004,100,Europe,23424986,Europe,Southern Europe,367646844,,367646844,100.0,
Vietnam,2004,100,Asia,23424984,Asia,South-Eastern Asia,2087730556,,228304738750,0.91,
Yemen,2004,100,Asia,23425002,Asia,Western Asia,55366412638,47521573685.0,69214425067,79.99,68.66
Zambia,2004,100,Africa,23425003,Africa,Eastern Africa,35035710,13546879.0,24085495812,0.15,0.06
Algeria,2005,100,Africa,23424740,Africa,Northern Africa,2260622953,,365041128992,0.62,
American Samoa,2005,100,Oceania,23424746,Oceania,Polynesia,704019698,,704019698,100.0,
Andorra,2005,100,Europe,23424744,Europe,Southern Europe,4931147569,,4932172202,99.98,
Anguilla,2005,100,North America,23424751,Americas,Caribbean,140819549,115960617.0,140819549,100.0,82.35
Antarctica,2005,100,Antarctica,28289409,Antarctica,Antarctica,0,0.0,0,,
Antigua and Barbuda,2005,100,North America,23424737,Americas,Caribbean,1518023111,1503090617.0,1520749306,99.82,98.84
Argentina,2005,100,South America,23424747,Americas,South America,2480510414,388561912.0,527400527049,0.47,0.07
Armenia,2005,100,Asia,23424743,Asia,Western Asia,16259419568,14292860928.0,16268055905,99.95,87.86
Australia,2005,100,Oceania,-90,Oceania,Australia and New Zealand,527828626,,650903744918,0.08,
Azerbaijan,2005,100,Asia,23424741,Asia,Western Asia,4749997292,187959540.0,58304746053,8.15,0.32
Belgium,2005,100,Europe,23424757,Europe,Western Europe,5002760580,,352478787919,1.42,
Bolivia,2005,100,South America,23424762,Americas,South America,53389738,,37724545984,0.14,
Cameroon,2005,100,Africa,23424785,Africa,Middle Africa,16474470893,15338141667.0,41898670114,39.32,36.61
Canada,2005,100,North America,23424775,Americas,Northern America,73812853423,130841568.0,1099889424341,6.71,0.01
Chad,2005,100,Africa,23424777,Africa,Middle Africa,14309624,,15611942554,0.09,
Chile,2005,100,South America,23424782,Americas,South America,180949220008,5113476236.0,205425097912,88.09,2.49
China,2005,100,Asia,23424781,Asia,Eastern Asia,49970455665,4320385946.0,6619264163923,0.75,0.07
Colombia,2005,100,South America,23424787,Americas,South America,54893967421,53529631823.0,351485660009,15.62,15.23
Comoros,2005,100,Africa,23424786,Africa,Eastern Africa,1013217640,989516139.0,1062011533,95.41,93.17
Costa Rica,2005,100,North America,23424791,Americas,Central America,42083503357,41750422264.0,42129336618,99.89,99.1
Dem. Rep. Korea,2005,100,Asia,23424865,Asia,Eastern Asia,5546563441,1151060384.0,44625975444,12.43,2.58
Democratic Republic of the Congo,2005,100,Africa,23424780,Africa,Middle Africa,1088532480,577698790.0,28639608897,3.8,2.02
Djibouti,2005,100,Africa,23424797,Africa,Eastern Africa,1421941512,104668043.0,1425105574,99.78,7.34
Dominica,2005,100,North America,23424798,Americas,Caribbean,503354084,503354084.0,503354084,100.0,100.0
Ecuador,2005,100,South America,23424801,Americas,South America,46340268591,45655706812.0,98183455517,47.2,46.5
El Salvador,2005,100,North America,23424807,Americas,Central America,31591269539,31474256112.0,31591269539,100.0,99.63
Equatorial Guinea,2005,100,Africa,23424804,Africa,Middle Africa,4722020095,4433758722.0,16142322922,29.25,27.47
Eritrea,2005,100,Africa,23424806,Africa,Eastern Africa,1035469133,48686368.0,6804811432,15.22,0.72
Ethiopia,2005,100,Africa,23424808,Africa,Eastern Africa,29653789995,3597383605.0,49046729629,60.46,7.33
Fiji,2005,100,Oceania,23424813,Oceania,Melanesia,82369863,,5439660527,1.51,
France,2005,100,Europe,-90,Europe,Western Europe,77713298140,39059176050.0,1887501763672,4.12,2.07
French Polynesia,2005,100,Oceania,23424817,Oceania,Polynesia,5437206683,,5844855812,93.03,
French Southern and Antarctic Lands,2005,100,Seven seas (open ocean),28289406,Seven seas (open ocean),Seven seas (open ocean),0,,0,,
Georgia,2005,100,Asia,23424823,Asia,Western Asia,16608550571,,21392112866,77.64,
Germany,2005,100,Europe,23424829,Europe,Western Europe,186364646520,,2590427178508,7.19,
Greece,2005,100,Europe,23424833,Europe,Southern Europe,210854460232,58362645.0,278218177042,75.79,0.02
Grenada,2005,100,North America,23424826,Americas,Caribbean,940508810,940508810.0,940508810,100.0,100.0
Guam,2005,100,Oceania,23424832,Oceania,Micronesia,5533552413,,6027132085,91.81,
Guatemala,2005,100,North America,23424834,Americas,Central America,69466865924,68121542828.0,72539738956,95.76,93.91
Heard I. and McDonald Islands,2005,100,Seven seas (open ocean),28289411,Seven seas (open ocean),Seven seas (open ocean),0,,0,,
Honduras,2005,100,North America,23424841,Americas,Central America,19973807471,1449423601.0,23787077802,83.97,6.09
Iceland,2005,100,Europe,23424845,Europe,Northern Europe,10351565269,1175011856.0,10442546924,99.13,11.25
India,2005,100,Asia,23424848,Asia,Southern Asia,8662389,,3341137502959,0.0,
Indonesia,2005,100,Asia,23424846,Asia,South-Eastern Asia,1172412397960,1142825324795.0,1356130461276,86.45,84.27
Iran,2005,100,Asia,23424851,Asia,Southern Asia,447086466991,667394435.0,953193079204,46.9,0.07
Italy,2005,100,Europe,23424853,Europe,Southern Europe,573632405765,305775614116.0,1731374465614,33.13,17.66
Japan,2005,100,Asia,23424856,Asia,Eastern Asia,2756031203684,2644982430983.0,4033028351570,68.34,65.58
Jordan,2005,100,Asia,23424860,Asia,Western Asia,27203463,,46385077824,0.06,
Kenya,2005,100,Africa,23424863,Africa,Eastern Africa,45255244008,47627987.0,60217725157,75.15,0.08
Luxembourg,2005,100,Europe,23424881,Europe,Western Europe,30789883149,,31356221880,98.19,
Malawi,2005,100,Africa,23424889,Africa,Eastern Africa,139908930,139908930.0,9497080541,1.47,1.47
Mexico,2005,100,North America,23424900,Americas,Central America,790269547183,702986175163.0,1358851380520,58.16,51.73
Mongolia,2005,100,Asia,23424887,Asia,Eastern Asia,522316573,,13692018107,3.81,
Montserrat,2005,100,North America,23424888,Americas,Caribbean,16110187,16110187.0,16110187,100.0,100.0
Myanmar,2005,100,Asia,23424763,Asia,South-Eastern Asia,6649814585,76347418.0,87242039663,7.62,0.09
Netherlands,2005,100,Europe,-90,Europe,Western Europe,3655976497,25982245.0,609879634989,0.6,0.0
New Zealand,2005,100,Oceania,23424916,Oceania,Australia and New Zealand,53969605274,4739485666.0,99281513121,54.36,4.77
Nicaragua,2005,100,North America,23424915,Americas,Central America,16328430248,16180363880.0,18420377941,88.64,87.84
Niger,2005,100,Africa,23424906,Africa,Western Africa,142645691,,12229575599,1.17,
Nigeria,2005,100,Africa,23424908,Africa,Western Africa,240786211,240786211.0,516107580496,0.05,0.05
Northern Mariana Islands,2005,100,Oceania,23424788,Oceania,Micronesia,1551796604,67177.0,1551796604,100.0,0.0
Norway,2005,100,Europe,-90,Europe,Northern Europe,727147,,212077460700,0.0,
Panama,2005,100,North America,23424924,Americas,Central America,1978069856,,34918822034,5.66,
Papua New Guinea,2005,100,Oceania,23424926,Oceania,Melanesia,2078220756,1842881154.0,9448584792,22.0,19.5
Peru,2005,100,South America,23424919,Americas,South America,11956341858,8705457432.0,184091308066,6.49,4.73
Philippines,2005,100,Asia,23424934,Asia,South-Eastern Asia,351017032282,338418313086.0,366914505733,95.67,92.23
Portugal,2005,100,Europe,23424925,Europe,Southern Europe,1750402179,299031679.0,209629695890,0.83,0.14
Republic of Cabo Verde,2005,100,Africa,23424794,Africa,Western Africa,842252545,842252545.0,1699320867,49.56,49.56
Republic of Korea,2005,100,Asia,23424868,Asia,Eastern Asia,526567543857,,1180743433103,44.6,
Russian Federation,2005,100,Europe,23424936,Europe,Eastern Europe,12803245230,1338729984.0,1711211488360,0.75,0.08
Rwanda,2005,100,Africa,23424937,Africa,Eastern Africa,5793599510,3834102483.0,8145018010,71.13,47.07
Saint Helena,2005,100,Seven seas (open ocean),23424944,Africa,Western Africa,4535995,,25804021,17.58,
Saint Kitts and Nevis,2005,100,North America,23424940,Americas,Caribbean,791915663,791915663.0,791915663,100.0,100.0
Saint Lucia,2005,100,North America,23424951,Americas,Caribbean,1406049686,1406049686.0,1406049686,100.0,100.0
Saint Vincent and the Grenadines,2005,100,North America,23424981,Americas,Caribbean,641878376,641878376.0,641878376,100.0,100.0
Saint-Barthélemy,2005,100,North America,56042304,Americas,Caribbean,182012282,182012282.0,182012282,100.0,100.0
Saint-Martin,2005,100,North America,56042305,Americas,Caribbean,339112836,339112836.0,339112836,100.0,100.0
Samoa,2005,100,Oceania,23424992,Oceania,Polynesia,716614242,,716614242,100.0,
Saudi Arabia,2005,100,Asia,23424938,Asia,Western Asia,23308681389,,1099446109471,2.12,
Sint Maarten,2005,100,North America,-90,Americas,Caribbean,1122030011,1122030011.0,1122030011,100.0,100.0
Solomon Islands,2005,100,Oceania,23424766,Oceania,Melanesia,295277701,256544686.0,584735810,50.5,43.87
Somaliland,2005,100,Africa,-99,Africa,Eastern Africa,56662800,,13829628450,0.41,
South Africa,2005,100,Africa,23424942,Africa,Southern Africa,0,,467886030371,0.0,
South Georgia and the Islands,2005,100,Seven seas (open ocean),23424955,Seven seas (open ocean),Seven seas (open ocean),0,,0,,
South Sudan,2005,100,Africa,-99,Africa,Eastern Africa,1947407,,10448057195,0.02,
Spain,2005,100,Europe,23424950,Europe,Southern Europe,294817940997,14749156463.0,1189870368434,24.78,1.24
Sudan,2005,100,Africa,-90,Africa,Northern Africa,2099787836,,82583118154,2.54,
Syria,2005,100,Asia,23424956,Asia,Western Asia,146440299,,82132532418,0.18,
Taiwan,2005,100,Asia,23424971,Asia,Eastern Asia,255804037106,,478943268700,53.41,
Tanzania,2005,100,Africa,23424973,Africa,Eastern Africa,6895440640,2654433729.0,59973707410,11.5,4.43
Timor-Leste,2005,100,Asia,23424968,Asia,South-Eastern Asia,55617853,55617853.0,1371753296,4.05,4.05
Tonga,2005,100,Oceania,23424964,Oceania,Polynesia,356068336,356068336.0,356068336,100.0,100.0
Tunisia,2005,100,Africa,23424967,Africa,Northern Africa,226096605,,71934941941,0.31,
Turkey,2005,100,Asia,23424969,Asia,Western Asia,36904652362,1023597090.0,773890485264,4.77,0.13
Uganda,2005,100,Africa,23424974,Africa,Eastern Africa,4404145075,699967311.0,25815325626,17.06,2.71
United States,2005,100,North America,23424977,Americas,Northern America,398365927286,109961582557.0,12731446668406,3.13,0.86
Vanuatu,2005,100,Oceania,23424907,Oceania,Melanesia,373136793,298174132.0,400913275,93.07,74.37
Vatican,2005,100,Europe,23424986,Europe,Southern Europe,528565823,,528565823,100.0,
Vietnam,2005,100,Asia,23424984,Asia,South-Eastern Asia,2035131121,,246013652543,0.83,
Yemen,2005,100,Asia,23425002,Asia,Western Asia,62646939912,57183917066.0,74450286740,84.15,76.81
Zambia,2005,100,Africa,23425003,Africa,Eastern Africa,30816781,12386884.0,25843956869,0.12,0.05
Algeria,2006,100,Africa,23424740,Africa,Northern Africa,2305099269,,368838386758,0.62,
American Samoa,2006,100,Oceania,23424746,Oceania,Polynesia,678838978,,678838978,100.0,
Andorra,2006,100,Europe,23424744,Europe,Southern Europe,5148393886,,5150079390,99.97,
Anguilla,2006,100,North America,23424751,Americas,Caribbean,144550645,123483186.0,144550645,100.0,85.43
Antarctica,2006,100,Antarctica,28289409,Antarctica,Antarctica,0,0.0,0,,
Antigua and Barbuda,2006,100,North America,23424737,Americas,Caribbean,1706475821,1694226573.0,1708586711,99.88,99.16
Argentina,2006,100,South America,23424747,Americas,South America,2473916460,679118437.0,569497001228,0.43,0.12
Armenia,2006,100,Asia,23424743,Asia,Western Asia,18428465320,17001686577.0,18435258722,99.96,92.22
Australia,2006,100,Oceania,-90,Oceania,Australia and New Zealand,446468076,,669919587242,0.07,
Azerbaijan,2006,100,Asia,23424741,Asia,Western Asia,7917406301,244359541.0,78369305582,10.1,0.31
Belgium,2006,100,Europe,23424757,Europe,Western Europe,4251382941,,361776484926,1.18,
Bolivia,2006,100,South America,23424762,Americas,South America,44791642,,39522947014,0.11,
Cameroon,2006,100,Africa,23424785,Africa,Middle Africa,16605786524,15535038611.0,43343775373,38.31,35.84
Canada,2006,100,North America,23424775,Americas,Northern America,58859385189,108370286.0,1140858165271,5.16,0.01
Chad,2006,100,Africa,23424777,Africa,Middle Africa,16010923,,15713942226,0.1,
Chile,2006,100,South America,23424782,Americas,South America,183877943203,7513205555.0,218317027405,84.23,3.44
China,2006,100,Asia,23424781,Asia,Eastern Asia,55192710177,4607294913.0,7463041931256,0.74,0.06
Colombia,2006,100,South America,23424787,Americas,South America,58899877800,57641446485.0,375086278138,15.7,15.37
Comoros,2006,100,Africa,23424786,Africa,Eastern Africa,1042122703,1017538507.0,1093051318,95.34,93.09
Costa Rica,2006,100,North America,23424791,Americas,Central America,45179977646,44932623507.0,45216424047,99.92,99.37
Dem. Rep. Korea,2006,100,Asia,23424865,Asia,Eastern Asia,5675479670,1168619873.0,44395944512,12.78,2.63
Democratic Republic of the Congo,2006,100,Africa,23424780,Africa,Middle Africa,1102541489,583869348.0,30145308623,3.66,1.94
Djibouti,2006,100,Africa,23424797,Africa,Eastern Africa,1257948123,82660019.0,1260624228,99.79,6.56
Dominica,2006,100,North America,23424798,Americas,Caribbean,527376884,527376884.0,527376884,100.0,100.0
Ecuador,2006,100,South America,23424801,Americas,South America,47186380893,46610616096.0,100629716133,46.89,46.32
El Salvador,2006,100,North America,23424807,Americas,Central America,32973438669,32878811184.0,32973438669,100.0,99.71
Equatorial Guinea,2006,100,Africa,23424804,Africa,Middle Africa,5429607488,5091325304.0,18680780298,29.07,27.25
Eritrea,2006,100,Africa,23424806,Africa,Eastern Africa,989280775,50727157.0,6731914299,14.7,0.75
Ethiopia,2006,100,Africa,23424808,Africa,Eastern Africa,33458905671,4037274898.0,54331963849,61.58,7.43
Fiji,2006,100,Oceania,23424813,Oceania,Melanesia,87232612,,5591131089,1.56,
France,2006,100,Europe,-90,Europe,Western Europe,74588219072,38806671373.0,1923728601357,3.88,2.02
French Polynesia,2006,100,Oceania,23424817,Oceania,Polynesia,5623934907,,5969865824,94.21,
French Southern and Antarctic Lands,2006,100,Seven seas (open ocean),28289406,Seven seas (open ocean),Seven seas (open ocean),0,,0,,
Georgia,2006,100,Asia,23424823,Asia,Western Asia,19675182966,,23398683970,84.09,
Germany,2006,100,Europe,23424829,Europe,Western Europe,187743304552,,2691441784722,6.98,
Greece,2006,100,Europe,23424833,Europe,Southern Europe,209947391726,106294272.0,290266411165,72.33,0.04
Grenada,2006,100,North America,23424826,Americas,Caribbean,923470292,923470292.0,923470292,100.0,100.0
Guam,2006,100,Oceania,23424832,Oceania,Micronesia,5488286635,,5831604872,94.11,
Guatemala,2006,100,North America,23424834,Americas,Central America,74113067585,72995738616.0,76624436697,96.72,95.26
Heard I. and McDonald Islands,2006,100,Seven seas (open ocean),28289411,Seven seas (open ocean),Seven seas (open ocean),0,,0,,
Honduras,2006,100,North America,23424841,Americas,Central America,21837217761,1368754054.0,25264934093,86.43,5.42
Iceland,2006,100,Europe,23424845,Europe,Northern Europe,10870844074,866552646.0,10920997083,99.54,7.93
India,2006,100,Asia,23424848,Asia,Southern Asia,8336314,,3596550448355,0.0,
Indonesia,2006,100,Asia,23424846,Asia,South-Eastern Asia,1286036914176,1265858171103.0,1428570618224,90.02,88.61
Iran,2006,100,Asia,23424851,Asia,Southern Asia,451586092819,638275468.0,1000054352427,45.16,0.06
Italy,2006,100,Europe,23424853,Europe,Southern Europe,626112924041,377447971642.0,1765176298078,35.47,21.38
Japan,2006,100,Asia,23424856,Asia,Eastern Asia,2747986689431,2631009598095.0,4092074735183,67.15,64.3
Jordan,2006,100,Asia,23424860,Asia,Western Asia,21766015,,50165359050,0.04,
Kenya,2006,100,Africa,23424863,Africa,Eastern Africa,49432898178,42600220.0,64169867563,77.03,0.07
Luxembourg,2006,100,Europe,23424881,Europe,Western Europe,32348917750,,32929300263,98.24,
Malawi,2006,100,Africa,23424889,Africa,Eastern Africa,147039748,147039748.0,9929731448,1.48,1.48
Mexico,2006,100,North America,23424900,Americas,Central America,799442446102,694028918081.0,1416056093505,56.46,49.01
Mongolia,2006,100,Asia,23424887,Asia,Eastern Asia,425772278,,14867127136,2.86,
Montserrat,2006,100,North America,23424888,Americas,Caribbean,18815301,18815301.0,18815301,100.0,100.0
Myanmar,2006,100,Asia,23424763,Asia,South-Eastern Asia,7439952387,90461052.0,98617043549,7.54,0.09
Netherlands,2006,100,Europe,-90,Europe,Western Europe,4328794611,28846212.0,632678193191,0.68,0.0
New Zealand,2006,100,Oceania,23424916,Oceania,Australia and New Zealand,56628675512,4498676588.0,101651035443,55.71,4.43
Nicaragua,2006,100,North America,23424915,Americas,Central America,17297407985,17168435208.0,19192608174,90.13,89.45
Niger,2006,100,Africa,23424906,Africa,Western Africa,145512241,,12936671323,1.12,
Nigeria,2006,100,Africa,23424908,Africa,Western Africa,228826923,228826923.0,545473189549,0.04,0.04
Northern Mariana Islands,2006,100,Oceania,23424788,Oceania,Micronesia,1460719102,0.0,1460719102,100.0,0.0
Norway,2006,100,Europe,-90,Europe,Northern Europe,725996,,217692396218,0.0,
Panama,2006,100,North America,23424924,Americas,Central America,1602043985,,37939918331,4.22,
Papua New Guinea,2006,100,Oceania,23424926,Oceania,Melanesia,2135122162,1892446189.0,9963140729,21.43,18.99
Peru,2006,100,South America,23424919,Americas,South America,14430455982,10928273329.0,197845078973,7.29,5.52
Philippines,2006,100,Asia,23424934,Asia,South-Eastern Asia,371527526067,358494607123.0,387772330782,95.81,92.45
Portugal,2006,100,Europe,23424925,Europe,Southern Europe,2371142866,254577462.0,210344894806,1.13,0.12
Republic of Cabo Verde,2006,100,Africa,23424794,Africa,Western Africa,1041598392,1041598392.0,1791700542,58.13,58.13
Republic of Korea,2006,100,Asia,23424868,Asia,Eastern Asia,501037030764,,1239229225233,40.43,
Russian Federation,2006,100,Europe,23424936,Europe,Eastern Europe,11866290510,1185611913.0,1852451032198,0.64,0.06
Rwanda,2006,100,Africa,23424937,Africa,Eastern Africa,6472105029,3921460425.0,8902219610,72.7,44.05
Saint Helena,2006,100,Seven seas (open ocean),23424944,Africa,Western Africa,4922547,,25566135,19.25,
Saint Kitts and Nevis,2006,100,North America,23424940,Americas,Caribbean,848989065,848989065.0,848989065,100.0,100.0
Saint Lucia,2006,100,North America,23424951,Americas,Caribbean,1417877548,1417877548.0,1417877548,100.0,100.0
Saint Vincent and the Grenadines,2006,100,North America,23424981,Americas,Caribbean,685351993,685351993.0,685351993,100.0,100.0
Saint-Barthélemy,2006,100,North America,56042304,Americas,Caribbean,191439470,191439470.0,191439470,100.0,100.0
Saint-Martin,2006,100,North America,56042305,Americas,Caribbean,307243194,307243194.0,307243194,100.0,100.0
Samoa,2006,100,Oceania,23424992,Oceania,Polynesia,726637753,,726637753,100.0,
Saudi Arabia,2006,100,Asia,23424938,Asia,Western Asia,24241287836,,1131221602403,2.14,
Sint Maarten,2006,100,North America,-90,Americas,Caribbean,1076126650,1076126650.0,1076126650,100.0,100.0
Solomon Islands,2006,100,Oceania,23424766,Oceania,Melanesia,323601219,283522374.0,620521134,52.15,45.69
Somaliland,2006,100,Africa,-99,Africa,Eastern Africa,57766906,,14255323378,0.41,
South Africa,2006,100,Africa,23424942,Africa,Southern Africa,0,,494001007936,0.0,
South Georgia and the Islands,2006,100,Seven seas (open ocean),23424955,Seven seas (open ocean),Seven seas (open ocean),0,,0,,
South Sudan,2006,100,Africa,-99,Africa,Eastern Africa,2477027,,10469755507,0.02,
Spain,2006,100,Europe,23424950,Europe,Southern Europe,292103837425,16605263493.0,1233190396050,23.69,1.35
Sudan,2006,100,Africa,-90,Africa,Northern Africa,2040240347,,91935715408,2.22,
Syria,2006,100,Asia,23424956,Asia,Western Asia,129508526,,83896297725,0.15,
Taiwan,2006,100,Asia,23424971,Asia,Eastern Asia,233769199937,,489985433743,47.71,
Tanzania,2006,100,Africa,23424973,Africa,Eastern Africa,6042552346,2232188192.0,64094874507,9.43,3.48
Timor-Leste,2006,100,Asia,23424968,Asia,South-Eastern Asia,49332751,49332751.0,1293480912,3.81,3.81
Tonga,2006,100,Oceania,23424964,Oceania,Polynesia,370438127,370438127.0,370438127,100.0,100.0
Tunisia,2006,100,Africa,23424967,Africa,Northern Africa,259220997,,76654627789,0.34,
Turkey,2006,100,Asia,23424969,Asia,Western Asia,38841709942,952560326.0,835047879191,4.65,0.11
Uganda,2006,100,Africa,23424974,Africa,Eastern Africa,5171868097,815188655.0,28582244022,18.09,2.85
United States,2006,100,North America,23424977,Americas,Northern America,383182746582,97494879643.0,13124752152990,2.92,0.74
Vanuatu,2006,100,Oceania,23424907,Oceania,Melanesia,411604654,313486405.0,440045307,93.54,71.24
Vatican,2006,100,Europe,23424986,Europe,Southern Europe,450835187,,450835187,100.0,
Vietnam,2006,100,Asia,23424984,Asia,South-Eastern Asia,1894115404,,263528074312,0.72,
Yemen,2006,100,Asia,23425002,Asia,Western Asia,61021457892,56600433971.0,76460537913,79.81,74.03
Zambia,2006,100,Africa,23425003,Africa,Eastern Africa,28666823,10165273.0,27895998950,0.1,0.04
Algeria,2007,100,Africa,23424740,Africa,Northern Africa,2475356694,,382053369039,0.65,
American Samoa,2007,100,Oceania,23424746,Oceania,Polynesia,694515512,,694515512,100.0,
Andorra,2007,100,Europe,23424744,Europe,Southern Europe,5159107959,,5159900712,99.98,
Anguilla,2007,100,North America,23424751,Americas,Caribbean,141628988,113146315.0,141628988,100.0,79.89
Antarctica,2007,100,Antarctica,28289409,Antarctica,Antarctica,0,0.0,0,,
Antigua and Barbuda,2007,100,North America,23424737,Americas,Caribbean,1930897178,1917974252.0,1933392966,99.87,99.2
Argentina,2007,100,South America,23424747,Americas,South America,2722593234,659060136.0,620901264045,0.44,0.11
Armenia,2007,100,Asia,23424743,Asia,Western Asia,20946293780,19404856305.0,20952780777,99.97,92.61
Australia,2007,100,Oceania,-90,Oceania,Australia and New Zealand,576707303,,705579445485,0.08,
Azerbaijan,2007,100,Asia,23424741,Asia,Western Asia,6239996038,229581434.0,98306107784,6.35,0.23
Belgium,2007,100,Europe,23424757,Europe,Western Europe,3843920414,,375104000893,1.02,
Bolivia,2007,100,South America,23424762,Americas,South America,50893693,,41341087851,0.12,
Cameroon,2007,100,Africa,23424785,Africa,Middle Africa,19149859292,18050847555.0,45413283177,42.17,39.75
Canada,2007,100,North America,23424775,Americas,Northern America,80172871508,204054979.0,1228879450734,6.52,0.02
Chad,2007,100,Africa,23424777,Africa,Middle Africa,17047442,,16237144683,0.1,
Chile,2007,100,South America,23424782,Americas,South America,195784896513,6328760928.0,229170655228,85.43,2.76
China,2007,100,Asia,23424781,Asia,Eastern Asia,59829689493,4873273167.0,8531367205089,0.7,0.06
Colombia,2007,100,South America,23424787,Americas,South America,63019922835,61641034833.0,400658174972,15.73,15.38
Comoros,2007,100,Africa,23424786,Africa,Eastern Africa,1045036253,1019717499.0,1096249796,95.33,93.02
Costa Rica,2007,100,North America,23424791,Americas,Central America,48903341354,48618173574.0,48945112364,99.91,99.33
Dem. Rep. Korea,2007,100,Asia,23424865,Asia,Eastern Asia,5805400650,1205388865.0,43942225151,13.21,2.74
Democratic Republic of the Congo,2007,100,Africa,23424780,Africa,Middle Africa,1325813637,715212312.0,32084802081,4.13,2.23
Djibouti,2007,100,Africa,23424797,Africa,Eastern Africa,1359422375,65626756.0,1361577904,99.84,4.82
Dominica,2007,100,North America,23424798,Americas,Caribbean,563268110,563268110.0,563268110,100.0,100.0
Ecuador,2007,100,South America,23424801,Americas,South America,52827343872,52292277054.0,105454968651,50.09,49.59
El Salvador,2007,100,North America,23424807,Americas,Central America,33582150924,33480964583.0,33582150924,100.0,99.7
Equatorial Guinea,2007,100,Africa,23424804,Africa,Middle Africa,6329964272,5959383025.0,20723861839,30.54,28.76
Eritrea,2007,100,Africa,23424806,Africa,Eastern Africa,1002158381,47603928.0,6835288305,14.66,0.7
Ethiopia,2007,100,Africa,23424808,Africa,Eastern Africa,36509444576,4669362782.0,60561466940,60.28,7.71
Fiji,2007,100,Oceania,23424813,Oceania,Melanesia,70366184,,5282166961,1.33,
France,2007,100,Europe,-90,Europe,Western Europe,77844308169,39214782155.0,1972135423673,3.95,1.99
French Polynesia,2007,100,Oceania,23424817,Oceania,Polynesia,5793591697,,6105456024,94.89,
French Southern and Antarctic Lands,2007,100,Seven seas (open ocean),28289406,Seven seas (open ocean),Seven seas (open ocean),0,,0,,
Georgia,2007,100,Asia,23424823,Asia,Western Asia,21862930318,,26463191840,82.62,
Germany,2007,100,Europe,23424829,Europe,Western Europe,242067645221,,2768748090059,8.74,
Greece,2007,100,Europe,23424833,Europe,Southern Europe,212057055997,160344082.0,297529998068,71.27,0.05
Grenada,2007,100,North America,23424826,Americas,Caribbean,997204521,997204521.0,997204521,100.0,100.0
Guam,2007,100,Oceania,23424832,Oceania,Micronesia,5438913856,,5872366231,92.62,
Guatemala,2007,100,North America,23424834,Americas,Central America,78830521351,77597380327.0,81695186052,96.49,94.98
Heard I. and McDonald Islands,2007,100,Seven seas (open ocean),28289411,Seven seas (open ocean),Seven seas (open ocean),0,,0,,
Honduras,2007,100,North America,23424841,Americas,Central America,23013137803,1529617132.0,26898106454,85.56,5.69
Iceland,2007,100,Europe,23424845,Europe,Northern Europe,11518128066,1185958944.0,11599871987,99.3,10.22
India,2007,100,Asia,23424848,Asia,Southern Asia,9351234,,3871818294292,0.0,
Indonesia,2007,100,Asia,23424846,Asia,South-Eastern Asia,1369034446071,1346268695660.0,1520794376216,90.02,88.52
Iran,2007,100,Asia,23424851,Asia,Southern Asia,487903578734,555827196.0,1082585834273,45.07,0.05
Italy,2007,100,Europe,23424853,Europe,Southern Europe,594704201046,357619358153.0,1791121152227,33.2,19.97
Japan,2007,100,Asia,23424856,Asia,Eastern Asia,2768574151017,2647762939143.0,4154746451917,66.64,63.73
Jordan,2007,100,Asia,23424860,Asia,Western Asia,24919411,,54267503327,0.05,
Kenya,2007,100,Africa,23424863,Africa,Eastern Africa,51543427517,48645258.0,68490099511,75.26,0.07
Luxembourg,2007,100,Europe,23424881,Europe,Western Europe,35342477530,,35784421793,98.76,
Malawi,2007,100,Africa,23424889,Africa,Eastern Africa,173589939,173589939.0,10874565250,1.6,1.6
Mexico,2007,100,North America,23424900,Americas,Central America,804594791553,694024630761.0,1447613852846,55.58,47.94
Mongolia,2007,100,Asia,23424887,Asia,Eastern Asia,353818185,,16393835852,2.16,
Montserrat,2007,100,North America,23424888,Americas,Caribbean,18866903,18866903.0,18866903,100.0,100.0
Myanmar,2007,100,Asia,23424763,Asia,South-Eastern Asia,7777700764,93889942.0,110674999107,7.03,0.08
Netherlands,2007,100,Europe,-90,Europe,Western Europe,4602854613,26916144.0,657001065109,0.7,0.0
New Zealand,2007,100,Oceania,23424916,Oceania,Australia and New Zealand,57984952381,4232087257.0,105400768244,55.01,4.02
Nicaragua,2007,100,North America,23424915,Americas,Central America,18088358654,17947507912.0,20167156249,89.69,88.99
Niger,2007,100,Africa,23424906,Africa,Western Africa,161342897,,13344768256,1.21,
Nigeria,2007,100,Africa,23424908,Africa,Western Africa,241951665,241951665.0,582031303914,0.04,0.04
Northern Mariana Islands,2007,100,Oceania,23424788,Oceania,Micronesia,1367765876,0.0,1367765876,100.0,0.0
Norway,2007,100,Europe,-90,Europe,Northern Europe,657451,,224588112285,0.0,
Panama,2007,100,North America,23424924,Americas,Central America,2479180152,,42458481329,5.84,
Papua New Guinea,2007,100,Oceania,23424926,Oceania,Melanesia,2328978306,2068924851.0,10737199008,21.69,19.27
Peru,2007,100,South America,23424919,Americas,South America,18738808116,14525270090.0,214713020703,8.73,6.76
Philippines,2007,100,Asia,23424934,Asia,South-Eastern Asia,394441974344,381025644887.0,411693678762,95.81,92.55
Portugal,2007,100,Europe,23424925,Europe,Southern Europe,2427171833,374901000.0,216379753938,1.12,0.17
Republic of Cabo Verde,2007,100,Africa,23424794,Africa,Western Africa,1224044730,1224044730.0,2048614332,59.75,59.75
Republic of Korea,2007,100,Asia,23424868,Asia,Eastern Asia,527067703641,,1307416844814,40.31,
Russian Federation,2007,100,Europe,23424936,Europe,Eastern Europe,15588863569,2074548298.0,2013214083798,0.77,0.1
Rwanda,2007,100,Africa,23424937,Africa,Eastern Africa,6893782281,4281603264.0,9572051557,72.02,44.73
Saint Helena,2007,100,Seven seas (open ocean),23424944,Africa,Western Africa,4902214,,25042968,19.58,
Saint Kitts and Nevis,2007,100,North America,23424940,Americas,Caribbean,839832725,839832725.0,839832725,100.0,100.0
Saint Lucia,2007,100,North America,23424951,Americas,Caribbean,1528733801,1528733801.0,1528733801,100.0,100.0
Saint Vincent and the Grenadines,2007,100,North America,23424981,Americas,Caribbean,721210398,721210398.0,721210398,100.0,100.0
Saint-Barthélemy,2007,100,North America,56042304,Americas,Caribbean,200977348,200977348.0,200977348,100.0,100.0
Saint-Martin,2007,100,North America,56042305,Americas,Caribbean,338346067,338346067.0,338346067,100.0,100.0
Samoa,2007,100,Oceania,23424992,Oceania,Polynesia,769445269,,769445269,100.0,
Saudi Arabia,2007,100,Asia,23424938,Asia,Western Asia,28125637380,,1150798224952,2.44,
Sint Maarten,2007,100,North America,-90,Americas,Caribbean,1171031540,1171031540.0,1171031540,100.0,100.0
Solomon Islands,2007,100,Oceania,23424766,Oceania,Melanesia,342621310,301139440.0,650804439,52.65,46.27
Somaliland,2007,100,Africa,-99,Africa,Eastern Africa,61973576,,14548115046,0.43,
South Africa,2007,100,Africa,23424942,Africa,Southern Africa,0,,520193352637,0.0,
South Georgia and the Islands,2007,100,Seven seas (open ocean),23424955,Seven seas (open ocean),Seven seas (open ocean),0,,0,,
South Sudan,2007,100,Africa,-99,Africa,Eastern Africa,2946527,,11501314823,0.03,
Spain,2007,100,Europe,23424950,Europe,Southern Europe,290822025351,18613284988.0,1271101321978,22.88,1.46
Sudan,2007,100,Africa,-90,Africa,Northern Africa,2249363183,,102605029768,2.19,
Syria,2007,100,Asia,23424956,Asia,Western Asia,108290207,,89778895181,0.12,
Taiwan,2007,100,Asia,23424971,Asia,Eastern Asia,232563049200,,500646820573,46.45,
Tanzania,2007,100,Africa,23424973,Africa,Eastern Africa,6096594800,2184106199.0,68392694091,8.91,3.19
Timor-Leste,2007,100,Asia,23424968,Asia,South-Eastern Asia,49823248,49823248.0,1437588087,3.47,3.47
Tonga,2007,100,Oceania,23424964,Oceania,Polynesia,372593789,372593789.0,372593789,100.0,100.0
Tunisia,2007,100,Africa,23424967,Africa,Northern Africa,238797381,,80223932761,0.3,
Turkey,2007,100,Asia,23424969,Asia,Western Asia,38627668308,951869539.0,875023543634,4.41,0.11
Uganda,2007,100,Africa,23424974,Africa,Eastern Africa,5250740194,820138700.0,30996990584,16.94,2.65
United States,2007,100,North America,23424977,Americas,Northern America,417771346965,100779103887.0,13378744872579,3.12,0.75
Vanuatu,2007,100,Oceania,23424907,Oceania,Melanesia,422256500,323020688.0,451619951,93.5,71.52
Vatican,2007,100,Europe,23424986,Europe,Southern Europe,441122726,,441122726,100.0,
Vietnam,2007,100,Asia,23424984,Asia,South-Eastern Asia,1955499446,,282130530588,0.69,
Yemen,2007,100,Asia,23425002,Asia,Western Asia,64843522717,59557828609.0,78990390991,82.09,75.4
Zambia,2007,100,Africa,23425003,Africa,Eastern Africa,32690728,11695768.0,30221880379,0.11,0.04
Algeria,2008,100,Africa,23424740,Africa,Northern Africa,2301336855,,389641533357,0.59,
American Samoa,2008,100,Oceania,23424746,Oceania,Polynesia,672292214,,672292214,100.0,
Andorra,2008,100,Europe,23424744,Europe,Southern Europe,4742780475,,4744009614,99.97,
Anguilla,2008,100,North America,23424751,Americas,Caribbean,145246454,119797487.0,145246454,100.0,82.48
Antarctica,2008,100,Antarctica,28289409,Antarctica,Antarctica,0,0.0,0,,
Antigua and Barbuda,2008,100,North America,23424737,Americas,Caribbean,1935339748,1922888493.0,1937761569,99.88,99.23
Argentina,2008,100,South America,23424747,Americas,South America,2353935436,539664597.0,646293027594,0.36,0.08
Armenia,2008,100,Asia,23424743,Asia,Western Asia,22395156647,21064245732.0,22402814059,99.97,94.02
Australia,2008,100,Oceania,-90,Oceania,Australia and New Zealand,382117109,,732472564551,0.05,
Azerbaijan,2008,100,Asia,23424741,Asia,Western Asia,7233608176,278379432.0,107603000412,6.72,0.26
Belgium,2008,100,Europe,23424757,Europe,Western Europe,5350292232,,377177272111,1.42,
Bolivia,2008,100,South America,23424762,Americas,South America,57054491,,43892235699,0.13,
Cameroon,2008,100,Africa,23424785,Africa,Middle Africa,18619340138,17642497606.0,47125859774,39.51,37.44
Canada,2008,100,North America,23424775,Americas,Northern America,90164583742,158154120.0,1241986802409,7.26,0.01
Chad,2008,100,Africa,23424777,Africa,Middle Africa,18595512,,16720946457,0.11,
Chile,2008,100,South America,23424782,Americas,South America,204492241699,5906721036.0,237402615822,86.14,2.49
China,2008,100,Asia,23424781,Asia,Eastern Asia,69199722589,5485007180.0,9352073057381,0.74,0.06
Colombia,2008,100,South America,23424787,Americas,South America,63531052575,62231328277.0,413898616229,15.35,15.04
Comoros,2008,100,Africa,23424786,Africa,Eastern Africa,1086952485,1060029839.0,1141287951,95.24,92.88
Costa Rica,2008,100,North America,23424791,Americas,Central America,51212257328,50879638601.0,51261927777,99.9,99.25
Dem. Rep. Korea,2008,100,Asia,23424865,Asia,Eastern Asia,6040050642,1284703258.0,44867438366,13.46,2.86
Democratic Republic of the Congo,2008,100,Africa,23424780,Africa,Middle Africa,1539423214,798719872.0,34123378021,4.51,2.34
Djibouti,2008,100,Africa,23424797,Africa,Eastern Africa,1234042217,52883614.0,1235589510,99.87,4.28
Dominica,2008,100,North America,23424798,Americas,Caribbean,605470381,605470381.0,605470381,100.0,100.0
Ecuador,2008,100,South America,23424801,Americas,South America,50235123860,49700763022.0,108488209982,46.3,45.81
El Salvador,2008,100,North America,23424807,Americas,Central America,34448492727,34331619288.0,34448492727,100.0,99.66
Equatorial Guinea,2008,100,Africa,23424804,Africa,Middle Africa,9003422396,8592830132.0,25463235254,35.36,33.75
Eritrea,2008,100,Africa,23424806,Africa,Eastern Africa,969163673,43079283.0,6172130066,15.7,0.7
Ethiopia,2008,100,Africa,23424808,Africa,Eastern Africa,37776966378,5678094134.0,67068868285,56.33,8.47
Fiji,2008,100,Oceania,23424813,Oceania,Melanesia,89324227,,5555990434,1.61,
France,2008,100,Europe,-90,Europe,Western Europe,75723806164,39260891890.0,1977025155027,3.83,1.99
French Polynesia,2008,100,Oceania,23424817,Oceania,Polynesia,5980813359,,6267722158,95.42,
French Southern and Antarctic Lands,2008,100,Seven seas (open ocean),28289406,Seven seas (open ocean),Seven seas (open ocean),0,,0,,
Georgia,2008,100,Asia,23424823,Asia,Western Asia,19623628353,,27014604776,72.64,
Germany,2008,100,Europe,23424829,Europe,Western Europe,242103683156,,2793540392744,8.67,
Greece,2008,100,Europe,23424833,Europe,Southern Europe,214392794073,73590018.0,294581310942,72.78,0.02
Grenada,2008,100,North America,23424826,Americas,Caribbean,987594926,987594926.0,987594926,100.0,100.0
Guam,2008,100,Oceania,23424832,Oceania,Micronesia,5484841055,,5970730986,91.86,
Guatemala,2008,100,North America,23424834,Americas,Central America,81501751358,80144616175.0,84613329471,96.32,94.72
Heard I. and McDonald Islands,2008,100,Seven seas (open ocean),28289411,Seven seas (open ocean),Seven seas (open ocean),0,,0,,
Honduras,2008,100,North America,23424841,Americas,Central America,23605403009,1810174430.0,28122340909,83.94,6.44
Iceland,2008,100,Europe,23424845,Europe,Northern Europe,11727785575,1147293774.0,11792142064,99.45,9.73
India,2008,100,Asia,23424848,Asia,Southern Asia,9833341,,4000309479406,0.0,
Indonesia,2008,100,Asia,23424846,Asia,South-Eastern Asia,1430503381265,1405556857653.0,1613107213756,88.68,87.13
Iran,2008,100,Asia,23424851,Asia,Southern Asia,501863420864,648131501.0,1085295592069,46.24,0.06
Italy,2008,100,Europe,23424853,Europe,Southern Europe,586624861191,353352442647.0,1770397845341,33.14,19.96
Japan,2008,100,Asia,23424856,Asia,Eastern Asia,2747204469043,2642744653514.0,4109670901652,66.85,64.31
Jordan,2008,100,Asia,23424860,Asia,Western Asia,27016707,,58161704587,0.05,
Kenya,2008,100,Africa,23424863,Africa,Eastern Africa,52485681360,49681992.0,68690753690,76.41,0.07
Luxembourg,2008,100,Europe,23424881,Europe,Western Europe,34950817167,,35566271286,98.27,
Malawi,2008,100,Africa,23424889,Africa,Eastern Africa,208830713,208830713.0,11711937717,1.78,1.78
Mexico,2008,100,North America,23424900,Americas,Central America,804381465240,697142705811.0,1463647877961,54.96,47.63
Mongolia,2008,100,Asia,23424887,Asia,Eastern Asia,414963078,,17853118895,2.32,
Montserrat,2008,100,North America,23424888,Americas,Caribbean,18754407,18754407.0,18754407,100.0,100.0
Myanmar,2008,100,Asia,23424763,Asia,South-Eastern Asia,8697493388,106725379.0,121932755112,7.13,0.09
Netherlands,2008,100,Europe,-90,Europe,Western Europe,3594685748,39573808.0,672876712983,0.53,0.01
New Zealand,2008,100,Oceania,23424916,Oceania,Australia and New Zealand,65218529091,3391776052.0,104654282439,62.32,3.24
Nicaragua,2008,100,North America,23424915,Americas,Central America,18518387307,18362733801.0,20860384753,88.77,88.03
Niger,2008,100,Africa,23424906,Africa,Western Africa,188989823,,14402653202,1.31,
Nigeria,2008,100,Africa,23424908,Africa,Western Africa,266724377,266724377.0,621890340950,0.04,0.04
Northern Mariana Islands,2008,100,Oceania,23424788,Oceania,Micronesia,1198971802,0.0,1198971802,100.0,0.0
Norway,2008,100,Europe,-90,Europe,Northern Europe,751783,,225674858837,0.0,
Panama,2008,100,North America,23424924,Americas,Central America,2306396463,,46686531516,4.94,
Papua New Guinea,2008,100,Oceania,23424926,Oceania,Melanesia,2337973721,2073700270.0,10719911714,21.81,19.34
Peru,2008,100,South America,23424919,Americas,South America,14188340856,11083612870.0,234331351572,6.05,4.73
Philippines,2008,100,Asia,23424934,Asia,South-Eastern Asia,409297551473,394129426015.0,428692920979,95.48,91.94
Portugal,2008,100,Europe,23424925,Europe,Southern Europe,2455084687,366528478.0,217682101176,1.13,0.17
Republic of Cabo Verde,2008,100,Africa,23424794,Africa,Western Africa,1366936172,1366936172.0,2202528394,62.06,62.06
Republic of Korea,2008,100,Asia,23424868,Asia,Eastern Asia,550449250875,,1341517307054,41.03,
Russian Federation,2008,100,Europe,23424936,Europe,Eastern Europe,21520439098,2283016193.0,2117643768519,1.02,0.11
Rwanda,2008,100,Africa,23424937,Africa,Eastern Africa,7513432484,4915371876.0,10628670802,70.69,46.25
Saint Helena,2008,100,Seven seas (open ocean),23424944,Africa,Western Africa,4890167,,24807915,19.71,
Saint Kitts and Nevis,2008,100,North America,23424940,Americas,Caribbean,880374777,880374777.0,880374777,100.0,100.0
Saint Lucia,2008,100,North America,23424951,Americas,Caribbean,1671023115,1671023115.0,1671023115,100.0,100.0
Saint Vincent and the Grenadines,2008,100,North America,23424981,Americas,Caribbean,745526388,745526388.0,745526388,100.0,100.0
Saint-Barthélemy,2008,100,North America,56042304,Americas,Caribbean,196690868,196690868.0,196690868,100.0,100.0
Saint-Martin,2008,100,North America,56042305,Americas,Caribbean,333958178,333958178.0,333958178,100.0,100.0
Samoa,2008,100,Oceania,23424992,Oceania,Polynesia,769153398,,769153398,100.0,
Saudi Arabia,2008,100,Asia,23424938,Asia,Western Asia,29143327647,,1224632996096,2.38,
Sint Maarten,2008,100,North America,-90,Americas,Caribbean,1146798436,1146798436.0,1146798436,100.0,100.0
Solomon Islands,2008,100,Oceania,23424766,Oceania,Melanesia,351030793,306490347.0,681033064,51.54,45.0
Somaliland,2008,100,Africa,-99,Africa,Eastern Africa,59284467,,14799375834,0.4,
South Africa,2008,100,Africa,23424942,Africa,Southern Africa,0,,537322786351,0.0,
South Georgia and the Islands,2008,100,Seven seas (open ocean),23424955,Seven seas (open ocean),Seven seas (open ocean),0,,0,,
South Sudan,2008,100,Africa,-99,Africa,Eastern Africa,3724076,,13168531431,0.03,
Spain,2008,100,Europe,23424950,Europe,Southern Europe,288784078173,19027385523.0,1281938533984,22.53,1.48
Sudan,2008,100,Africa,-90,Africa,Northern Africa,2541553342,,109886703600,2.31,
Syria,2008,100,Asia,23424956,Asia,Western Asia,136326178,,94694798428,0.14,
Taiwan,2008,100,Asia,23424971,Asia,Eastern Asia,239155445327,,510337980493,46.86,
Tanzania,2008,100,Africa,23424973,Africa,Eastern Africa,6181867396,2332903752.0,72358825342,8.54,3.22
Timor-Leste,2008,100,Asia,23424968,Asia,South-Eastern Asia,49439257,49439257.0,1616169761,3.06,3.06
Tonga,2008,100,Oceania,23424964,Oceania,Polynesia,360109166,360109166.0,360109166,100.0,100.0
Tunisia,2008,100,Africa,23424967,Africa,Northern Africa,223932248,,83993334233,0.27,
Turkey,2008,100,Asia,23424969,Asia,Western Asia,46754502413,957294994.0,884579431127,5.29,0.11
Uganda,2008,100,Africa,23424974,Africa,Eastern Africa,5418041640,843871700.0,33708059182,16.07,2.5
United States,2008,100,North America,23424977,Americas,Northern America,420880737180,108929849137.0,13369055063509,3.15,0.81
Vanuatu,2008,100,Oceania,23424907,Oceania,Melanesia,452638312,321231667.0,482082849,93.89,66.63
Vatican,2008,100,Europe,23424986,Europe,Southern Europe,480913602,,480913602,100.0,
Vietnam,2008,100,Asia,23424984,Asia,South-Eastern Asia,1952588051,,297986398989,0.66,
Yemen,2008,100,Asia,23425002,Asia,Western Asia,65852791360,59719799552.0,81476215355,80.82,73.3
Zambia,2008,100,Africa,23425003,Africa,Eastern Africa,39235775,14999936.0,32552003475,0.12,0.05
Algeria,2009,100,Africa,23424740,Africa,Northern Africa,2140560541,,399363625686,0.54,
American Samoa,2009,100,Oceania,23424746,Oceania,Polynesia,645439980,,645439980,100.0,
Andorra,2009,100,Europe,23424744,Europe,Southern Europe,4561806507,,4563741703,99.96,
Anguilla,2009,100,North America,23424751,Americas,Caribbean,123977329,105499222.0,123977329,100.0,85.1
Antarctica,2009,100,Antarctica,28289409,Antarctica,Antarctica,0,0.0,0,,
Antigua and Barbuda,2009,100,North America,23424737,Americas,Caribbean,1711554517,1702311329.0,1713513109,99.89,99.35
Argentina,2009,100,South America,23424747,Americas,South America,3041490642,762949071.0,607651985110,0.5,0.13
Armenia,2009,100,Asia,23424743,Asia,Western Asia,19248713320,18007450061.0,19257548080,99.95,93.51
Australia,2009,100,Oceania,-90,Oceania,Australia and New Zealand,535393439,,745744361734,0.07,
Azerbaijan,2009,100,Asia,23424741,Asia,Western Asia,8323755137,340618317.0,116599951023,7.14,0.29
Belgium,2009,100,Europe,23424757,Europe,Western Europe,3547583520,,369366288939,0.96,
Bolivia,2009,100,South America,23424762,Americas,South America,64047422,,45371404073,0.14,
Cameroon,2009,100,Africa,23424785,Africa,Middle Africa,19712775174,18728660418.0,48205123961,40.89,38.85
Canada,2009,100,North America,23424775,Americas,Northern America,87941261213,156304886.0,1207963071127,7.28,0.01
Chad,2009,100,Africa,23424777,Africa,Middle Africa,20739749,,17415163492,0.12,
Chile,2009,100,South America,23424782,Americas,South America,197896775996,7705175090.0,233707178932,84.68,3.3
China,2009,100,Asia,23424781,Asia,Eastern Asia,81457517177,6875561606.0,10241931462250,0.8,0.07
Colombia,2009,100,South America,23424787,Americas,South America,70017176199,68502398188.0,418761195748,16.72,16.36
Comoros,2009,100,Africa,23424786,Africa,Eastern Africa,1119351903,1090408612.0,1176045016,95.18,92.72
Costa Rica,2009,100,North America,23424791,Americas,Central America,50755957388,50410655447.0,50808677195,99.9,99.22
Dem. Rep. Korea,2009,100,Asia,23424865,Asia,Eastern Asia,5901781072,1320495276.0,44350812542,13.31,2.98
Democratic Republic of the Congo,2009,100,Africa,23424780,Africa,Middle Africa,1582763706,818738676.0,35082438598,4.51,2.33
Djibouti,2009,100,Africa,23424797,Africa,Eastern Africa,1605499720,48884566.0,1606954924,99.91,3.04
Dominica,2009,100,North America,23424798,Americas,Caribbean,599559650,599559650.0,599559650,100.0,100.0
Ecuador,2009,100,South America,23424801,Americas,South America,51997561087,51431154399.0,110355388319,47.12,46.61
El Salvador,2009,100,North America,23424807,Americas,Central America,33718829602,33603642342.0,33718829602,100.0,99.66
Equatorial Guinea,2009,100,Africa,23424804,Africa,Middle Africa,8711055762,8257209109.0,26680266666,32.65,30.95
Eritrea,2009,100,Africa,23424806,Africa,Eastern Africa,940583596,47239791.0,6415622955,14.66,0.74
Ethiopia,2009,100,Africa,23424808,Africa,Eastern Africa,39878831830,6545422046.0,72940439058,54.67,8.97
Fiji,2009,100,Oceania,23424813,Oceania,Melanesia,78724555,,5556277438,1.42,
France,2009,100,Europe,-90,Europe,Western Europe,70881585214,39173483605.0,1919700194423,3.69,2.04
French Polynesia,2009,100,Oceania,23424817,Oceania,Polynesia,5942495930,,6264061601,94.87,
French Southern and Antarctic Lands,2009,100,Seven seas (open ocean),28289406,Seven seas (open ocean),Seven seas (open ocean),0,,0,,
Georgia,2009,100,Asia,23424823,Asia,Western Asia,20231349141,,25769361456,78.51,
Germany,2009,100,Europe,23424829,Europe,Western Europe,195500530000,,2636011549739,7.42,
Greece,2009,100,Europe,23424833,Europe,Southern Europe,209578326827,64900659.0,279773060222,74.91,0.02
Grenada,2009,100,North America,23424826,Americas,Caribbean,917890335,917890335.0,917890335,100.0,100.0
Guam,2009,100,Oceania,23424832,Oceania,Micronesia,5676317509,,5988863017,94.78,
Guatemala,2009,100,North America,23424834,Americas,Central America,81815205257,80328006353.0,85281424856,95.94,94.19
Heard I. and McDonald Islands,2009,100,Seven seas (open ocean),28289411,Seven seas (open ocean),Seven seas (open ocean),0,,0,,
Honduras,2009,100,North America,23424841,Americas,Central America,23598988301,1605139472.0,27467283640,85.92,5.84
Iceland,2009,100,Europe,23424845,Europe,Northern Europe,11709869682,629419773.0,11753639776,99.63,5.36
India,2009,100,Asia,23424848,Asia,Southern Asia,10480001,,4312417477240,0.0,
Indonesia,2009,100,Asia,23424846,Asia,South-Eastern Asia,1473664554229,1444604091852.0,1686099200067,87.4,85.68
Iran,2009,100,Asia,23424851,Asia,Southern Asia,493052214148,563027511.0,1095183030402,45.02,0.05
Italy,2009,100,Europe,23424853,Europe,Southern Europe,592103286593,352340131136.0,1675117434237,35.35,21.03
Japan,2009,100,Asia,23424856,Asia,Eastern Asia,2620671032181,2512189724736.0,3889446685658,67.38,64.59
Jordan,2009,100,Asia,23424860,Asia,Western Asia,29619815,,61093662039,0.05,
Kenya,2009,100,Africa,23424863,Africa,Eastern Africa,56578555716,46712538.0,70979669094,79.71,0.07
Luxembourg,2009,100,Europe,23424881,Europe,Western Europe,33082513758,,34090521322,97.04,
Malawi,2009,100,Africa,23424889,Africa,Eastern Africa,235224369,235224369.0,12684126557,1.85,1.85
Mexico,2009,100,North America,23424900,Americas,Central America,773883734199,668748046134.0,1387223001286,55.79,48.21
Mongolia,2009,100,Asia,23424887,Asia,Eastern Asia,414459260,,17631056676,2.35,
Montserrat,2009,100,North America,23424888,Americas,Caribbean,20974654,20974654.0,20974654,100.0,100.0
Myanmar,2009,100,Asia,23424763,Asia,South-Eastern Asia,9038519388,113600487.0,134793497534,6.71,0.08
Netherlands,2009,100,Europe,-90,Europe,Western Europe,2745688492,40624998.0,648323228769,0.42,0.01
New Zealand,2009,100,Oceania,23424916,Oceania,Australia and New Zealand,66964187655,5276039543.0,104988444046,63.78,5.03
Nicaragua,2009,100,North America,23424915,Americas,Central America,17902555512,17764641197.0,20171955078,88.75,88.07
Niger,2009,100,Africa,23424906,Africa,Western Africa,196586128,,14688552083,1.34,
Nigeria,2009,100,Africa,23424908,Africa,Western Africa,297178104,297178104.0,673110236990,0.04,0.04
Northern Mariana Islands,2009,100,Oceania,23424788,Oceania,Micronesia,992382981,0.0,992382981,100.0,0.0
Norway,2009,100,Europe,-90,Europe,Northern Europe,657657,,220879453381,0.0,
Panama,2009,100,North America,23424924,Americas,Central America,2332956182,,47264094531,4.94,
Papua New Guinea,2009,100,Oceania,23424926,Oceania,Melanesia,2520681375,2235310886.0,11446432357,22.02,19.53
Peru,2009,100,South America,23424919,Americas,South America,14021316156,11377994823.0,236826577205,5.92,4.8
Philippines,2009,100,Asia,23424934,Asia,South-Eastern Asia,413228941140,396903090458.0,433846098259,95.25,91.48
Portugal,2009,100,Europe,23424925,Europe,Southern Europe,2283223150,339350292.0,206864487641,1.1,0.16
Republic of Cabo Verde,2009,100,Africa,23424794,Africa,Western Africa,1130193231,1130193231.0,2193846508,51.52,51.52
Republic of Korea,2009,100,Asia,23424868,Asia,Eastern Asia,547403705328,,1348138062506,40.6,
Russian Federation,2009,100,Europe,23424936,Europe,Eastern Europe,14155622131,1895838211.0,1952197569837,0.73,0.1
Rwanda,2009,100,Africa,23424937,Africa,Eastern Africa,8253282358,4813625139.0,11321682848,72.9,42.52
Saint Helena,2009,100,Seven seas (open ocean),23424944,Africa,Western Africa,4868614,,24902359,19.55,
Saint Kitts and Nevis,2009,100,North America,23424940,Americas,Caribbean,838425520,838425520.0,838425520,100.0,100.0
Saint Lucia,2009,100,North America,23424951,Americas,Caribbean,1674454366,1674454366.0,1674454366,100.0,100.0
Saint Vincent and the Grenadines,2009,100,North America,23424981,Americas,Caribbean,721310456,721310456.0,721310456,100.0,100.0
Saint-Barthélemy,2009,100,North America,56042304,Americas,Caribbean,203790180,203790180.0,203790180,100.0,100.0
Saint-Martin,2009,100,North America,56042305,Americas,Caribbean,325930815,325930815.0,325930815,100.0,100.0
Samoa,2009,100,Oceania,23424992,Oceania,Polynesia,738317768,,738317768,100.0,
Saudi Arabia,2009,100,Asia,23424938,Asia,Western Asia,31298654834,,1199098676885,2.61,
Sint Maarten,2009,100,North America,-90,Americas,Caribbean,1062015653,1062015653.0,1062015653,100.0,100.0
Solomon Islands,2009,100,Oceania,23424766,Oceania,Melanesia,353798750,306902797.0,699827248,50.56,43.85
Somaliland,2009,100,Africa,-99,Africa,Eastern Africa,60198570,,15233366694,0.4,
South Africa,2009,100,Africa,23424942,Africa,Southern Africa,0,,528729415388,0.0,
South Georgia and the Islands,2009,100,Seven seas (open ocean),23424955,Seven seas (open ocean),Seven seas (open ocean),0,,0,,
South Sudan,2009,100,Africa,-99,Africa,Eastern Africa,4193189,,13479378169,0.03,
Spain,2009,100,Europe,23424950,Europe,Southern Europe,273939695121,19363977995.0,1234523924840,22.19,1.57
Sudan,2009,100,Africa,-90,Africa,Northern Africa,2583680235,,113583758678,2.27,
Syria,2009,100,Asia,23424956,Asia,Western Asia,194339097,,98079208171,0.2,
Taiwan,2009,100,Asia,23424971,Asia,Eastern Asia,256262316405,,519731513075,49.31,
Tanzania,2009,100,Africa,23424973,Africa,Eastern Africa,6848137266,2601364391.0,76088795838,9.0,3.42
Timor-Leste,2009,100,Asia,23424968,Asia,South-Eastern Asia,54244794,54244794.0,1783985665,3.04,3.04
Tonga,2009,100,Oceania,23424964,Oceania,Polynesia,334597305,334597305.0,334597305,100.0,100.0
Tunisia,2009,100,Africa,23424967,Africa,Northern Africa,239655822,,86319595049,0.28,
Turkey,2009,100,Asia,23424969,Asia,Western Asia,34235808171,776792554.0,839509927811,4.08,0.09
Uganda,2009,100,Africa,23424974,Africa,Eastern Africa,5870476412,897874106.0,35996055397,16.31,2.49
United States,2009,100,North America,23424977,Americas,Northern America,388461797572,101399954434.0,13035969291113,2.98,0.78
Vanuatu,2009,100,Oceania,23424907,Oceania,Melanesia,460608717,346640480.0,492451533,93.53,70.39
Vatican,2009,100,Europe,23424986,Europe,Southern Europe,370497503,,370497503,100.0,
Vietnam,2009,100,Asia,23424984,Asia,South-Eastern Asia,2472769923,,313973147925,0.79,
Yemen,2009,100,Asia,23425002,Asia,Western Asia,66714422876,59813389855.0,83018123311,80.36,72.05
Zambia,2009,100,Africa,23425003,Africa,Eastern Africa,43920603,15524047.0,35557765844,0.12,0.04
Algeria,2010,100,Africa,23424740,Africa,Northern Africa,1749300618,,418511737164,0.42,
American Samoa,2010,100,Oceania,23424746,Oceania,Polynesia,639300267,,639300267,100.0,
Andorra,2010,100,Europe,23424744,Europe,Southern Europe,4327025346,,4328010735,99.98,
Anguilla,2010,100,North America,23424751,Americas,Caribbean,123310570,114314519.0,123310570,100.0,92.7
Antarctica,2010,100,Antarctica,28289409,Antarctica,Antarctica,0,0.0,0,,
Antigua and Barbuda,2010,100,North America,23424737,Americas,Caribbean,1555734503,1546273214.0,1557226049,99.9,99.3
Argentina,2010,100,South America,23424747,Americas,South America,4639176546,1143643110.0,671162653571,0.69,0.17
Armenia,2010,100,Asia,23424743,Asia,Western Asia,19672808796,18135137631.0,19681095040,99.96,92.14
Australia,2010,100,Oceania,-90,Oceania,Australia and New Zealand,1031724558,,759687510184,0.14,
Azerbaijan,2010,100,Asia,23424741,Asia,Western Asia,11896025528,406647471.0,122260485337,9.73,0.33
Belgium,2010,100,Europe,23424757,Europe,Western Europe,8589251579,,378463492908,2.27,
Bolivia,2010,100,South America,23424762,Americas,South America,68976728,,47180375434,0.15,
Cameroon,2010,100,Africa,23424785,Africa,Middle Africa,17589035243,16658346221.0,49697749483,35.39,33.52
Canada,2010,100,North America,23424775,Americas,Northern America,98491507793,203615774.0,1238657655881,7.95,0.02
Chad,2010,100,Africa,23424777,Africa,Middle Africa,23019787,,19781062684,0.12,
Chile,2010,100,South America,23424782,Americas,South America,207103598138,10692101385.0,246729434674,83.94,4.33
China,2010,100,Asia,23424781,Asia,Eastern Asia,96357596770,7475288676.0,11292800614482,0.85,0.07
Colombia,2010,100,South America,23424787,Americas,South America,74199210455,72206154362.0,438419619148,16.92,16.47
Comoros,2010,100,Africa,23424786,Africa,Eastern Africa,1145846360,1115985111.0,1205695221,95.04,92.56
Costa Rica,2010,100,North America,23424791,Americas,Central America,53467837294,53026858115.0,53532094854,99.88,99.06
Dem. Rep. Korea,2010,100,Asia,23424865,Asia,Eastern Asia,5988065862,1350791240.0,44248309436,13.53,3.05
Democratic Republic of the Congo,2010,100,Africa,23424780,Africa,Middle Africa,1748748430,917446714.0,37476424264,4.67,2.45
Djibouti,2010,100,Africa,23424797,Africa,Eastern Africa,2137121244,46234873.0,2138306145,99.94,2.16
Dominica,2010,100,North America,23424798,Americas,Caribbean,588117911,588117911.0,588117911,100.0,100.0
Ecuador,2010,100,South America,23424801,Americas,South America,58698960650,58076832017.0,115590085853,50.78,50.24
El Salvador,2010,100,North America,23424807,Americas,Central America,34384711964,34270845397.0,34384711964,100.0,99.67
Equatorial Guinea,2010,100,Africa,23424804,Africa,Middle Africa,11265497511,10932982665.0,24482544065,46.01,44.66
Eritrea,2010,100,Africa,23424806,Africa,Eastern Africa,1009634062,50518465.0,6565998341,15.38,0.77
Ethiopia,2010,100,Africa,23424808,Africa,Eastern Africa,42954241310,7565284026.0,82040046462,52.36,9.22
Fiji,2010,100,Oceania,23424813,Oceania,Melanesia,68470789,,5595462983,1.22,
France,2010,100,Europe,-90,Europe,Western Europe,80855769348,37917150634.0,1948767009143,4.15,1.95
French Polynesia,2010,100,Oceania,23424817,Oceania,Polynesia,6005946996,,6350043615,94.58,
French Southern and Antarctic Lands,2010,100,Seven seas (open ocean),28289406,Seven seas (open ocean),Seven seas (open ocean),0,,0,,
Georgia,2010,100,Asia,23424823,Asia,Western Asia,19860040348,,26720526270,74.33,
Germany,2010,100,Europe,23424829,Europe,Western Europe,235019041027,,2746934406553,8.56,
Greece,2010,100,Europe,23424833,Europe,Southern Europe,188947079015,100382890.0,259453237440,72.83,0.04
Grenada,2010,100,North America,23424826,Americas,Caribbean,854118368,854118368.0,854118368,100.0,100.0
Guam,2010,100,Oceania,23424832,Oceania,Micronesia,5710091584,,5996940865,95.22,
Guatemala,2010,100,North America,23424834,Americas,Central America,83109528633,80916162570.0,87996058674,94.45,91.95
Heard I. and McDonald Islands,2010,100,Seven seas (open ocean),28289411,Seven seas (open ocean),Seven seas (open ocean),0,,0,,
Honduras,2010,100,North America,23424841,Americas,Central America,23830310394,1840287907.0,28454281143,83.75,6.47
Iceland,2010,100,Europe,23424845,Europe,Northern Europe,11059691834,932392734.0,11111733571,99.53,8.39
India,2010,100,Asia,23424848,Asia,Southern Asia,15346908,,4665526727398,0.0,
Indonesia,2010,100,Asia,23424846,Asia,South-Eastern Asia,1566227707038,1533393582310.0,1805257644331,86.76,84.94
Iran,2010,100,Asia,23424851,Asia,Southern Asia,492467440553,793950863.0,1157096081123,42.56,0.07
Italy,2010,100,Europe,23424853,Europe,Southern Europe,580807077988,350612448541.0,1687530194087,34.42,20.78
Japan,2010,100,Asia,23424856,Asia,Eastern Asia,2601651294256,2475734687314.0,4039829481525,64.4,61.28
Jordan,2010,100,Asia,23424860,Asia,Western Asia,44375395,,62457534150,0.07,
Kenya,2010,100,Africa,23424863,Africa,Eastern Africa,58952056096,55677496.0,76841648794,76.72,0.07
Luxembourg,2010,100,Europe,23424881,Europe,Western Europe,34379374052,,35889795722,95.79,
Malawi,2010,100,Africa,23424889,Africa,Eastern Africa,232311601,232311601.0,13571055180,1.71,1.71
Mexico,2010,100,North America,23424900,Americas,Central America,804487139529,687880826612.0,1453330819231,55.35,47.33
Mongolia,2010,100,Asia,23424887,Asia,Eastern Asia,392351227,,18754074783,2.09,
Montserrat,2010,100,North America,23424888,Americas,Caribbean,28416418,28416418.0,28416418,100.0,100.0
Myanmar,2010,100,Asia,23424763,Asia,South-Eastern Asia,9533719391,122944244.0,147619068041,6.46,0.08
Netherlands,2010,100,Europe,-90,Europe,Western Europe,4031071249,31705392.0,653607201173,0.62,0.0
New Zealand,2010,100,Oceania,23424916,Oceania,Australia and New Zealand,59941451486,5259503563.0,106765467788,56.14,4.93
Nicaragua,2010,100,North America,23424915,Americas,Central America,18294470669,18130918849.0,21034005780,86.98,86.2
Niger,2010,100,Africa,23424906,Africa,Western Africa,186172633,,15957811879,1.17,
Nigeria,2010,100,Africa,23424908,Africa,Western Africa,338580439,338580439.0,725534615202,0.05,0.05
Northern Mariana Islands,2010,100,Oceania,23424788,Oceania,Micronesia,1017812266,0.0,1017812266,100.0,0.0
Norway,2010,100,Europe,-90,Europe,Northern Europe,760458,,218322487996,0.0,
Panama,2010,100,North America,23424924,Americas,Central America,2612980250,,50071432969,5.22,
Papua New Guinea,2010,100,Oceania,23424926,Oceania,Melanesia,2700113528,2396554783.0,12556566130,21.5,19.09
Peru,2010,100,South America,23424919,Americas,South America,15034424094,11805892243.0,255800708304,5.88,4.62
Philippines,2010,100,Asia,23424934,Asia,South-Eastern Asia,433445538845,412981099287.0,459471809009,94.34,89.88
Portugal,2010,100,Europe,23424925,Europe,Southern Europe,1850405650,417627546.0,204219756063,0.91,0.2
Republic of Cabo Verde,2010,100,Africa,23424794,Africa,Western Africa,1319543142,1319543142.0,2098333773,62.89,62.89
Republic of Korea,2010,100,Asia,23424868,Asia,Eastern Asia,538739642593,,1430174716049,37.67,
Russian Federation,2010,100,Europe,23424936,Europe,Eastern Europe,21632228096,2144239937.0,2035194284725,1.06,0.11
Rwanda,2010,100,Africa,23424937,Africa,Eastern Africa,9288535382,4548511718.0,12230782691,75.94,37.19
Saint Helena,2010,100,Seven seas (open ocean),23424944,Africa,Western Africa,6466301,,12463008,51.88,
Saint Kitts and Nevis,2010,100,North America,23424940,Americas,Caribbean,844768872,844768872.0,844768872,100.0,100.0
Saint Lucia,2010,100,North America,23424951,Americas,Caribbean,1708169498,1708169498.0,1708169498,100.0,100.0
Saint Vincent and the Grenadines,2010,100,North America,23424981,Americas,Caribbean,389222231,389222231.0,389222231,100.0,100.0
Saint-Barthélemy,2010,100,North America,56042304,Americas,Caribbean,215771676,215771676.0,215771676,100.0,100.0
Saint-Martin,2010,100,North America,56042305,Americas,Caribbean,412245587,412245587.0,412245587,100.0,100.0
Samoa,2010,100,Oceania,23424992,Oceania,Polynesia,796427572,,796427572,100.0,
Saudi Arabia,2010,100,Asia,23424938,Asia,Western Asia,40014650415,,1262847565600,3.17,
Sint Maarten,2010,100,North America,-90,Americas,Caribbean,904373698,904373698.0,904373698,100.0,100.0
Solomon Islands,2010,100,Oceania,23424766,Oceania,Melanesia,434386110,395980228.0,772065095,56.26,51.29
Somaliland,2010,100,Africa,-99,Africa,Eastern Africa,68396648,,15587173490,0.44,
South Africa,2010,100,Africa,23424942,Africa,Southern Africa,0,,543708209165,0.0,
South Georgia and the Islands,2010,100,Seven seas (open ocean),23424955,Seven seas (open ocean),Seven seas (open ocean),0,,0,,
South Sudan,2010,100,Africa,-99,Africa,Eastern Africa,5131968,,14871600016,0.03,
Spain,2010,100,Europe,23424950,Europe,Southern Europe,274716667264,18255584083.0,1232566963373,22.29,1.48
Sudan,2010,100,Africa,-90,Africa,Northern Africa,2790205475,,116605572898,2.39,
Syria,2010,100,Asia,23424956,Asia,Western Asia,216567112,,103044302227,0.21,
Taiwan,2010,100,Asia,23424971,Asia,Eastern Asia,255836469548,,528796280456,48.38,
Tanzania,2010,100,Africa,23424973,Africa,Eastern Africa,7616832671,2790184579.0,81170554867,9.38,3.44
Timor-Leste,2010,100,Asia,23424968,Asia,South-Eastern Asia,54417875,54417875.0,1969645525,2.76,2.76
Tonga,2010,100,Oceania,23424964,Oceania,Polynesia,363761106,363761106.0,363761106,100.0,100.0
Tunisia,2010,100,Africa,23424967,Africa,Northern Africa,252788774,,88952743300,0.28,
Turkey,2010,100,Asia,23424969,Asia,Western Asia,51283999413,1159537689.0,910768933048,5.63,0.13
Uganda,2010,100,Africa,23424974,Africa,Eastern Africa,6000406649,896175166.0,38044573578,15.77,2.36
United States,2010,100,North America,23424977,Americas,Northern America,391726999536,93486057226.0,13341506959840,2.94,0.7
Vanuatu,2010,100,Oceania,23424907,Oceania,Melanesia,438367888,311955721.0,469604587,93.35,66.43
Vatican,2010,100,Europe,23424986,Europe,Southern Europe,477844323,,477844323,100.0,
Vietnam,2010,100,Asia,23424984,Asia,South-Eastern Asia,2610900996,,333596603849,0.78,
Yemen,2010,100,Asia,23425002,Asia,Western Asia,68353863990,58965899394.0,88281700993,77.43,66.79
Zambia,2010,100,Africa,23425003,Africa,Eastern Africa,54439632,15343590.0,39221138689,0.14,0.04
Algeria,2011,100,Africa,23424740,Africa,Northern Africa,1723927590,,428392028062,0.4,
American Samoa,2011,100,Oceania,23424746,Oceania,Polynesia,672370864,,672370864,100.0,
Andorra,2011,100,Europe,23424744,Europe,Southern Europe,4147946373,,4148752570,99.98,
Anguilla,2011,100,North America,23424751,Americas,Caribbean,144602334,127641276.0,144602334,100.0,88.27
Antarctica,2011,100,Antarctica,28289409,Antarctica,Antarctica,0,0.0,0,,
Antigua and Barbuda,2011,100,North America,23424737,Americas,Caribbean,1567554081,1564211003.0,1568318402,99.95,99.74
Argentina,2011,100,South America,23424747,Americas,South America,1811635539,449899634.0,710800006984,0.25,0.06
Armenia,2011,100,Asia,23424743,Asia,Western Asia,20594929552,19469469596.0,20602856613,99.96,94.5
Australia,2011,100,Oceania,-90,Oceania,Australia and New Zealand,532777319,,784638037966,0.07,
Azerbaijan,2011,100,Asia,23424741,Asia,Western Asia,7134418079,326978409.0,120279208931,5.93,0.27
Belgium,2011,100,Europe,23424757,Europe,Western Europe,4440515764,,383273363935,1.16,
Bolivia,2011,100,South America,23424762,Americas,South America,46938763,,49687385416,0.09,
Cameroon,2011,100,Africa,23424785,Africa,Middle Africa,17181962764,16360750682.0,51832659004,33.15,31.56
Canada,2011,100,North America,23424775,Americas,Northern America,80048033264,135996841.0,1273292110103,6.29,0.01
Chad,2011,100,Africa,23424777,Africa,Middle Africa,24115234,,19776341232,0.12,
Chile,2011,100,South America,23424782,Americas,South America,229301228384,6825593380.0,262825771666,87.24,2.6
China,2011,100,Asia,23424781,Asia,Eastern Asia,95372110312,7027227484.0,12429783448598,0.77,0.06
Colombia,2011,100,South America,23424787,Americas,South America,70656013721,69357860584.0,469621881904,15.05,14.77
Comoros,2011,100,Africa,23424786,Africa,Eastern Africa,1210177300,1178726391.0,1273557510,95.02,92.55
Costa Rica,2011,100,North America,23424791,Americas,Central America,55863230674,55592143010.0,55903656780,99.93,99.44
Dem. Rep. Korea,2011,100,Asia,23424865,Asia,Eastern Asia,5476299520,1202219911.0,44291499530,12.36,2.71
Democratic Republic of the Congo,2011,100,Africa,23424780,Africa,Middle Africa,1377021336,720145413.0,39988367023,3.44,1.8
Djibouti,2011,100,Africa,23424797,Africa,Eastern Africa,1744700664,39004200.0,1745760479,99.94,2.23
Dominica,2011,100,North America,23424798,Americas,Caribbean,603500459,603500459.0,603500459,100.0,100.0
Ecuador,2011,100,South America,23424801,Americas,South America,57182777994,56703098291.0,123632824073,46.25,45.86
El Salvador,2011,100,North America,23424807,Americas,Central America,35709037036,35590739594.0,35709037036,100.0,99.67
Equatorial Guinea,2011,100,Africa,23424804,Africa,Middle Africa,15286571720,15006178880.0,26874313257,56.88,55.84
Eritrea,2011,100,Africa,23424806,Africa,Eastern Africa,1064288849,54648491.0,7118522605,14.95,0.77
Ethiopia,2011,100,Africa,23424808,Africa,Eastern Africa,54966261287,7181213516.0,91236452152,60.25,7.87
Fiji,2011,100,Oceania,23424813,Oceania,Melanesia,95783989,,5818046958,1.65,
France,2011,100,Europe,-90,Europe,Western Europe,72496325618,37869631077.0,2002561794744,3.62,1.89
French Polynesia,2011,100,Oceania,23424817,Oceania,Polynesia,6345189343,,6675045577,95.06,
French Southern and Antarctic Lands,2011,100,Seven seas (open ocean),28289406,Seven seas (open ocean),Seven seas (open ocean),0,,0,,
Georgia,2011,100,Asia,23424823,Asia,Western Asia,20778254767,,27861863485,74.58,
Germany,2011,100,Europe,23424829,Europe,Western Europe,262934830198,,2908315449121,9.04,
Greece,2011,100,Europe,23424833,Europe,Southern Europe,184239973289,57515705.0,236285699513,77.97,0.02
Grenada,2011,100,North America,23424826,Americas,Caribbean,926204099,926204099.0,926204099,100.0,100.0
Guam,2011,100,Oceania,23424832,Oceania,Micronesia,5673634861,,6052967002,93.73,
Guatemala,2011,100,North America,23424834,Americas,Central America,87832509685,86244473331.0,91989203017,95.48,93.75
Heard I. and McDonald Islands,2011,100,Seven seas (open ocean),28289411,Seven seas (open ocean),Seven seas (open ocean),0,,0,,
Honduras,2011,100,North America,23424841,Americas,Central America,25290659318,1405457131.0,29604631919,85.43,4.75
Iceland,2011,100,Europe,23424845,Europe,Northern Europe,11779090586,553143215.0,11820464121,99.65,4.68
India,2011,100,Asia,23424848,Asia,Southern Asia,8828306,,4919872278679,0.0,
Indonesia,2011,100,Asia,23424846,Asia,South-Eastern Asia,1693987661827,1668836381739.0,1912563332437,88.57,87.26
Iran,2011,100,Asia,23424851,Asia,Southern Asia,518327792475,441732784.0,1186182492925,43.7,0.04
Italy,2011,100,Europe,23424853,Europe,Southern Europe,622469083226,329198986850.0,1720749407008,36.17,19.13
Japan,2011,100,Asia,23424856,Asia,Eastern Asia,2584237893592,2475407097399.0,4051919676816,63.78,61.09
Jordan,2011,100,Asia,23424860,Asia,Western Asia,28350723,,64142285257,0.04,
Kenya,2011,100,Africa,23424863,Africa,Eastern Africa,63347861210,55181985.0,81504331954,77.72,0.07
Luxembourg,2011,100,Europe,23424881,Europe,Western Europe,36236194727,,36900086794,98.2,
Malawi,2011,100,Africa,23424889,Africa,Eastern Africa,216449544,216449544.0,14200154620,1.52,1.52
Mexico,2011,100,North America,23424900,Americas,Central America,795046983247,681542994804.0,1516055922122,52.44,44.96
Mongolia,2011,100,Asia,23424887,Asia,Eastern Asia,360657362,,22002448046,1.64,
Montserrat,2011,100,North America,23424888,Americas,Caribbean,19090713,19090713.0,19090713,100.0,100.0
Myanmar,2011,100,Asia,23424763,Asia,South-Eastern Asia,8408723896,113653164.0,156590647610,5.37,0.07
Netherlands,2011,100,Europe,-90,Europe,Western Europe,2458982776,56823585.0,663946079217,0.37,0.01
New Zealand,2011,100,Oceania,23424916,Oceania,Australia and New Zealand,65732277382,3812866803.0,102632417226,64.05,3.72
Nicaragua,2011,100,North America,23424915,Americas,Central America,20088756866,19940641880.0,22386951849,89.73,89.07
Niger,2011,100,Africa,23424906,Africa,Western Africa,185330900,,16317675638,1.14,
Nigeria,2011,100,Africa,23424908,Africa,Western Africa,297376275,297376275.0,764034241355,0.04,0.04
Northern Mariana Islands,2011,100,Oceania,23424788,Oceania,Micronesia,945975041,0.0,945975041,100.0,0.0
Norway,2011,100,Europe,-90,Europe,Northern Europe,793721,,224761778565,0.0,
Panama,2011,100,North America,23424924,Americas,Central America,1750002994,,55729032211,3.14,
Papua New Guinea,2011,100,Oceania,23424926,Oceania,Melanesia,2642781457,2342448829.0,12763097960,20.71,18.35
Peru,2011,100,South America,23424919,Americas,South America,16875195254,13639428486.0,272832299191,6.19,5.0
Philippines,2011,100,Asia,23424934,Asia,South-Eastern Asia,461087915056,443672658916.0,481164263936,95.83,92.21
Portugal,2011,100,Europe,23424925,Europe,Southern Europe,1283471049,326841148.0,200527480076,0.64,0.16
Republic of Cabo Verde,2011,100,Africa,23424794,Africa,Western Africa,1311457245,1311457245.0,2280331010,57.51,57.51
Republic of Korea,2011,100,Asia,23424868,Asia,Eastern Asia,584573312199,,1486651265055,39.32,
Russian Federation,2011,100,Europe,23424936,Europe,Eastern Europe,17273617109,2396621009.0,2125075838423,0.81,0.11
Rwanda,2011,100,Africa,23424937,Africa,Eastern Africa,10031886881,4779484118.0,13172962722,76.16,36.28
Saint Helena,2011,100,Seven seas (open ocean),23424944,Africa,Western Africa,5578374,,28414067,19.63,
Saint Kitts and Nevis,2011,100,North America,23424940,Americas,Caribbean,880968265,880968265.0,880968265,100.0,100.0
Saint Lucia,2011,100,North America,23424951,Americas,Caribbean,1828953677,1828953677.0,1828953677,100.0,100.0
Saint Vincent and the Grenadines,2011,100,North America,23424981,Americas,Caribbean,656810152,656810152.0,656810152,100.0,100.0
Saint-Barthélemy,2011,100,North America,56042304,Americas,Caribbean,209450938,209450938.0,209450938,100.0,100.0
Saint-Martin,2011,100,North America,56042305,Americas,Caribbean,399949735,399949735.0,399949735,100.0,100.0
Samoa,2011,100,Oceania,23424992,Oceania,Polynesia,773706648,,773706648,100.0,
Saudi Arabia,2011,100,Asia,23424938,Asia,Western Asia,37180883192,,1388140506412,2.68,
Sint Maarten,2011,100,North America,-90,Americas,Caribbean,1113828648,1113828648.0,1113828648,100.0,100.0
Solomon Islands,2011,100,Oceania,23424766,Oceania,Melanesia,445713444,392955904.0,831857669,53.58,47.24
Somaliland,2011,100,Africa,-99,Africa,Eastern Africa,67768020,,16069349828,0.42,
South Africa,2011,100,Africa,23424942,Africa,Southern Africa,0,,562647117453,0.0,
South Georgia and the Islands,2011,100,Seven seas (open ocean),23424955,Seven seas (open ocean),Seven seas (open ocean),0,,0,,
South Sudan,2011,100,Africa,-99,Africa,Eastern Africa,5023489,,12744360871,0.04,
Spain,2011,100,Europe,23424950,Europe,Southern Europe,284808030909,14085318793.0,1236161714272,23.04,1.14
Sudan,2011,100,Africa,-90,Africa,Northern Africa,2357155670,,118731978155,1.99,
Syria,2011,100,Asia,23424956,Asia,Western Asia,230229426,,104892585412,0.22,
Taiwan,2011,100,Asia,23424971,Asia,Eastern Asia,275188722764,,531388329944,51.79,
Tanzania,2011,100,Africa,23424973,Africa,Eastern Africa,6615978976,2532949548.0,86782098626,7.62,2.92
Timor-Leste,2011,100,Asia,23424968,Asia,South-Eastern Asia,63771758,63771758.0,2023604572,3.15,3.15
Tonga,2011,100,Oceania,23424964,Oceania,Polynesia,383410779,383410779.0,383410779,100.0,100.0
Tunisia,2011,100,Africa,23424967,Africa,Northern Africa,131059126,,88686349725,0.15,
Turkey,2011,100,Asia,23424969,Asia,Western Asia,46158100380,739226905.0,1004620725853,4.59,0.07
Uganda,2011,100,Africa,23424974,Africa,Eastern Africa,6481848628,961609579.0,41581443746,15.59,2.31
United States,2011,100,North America,23424977,Americas,Northern America,333985082099,85900001404.0,13509555640604,2.47,0.64
Vanuatu,2011,100,Oceania,23424907,Oceania,Melanesia,478851775,367160509.0,512906538,93.36,71.58
Vatican,2011,100,Europe,23424986,Europe,Southern Europe,490141577,,490141577,100.0,
Vietnam,2011,100,Asia,23424984,Asia,South-Eastern Asia,1976091722,,355604915258,0.56,
Yemen,2011,100,Asia,23425002,Asia,Western Asia,60452398731,54025468464.0,76674785239,78.84,70.46
Zambia,2011,100,Africa,23425003,Africa,Eastern Africa,39869388,10895071.0,41435112135,0.1,0.03
Algeria,2012,100,Africa,23424740,Africa,Northern Africa,1835020666,,437483011123,0.42,
American Samoa,2012,100,Oceania,23424746,Oceania,Polynesia,671022221,,671022221,100.0,
Andorra,2012,100,Europe,23424744,Europe,Southern Europe,4085213407,,4085600351,99.99,
Anguilla,2012,100,North America,23424751,Americas,Caribbean,194967580,181484816.0,194967580,100.0,93.08
Antarctica,2012,100,Antarctica,28289409,Antarctica,Antarctica,0,0.0,0,,
Antigua and Barbuda,2012,100,North America,23424737,Americas,Caribbean,1503368904,1499911651.0,1503971115,99.96,99.73
Argentina,2012,100,South America,23424747,Americas,South America,2990819075,1000140011.0,702279764713,0.43,0.14
Armenia,2012,100,Asia,23424743,Asia,Western Asia,22060865536,20868954537.0,22066650521,99.97,94.57
Australia,2012,100,Oceania,-90,Oceania,Australia and New Zealand,828028949,,812162750696,0.1,
Azerbaijan,2012,100,Asia,23424741,Asia,Western Asia,9326898657,219156767.0,122784414596,7.6,0.18
Belgium,2012,100,Europe,23424757,Europe,Western Europe,6572651892,,385869715019,1.7,
Bolivia,2012,100,South America,23424762,Americas,South America,38122982,,52177258197,0.07,
Cameroon,2012,100,Africa,23424785,Africa,Middle Africa,16638681694,15908041765.0,54206216754,30.7,29.35
Canada,2012,100,North America,23424775,Americas,Northern America,71648902975,105156620.0,1304133472871,5.49,0.01
Chad,2012,100,Africa,23424777,Africa,Middle Africa,24648841,,21527652611,0.11,
Chile,2012,100,South America,23424782,Americas,South America,228734239777,10492552334.0,275513057279,83.02,3.81
China,2012,100,Asia,23424781,Asia,Eastern Asia,102846424216,6792724410.0,13414982046414,0.77,0.05
Colombia,2012,100,South America,23424787,Americas,South America,88561688000,87244423194.0,485613326965,18.24,17.97
Comoros,2012,100,Africa,23424786,Africa,Eastern Africa,1249818265,1216204234.0,1312974090,95.19,92.63
Costa Rica,2012,100,North America,23424791,Americas,Central America,58585862540,58330760024.0,58620053929,99.94,99.51
Dem. Rep. Korea,2012,100,Asia,23424865,Asia,Eastern Asia,5811791631,1231710331.0,45469886103,12.78,2.71
Democratic Republic of the Congo,2012,100,Africa,23424780,Africa,Middle Africa,1526524718,814561075.0,42481576654,3.59,1.92
Djibouti,2012,100,Africa,23424797,Africa,Eastern Africa,1563217676,44786432.0,1564643228,99.91,2.86
Dominica,2012,100,North America,23424798,Americas,Caribbean,610682545,610682545.0,610682545,100.0,100.0
Ecuador,2012,100,South America,23424801,Americas,South America,61813188729,61187131172.0,132782865501,46.55,46.08
El Salvador,2012,100,North America,23424807,Americas,Central America,36728397582,36632363589.0,36728397582,100.0,99.74
Equatorial Guinea,2012,100,Africa,23424804,Africa,Middle Africa,15715044533,15446863736.0,26731367832,58.79,57.79
Eritrea,2012,100,Africa,23424806,Africa,Eastern Africa,1002747887,54915676.0,7198011547,13.93,0.76
Ethiopia,2012,100,Africa,23424808,Africa,Eastern Africa,58265904369,9106659755.0,99100319860,58.79,9.19
Fiji,2012,100,Oceania,23424813,Oceania,Melanesia,96405520,,5984059715,1.61,
France,2012,100,Europe,-90,Europe,Western Europe,75873021448,38621546143.0,2008639598483,3.78,1.92
French Polynesia,2012,100,Oceania,23424817,Oceania,Polynesia,6857037373,,7067510450,97.02,
French Southern and Antarctic Lands,2012,100,Seven seas (open ocean),28289406,Seven seas (open ocean),Seven seas (open ocean),0,,0,,
Georgia,2012,100,Asia,23424823,Asia,Western Asia,21913946416,,29233687128,74.96,
Germany,2012,100,Europe,23424829,Europe,Western Europe,273084056409,,2918807789281,9.36,
Greece,2012,100,Europe,23424833,Europe,Southern Europe,168301247288,45146013.0,218607222884,76.99,0.02
Grenada,2012,100,North America,23424826,Americas,Caribbean,958106071,958106071.0,958106071,100.0,100.0
Guam,2012,100,Oceania,23424832,Oceania,Micronesia,5925224576,,6221513457,95.24,
Guatemala,2012,100,North America,23424834,Americas,Central America,91310437902,89967909704.0,95085942296,96.03,94.62
Heard I. and McDonald Islands,2012,100,Seven seas (open ocean),28289411,Seven seas (open ocean),Seven seas (open ocean),0,,0,,
Honduras,2012,100,North America,23424841,Americas,Central America,26429508474,1185212003.0,30671577291,86.17,3.86
Iceland,2012,100,Europe,23424845,Europe,Northern Europe,11274453519,1119573487.0,11344736378,99.38,9.87
India,2012,100,Asia,23424848,Asia,Southern Asia,7369894,,5191000217423,0.0,
Indonesia,2012,100,Asia,23424846,Asia,South-Eastern Asia,1786380288408,1759182800269.0,2029229974717,88.03,86.69
Iran,2012,100,Asia,23424851,Asia,Southern Asia,449916025122,504659075.0,1097471461397,41.0,0.05
Italy,2012,100,Europe,23424853,Europe,Southern Europe,528917884420,279030508014.0,1669300196615,31.69,16.72
Japan,2012,100,Asia,23424856,Asia,Eastern Asia,2787988962401,2685088766278.0,4112664912324,67.79,65.29
Jordan,2012,100,Asia,23424860,Asia,Western Asia,33839382,,65703321203,0.05,
Kenya,2012,100,Africa,23424863,Africa,Eastern Africa,65082947413,52140934.0,85298961507,76.3,0.06
Luxembourg,2012,100,Europe,23424881,Europe,Western Europe,36044913155,,36648061433,98.35,
Malawi,2012,100,Africa,23424889,Africa,Eastern Africa,191661534,191661534.0,14457807274,1.33,1.33
Mexico,2012,100,North America,23424900,Americas,Central America,809235583089,674652601245.0,1569862379801,51.55,42.98
Mongolia,2012,100,Asia,23424887,Asia,Eastern Asia,313406954,,24708028438,1.27,
Montserrat,2012,100,North America,23424888,Americas,Caribbean,17921066,17921066.0,17921066,100.0,100.0
Myanmar,2012,100,Asia,23424763,Asia,South-Eastern Asia,8560473457,120658248.0,168369389737,5.08,0.07
Netherlands,2012,100,Europe,-90,Europe,Western Europe,1974984174,84179870.0,656032336136,0.3,0.01
New Zealand,2012,100,Oceania,23424916,Oceania,Australia and New Zealand,60340996352,5710855150.0,107076714156,56.35,5.33
Nicaragua,2012,100,North America,23424915,Americas,Central America,21887768337,21748093149.0,23847252535,91.78,91.2
Niger,2012,100,Africa,23424906,Africa,Western Africa,206881755,,18041277190,1.15,
Nigeria,2012,100,Africa,23424908,Africa,Western Africa,307000674,307000674.0,795826181898,0.04,0.04
Northern Mariana Islands,2012,100,Oceania,23424788,Oceania,Micronesia,941973583,0.0,941973583,100.0,0.0
Norway,2012,100,Europe,-90,Europe,Northern Europe,818624,,231891587193,0.0,
Panama,2012,100,North America,23424924,Americas,Central America,2519100377,,60637585311,4.15,
Papua New Guinea,2012,100,Oceania,23424926,Oceania,Melanesia,2539010988,2254311684.0,13366896829,18.99,16.86
Peru,2012,100,South America,23424919,Americas,South America,16383220867,9555786734.0,289523557841,5.66,3.3
Philippines,2012,100,Asia,23424934,Asia,South-Eastern Asia,495287891872,472402292893.0,518457422841,95.53,91.12
Portugal,2012,100,Europe,23424925,Europe,Southern Europe,2686052840,438194610.0,195342602021,1.38,0.22
Republic of Cabo Verde,2012,100,Africa,23424794,Africa,Western Africa,1232933570,1232933570.0,2336918484,52.76,52.76
Republic of Korea,2012,100,Asia,23424868,Asia,Eastern Asia,595408751441,,1530519002085,38.9,
Russian Federation,2012,100,Europe,23424936,Europe,Eastern Europe,27486397086,2090317555.0,2211736085159,1.24,0.09
Rwanda,2012,100,Africa,23424937,Africa,Eastern Africa,11522556744,4695533948.0,14429328937,79.86,32.54
Saint Helena,2012,100,Seven seas (open ocean),23424944,Africa,Western Africa,5683937,,32313716,17.59,
Saint Kitts and Nevis,2012,100,North America,23424940,Americas,Caribbean,863572910,863572910.0,863572910,100.0,100.0
Saint Lucia,2012,100,North America,23424951,Americas,Caribbean,1611330227,1611330227.0,1611330227,100.0,100.0
Saint Vincent and the Grenadines,2012,100,North America,23424981,Americas,Caribbean,631695914,631695914.0,631695914,100.0,100.0
Saint-Barthélemy,2012,100,North America,56042304,Americas,Caribbean,212080265,212080265.0,212080265,100.0,100.0
Saint-Martin,2012,100,North America,56042305,Americas,Caribbean,374873250,374873250.0,374873250,100.0,100.0
Samoa,2012,100,Oceania,23424992,Oceania,Polynesia,710762857,,710762857,100.0,
Saudi Arabia,2012,100,Asia,23424938,Asia,Western Asia,39345033676,,1465316469977,2.69,
Sint Maarten,2012,100,North America,-90,Americas,Caribbean,1236101223,1236101223.0,1236101223,100.0,100.0
Solomon Islands,2012,100,Oceania,23424766,Oceania,Melanesia,600586841,559595140.0,899902993,66.74,62.18
Somaliland,2012,100,Africa,-99,Africa,Eastern Africa,64554989,,16430837614,0.39,
South Africa,2012,100,Africa,23424942,Africa,Southern Africa,0,,575167744180,0.0,
South Georgia and the Islands,2012,100,Seven seas (open ocean),23424955,Seven seas (open ocean),Seven seas (open ocean),0,,0,,
South Sudan,2012,100,Africa,-99,Africa,Eastern Africa,6057400,,13279861127,0.05,
Spain,2012,100,Europe,23424950,Europe,Southern Europe,263383733418,13279828036.0,1196336345066,22.02,1.11
Sudan,2012,100,Africa,-90,Africa,Northern Africa,2519406678,,119123261127,2.11,
Syria,2012,100,Asia,23424956,Asia,Western Asia,189619092,,86862140115,0.22,
Taiwan,2012,100,Asia,23424971,Asia,Eastern Asia,302651638914,,531962940711,56.89,
Tanzania,2012,100,Africa,23424973,Africa,Eastern Africa,7873222106,2832514984.0,90515468514,8.7,3.13
Timor-Leste,2012,100,Asia,23424968,Asia,South-Eastern Asia,45770567,45770567.0,2101647308,2.18,2.18
Tonga,2012,100,Oceania,23424964,Oceania,Polynesia,394545771,394545771.0,394545771,100.0,100.0
Tunisia,2012,100,Africa,23424967,Africa,Northern Africa,271270485,,93160167933,0.29,
Turkey,2012,100,Asia,23424969,Asia,Western Asia,52751035496,1257892113.0,1056411235737,4.99,0.12
Uganda,2012,100,Africa,23424974,Africa,Eastern Africa,6386153244,935787224.0,43185394929,14.79,2.17
United States,2012,100,North America,23424977,Americas,Northern America,349025002209,88333900991.0,13842892289775,2.52,0.64
Vanuatu,2012,100,Oceania,23424907,Oceania,Melanesia,496691979,334220787.0,528270953,94.02,63.27
Vatican,2012,100,Europe,23424986,Europe,Southern Europe,389325024,,389325024,100.0,
Vietnam,2012,100,Asia,23424984,Asia,South-Eastern Asia,2699610279,,373627826666,0.72,
Yemen,2012,100,Asia,23425002,Asia,Western Asia,64918254577,58826364343.0,82640294892,78.56,71.18
Zambia,2012,100,Africa,23425003,Africa,Eastern Africa,27529809,8370420.0,44599274371,0.06,0.02
Algeria,2013,100,Africa,23424740,Africa,Northern Africa,1861323372,,450619265943,0.41,
American Samoa,2013,100,Oceania,23424746,Oceania,Polynesia,653133667,,653133667,100.0,
Andorra,2013,100,Europe,23424744,Europe,Southern Europe,4096112543,,4096380971,99.99,
Anguilla,2013,100,North America,23424751,Americas,Caribbean,208613946,197421930.0,208613946,100.0,94.64
Antarctica,2013,100,Antarctica,28289409,Antarctica,Antarctica,0,0.0,0,,
Antigua and Barbuda,2013,100,North America,23424737,Americas,Caribbean,1518338253,1514198621.0,1518846167,99.97,99.69
Argentina,2013,100,South America,23424747,Americas,South America,3535471725,1098548011.0,718160665589,0.49,0.15
Armenia,2013,100,Asia,23424743,Asia,Western Asia,22762570265,21200761472.0,22771002900,99.96,93.1
Australia,2013,100,Oceania,-90,Oceania,Australia and New Zealand,896857411,,830115703630,0.11,
Azerbaijan,2013,100,Asia,23424741,Asia,Western Asia,11911093167,272995523.0,129965261958,9.16,0.21
Belgium,2013,100,Europe,23424757,Europe,Western Europe,5507818414,,388341847759,1.42,
Bolivia,2013,100,South America,23424762,Americas,South America,36867587,,55692118618,0.07,
Cameroon,2013,100,Africa,23424785,Africa,Middle Africa,16562716782,15813355497.0,57167879882,28.97,27.66
Canada,2013,100,North America,23424775,Americas,Northern America,79329491657,91371275.0,1338602597655,5.93,0.01
Chad,2013,100,Africa,23424777,Africa,Middle Africa,28454044,,22784189236,0.12,
Chile,2013,100,South America,23424782,Americas,South America,233349238692,15197867990.0,286711037531,81.39,5.3
China,2013,100,Asia,23424781,Asia,Eastern Asia,108486412920,11003460504.0,14437383251778,0.75,0.08
Colombia,2013,100,South America,23424787,Americas,South America,92439777813,90607334272.0,510815875138,18.1,17.74
Comoros,2013,100,Africa,23424786,Africa,Eastern Africa,1302054919,1266215925.0,1367126215,95.24,92.62
Costa Rica,2013,100,North America,23424791,Americas,Central America,60004575165,59662634903.0,60050958806,99.92,99.35
Dem. Rep. Korea,2013,100,Asia,23424865,Asia,Eastern Asia,5910993075,1282341421.0,45459091817,13.0,2.82
Democratic Republic of the Congo,2013,100,Africa,23424780,Africa,Middle Africa,1753379283,988156147.0,46018636951,3.81,2.15
Djibouti,2013,100,Africa,23424797,Africa,Eastern Africa,2261553989,81067426.0,2264296348,99.88,3.58
Dominica,2013,100,North America,23424798,Americas,Caribbean,610570778,610570778.0,610570778,100.0,100.0
Ecuador,2013,100,South America,23424801,Americas,South America,67199824128,66562382232.0,140102817256,47.96,47.51
El Salvador,2013,100,North America,23424807,Americas,Central America,37544623350,37447334284.0,37544623350,100.0,99.74
Equatorial Guinea,2013,100,Africa,23424804,Africa,Middle Africa,15148562649,14906026784.0,26307535941,57.58,56.66
Eritrea,2013,100,Africa,23424806,Africa,Eastern Africa,1046296560,60725481.0,7280547565,14.37,0.83
Ethiopia,2013,100,Africa,23424808,Africa,Eastern Africa,61527725710,10687107667.0,109586598709,56.15,9.75
Fiji,2013,100,Oceania,23424813,Oceania,Melanesia,62817077,,6038115086,1.04,
France,2013,100,Europe,-90,Europe,Western Europe,72408454821,38471799632.0,2017620827761,3.59,1.91
French Polynesia,2013,100,Oceania,23424817,Oceania,Polynesia,7103722302,,7310246145,97.17,
French Southern and Antarctic Lands,2013,100,Seven seas (open ocean),28289406,Seven seas (open ocean),Seven seas (open ocean),0,,0,,
Georgia,2013,100,Asia,23424823,Asia,Western Asia,20934118091,,30591714518,68.43,
Germany,2013,100,Europe,23424829,Europe,Western Europe,297257196937,,2927650255215,10.15,
Greece,2013,100,Europe,23424833,Europe,Southern Europe,153872694290,47605543.0,211524172202,72.74,0.02
Grenada,2013,100,North America,23424826,Americas,Caribbean,953911960,953911960.0,953911960,100.0,100.0
Guam,2013,100,Oceania,23424832,Oceania,Micronesia,5730325518,,6307648120,90.85,
Guatemala,2013,100,North America,23424834,Americas,Central America,94519187392,93006588250.0,98957018380,95.52,93.99
Heard I. and McDonald Islands,2013,100,Seven seas (open ocean),28289411,Seven seas (open ocean),Seven seas (open ocean),0,,0,,
Honduras,2013,100,North America,23424841,Americas,Central America,26142681090,1329712437.0,31539864756,82.89,4.22
Iceland,2013,100,Europe,23424845,Europe,Northern Europe,11497510626,2568752580.0,11752907572,97.83,21.86
India,2013,100,Asia,23424848,Asia,Southern Asia,8011568,,5513651913063,0.0,
Indonesia,2013,100,Asia,23424846,Asia,South-Eastern Asia,1853333111134,1820824888365.0,2135815313410,86.77,85.25
Iran,2013,100,Asia,23424851,Asia,Southern Asia,412644546806,710960061.0,1093908763139,37.72,0.06
Italy,2013,100,Europe,23424853,Europe,Southern Europe,533682282564,291005891666.0,1622242485527,32.9,17.94
Japan,2013,100,Asia,23424856,Asia,Eastern Asia,2794780722961,2684071567836.0,4186018437018,66.76,64.12
Jordan,2013,100,Asia,23424860,Asia,Western Asia,40077170,,67388726765,0.06,
Kenya,2013,100,Africa,23424863,Africa,Eastern Africa,73055048172,48655813.0,90286313637,80.91,0.05
Luxembourg,2013,100,Europe,23424881,Europe,Western Europe,37215367424,,37926361151,98.13,
Malawi,2013,100,Africa,23424889,Africa,Eastern Africa,207790842,207790842.0,15208256216,1.37,1.37
Mexico,2013,100,North America,23424900,Americas,Central America,796440278650,658792800413.0,1589104356513,50.12,41.46
Mongolia,2013,100,Asia,23424887,Asia,Eastern Asia,455615849,,27587779248,1.65,
Montserrat,2013,100,North America,23424888,Americas,Caribbean,21354348,21354348.0,21354348,100.0,100.0
Myanmar,2013,100,Asia,23424763,Asia,South-Eastern Asia,9727552913,131526918.0,182192089870,5.34,0.07
Netherlands,2013,100,Europe,-90,Europe,Western Europe,1735382431,107078934.0,656185086879,0.26,0.02
New Zealand,2013,100,Oceania,23424916,Oceania,Australia and New Zealand,59691241401,6481032184.0,110494181744,54.02,5.87
Nicaragua,2013,100,North America,23424915,Americas,Central America,23043649923,22896771360.0,25009441662,92.14,91.55
Niger,2013,100,Africa,23424906,Africa,Western Africa,215404813,,19048625700,1.13,
Nigeria,2013,100,Africa,23424908,Africa,Western Africa,391250735,391250735.0,849940245623,0.05,0.05
Northern Mariana Islands,2013,100,Oceania,23424788,Oceania,Micronesia,957209324,0.0,957209324,100.0,0.0
Norway,2013,100,Europe,-90,Europe,Northern Europe,763812,,234927711942,0.0,
Panama,2013,100,North America,23424924,Americas,Central America,3251344298,,64923894951,5.01,
Papua New Guinea,2013,100,Oceania,23424926,Oceania,Melanesia,2585492401,2294571271.0,13897665808,18.6,16.51
Peru,2013,100,South America,23424919,Americas,South America,23846937940,14909532010.0,306371911188,7.78,4.87
Philippines,2013,100,Asia,23424934,Asia,South-Eastern Asia,511280149070,476260303200.0,542239781959,94.29,87.83
Portugal,2013,100,Europe,23424925,Europe,Southern Europe,3032097174,505938871.0,192221957050,1.58,0.26
Republic of Cabo Verde,2013,100,Africa,23424794,Africa,Western Africa,1218274475,1218274475.0,2331272959,52.26,52.26
Republic of Korea,2013,100,Asia,23424868,Asia,Eastern Asia,587170858593,,1574606682633,37.29,
Russian Federation,2013,100,Europe,23424936,Europe,Eastern Europe,41814837821,3135570403.0,2251693301456,1.86,0.14
Rwanda,2013,100,Africa,23424937,Africa,Eastern Africa,12273838918,4434285112.0,15125257930,81.15,29.32
Saint Helena,2013,100,Seven seas (open ocean),23424944,Africa,Western Africa,7265980,,38252028,19.0,
Saint Kitts and Nevis,2013,100,North America,23424940,Americas,Caribbean,910618148,910618148.0,910618148,100.0,100.0
Saint Lucia,2013,100,North America,23424951,Americas,Caribbean,1634937529,1634937529.0,1634937529,100.0,100.0
Saint Vincent and the Grenadines,2013,100,North America,23424981,Americas,Caribbean,593414648,593414648.0,593414648,100.0,100.0
Saint-Barthélemy,2013,100,North America,56042304,Americas,Caribbean,205071758,205071758.0,205071758,100.0,100.0
Saint-Martin,2013,100,North America,56042305,Americas,Caribbean,380922712,380922712.0,380922712,100.0,100.0
Samoa,2013,100,Oceania,23424992,Oceania,Polynesia,714897512,,714897512,100.0,
Saudi Arabia,2013,100,Asia,23424938,Asia,Western Asia,46731932875,,1504735643245,3.11,
Sint Maarten,2013,100,North America,-90,Americas,Caribbean,1119732452,1119732452.0,1119732452,100.0,100.0
Solomon Islands,2013,100,Oceania,23424766,Oceania,Melanesia,661858450,620414171.0,961480507,68.84,64.53
Somaliland,2013,100,Africa,-99,Africa,Eastern Africa,68611941,,16034401193,0.43,
South Africa,2013,100,Africa,23424942,Africa,Southern Africa,0,,588168764164,0.0,
South Georgia and the Islands,2013,100,Seven seas (open ocean),23424955,Seven seas (open ocean),Seven seas (open ocean),0,,0,,
South Sudan,2013,100,Africa,-99,Africa,Eastern Africa,11788765,,18532626430,0.06,
Spain,2013,100,Europe,23424950,Europe,Southern Europe,252648069555,13849118905.0,1173254540828,21.53,1.18
Sudan,2013,100,Africa,-90,Africa,Northern Africa,3491513223,,122661182628,2.85,
Syria,2013,100,Asia,23424956,Asia,Western Asia,146874185,,71524742859,0.21,
Taiwan,2013,100,Asia,23424971,Asia,Eastern Asia,307155782704,,533325542251,57.59,
Tanzania,2013,100,Africa,23424973,Africa,Eastern Africa,10081131458,3534572180.0,96295071537,10.47,3.67
Timor-Leste,2013,100,Asia,23424968,Asia,South-Eastern Asia,32883634,32883634.0,2217545723,1.48,1.48
Tonga,2013,100,Oceania,23424964,Oceania,Polynesia,394532477,394532477.0,394532477,100.0,100.0
Tunisia,2013,100,Africa,23424967,Africa,Northern Africa,326850593,,93981802670,0.35,
Turkey,2013,100,Asia,23424969,Asia,Western Asia,82560095868,1671471709.0,1151625223907,7.17,0.15
Uganda,2013,100,Africa,23424974,Africa,Eastern Africa,6725067638,966020221.0,44740032484,15.03,2.16
United States,2013,100,North America,23424977,Americas,Northern America,350928023154,86119628945.0,14098133203496,2.49,0.61
Vanuatu,2013,100,Oceania,23424907,Oceania,Melanesia,499230030,331950653.0,530829894,94.05,62.53
Vatican,2013,100,Europe,23424986,Europe,Southern Europe,371590218,,371590218,100.0,
Vietnam,2013,100,Asia,23424984,Asia,South-Eastern Asia,3299146929,,393293883952,0.84,
Yemen,2013,100,Asia,23425002,Asia,Western Asia,67369025365,58917780344.0,86158905686,78.19,68.38
Zambia,2013,100,Africa,23425003,Africa,Eastern Africa,62903594,8623573.0,46844425534,0.13,0.02
Algeria,2014,100,Africa,23424740,Africa,Northern Africa,1812583875,,467847923714,0.39,
American Samoa,2014,100,Oceania,23424746,Oceania,Polynesia,659366713,,659366713,100.0,
Andorra,2014,100,Europe,23424744,Europe,Southern Europe,4175762510,,4176105203,99.99,
Anguilla,2014,100,North America,23424751,Americas,Caribbean,247535349,234259319.0,247535349,100.0,94.64
Antarctica,2014,100,Antarctica,28289409,Antarctica,Antarctica,0,0.0,0,,
Antigua and Barbuda,2014,100,North America,23424737,Americas,Caribbean,1561991901,1557730192.0,1562563786,99.96,99.69
Argentina,2014,100,South America,23424747,Americas,South America,3383630650,917042853.0,699841499888,0.48,0.13
Armenia,2014,100,Asia,23424743,Asia,Western Asia,23580476776,22050143854.0,23590375429,99.96,93.47
Australia,2014,100,Oceania,-90,Oceania,Australia and New Zealand,956214395,,850867268273,0.11,
Azerbaijan,2014,100,Asia,23424741,Asia,Western Asia,13789583546,269479232.0,133575844575,10.32,0.2
Belgium,2014,100,Europe,23424757,Europe,Western Europe,4772464829,,394723508610,1.21,
Bolivia,2014,100,South America,23424762,Americas,South America,36543592,,58746649940,0.06,
Cameroon,2014,100,Africa,23424785,Africa,Middle Africa,18440198723,17742507962.0,60532497493,30.46,29.31
Canada,2014,100,North America,23424775,Americas,Northern America,93478443975,162810881.0,1375336647102,6.8,0.01
Chad,2014,100,Africa,23424777,Africa,Middle Africa,28394261,,24336254505,0.12,
Chile,2014,100,South America,23424782,Americas,South America,237715517032,15444729613.0,291853601321,81.45,5.29
China,2014,100,Asia,23424781,Asia,Eastern Asia,114038060818,11942622154.0,15512945599373,0.74,0.08
Colombia,2014,100,South America,23424787,Americas,South America,97704293421,95843485253.0,534233044001,18.29,17.94
Comoros,2014,100,Africa,23424786,Africa,Eastern Africa,1328599332,1293826198.0,1398354326,95.01,92.52
Costa Rica,2014,100,North America,23424791,Americas,Central America,62123330338,61754921555.0,62177811254,99.91,99.32
Dem. Rep. Korea,2014,100,Asia,23424865,Asia,Eastern Asia,6000690622,1311516741.0,45755250783,13.11,2.87
Democratic Republic of the Congo,2014,100,Africa,23424780,Africa,Middle Africa,1861754235,1018231438.0,50365735978,3.7,2.02
Djibouti,2014,100,Africa,23424797,Africa,Eastern Africa,2399668037,85599849.0,2402627716,99.88,3.56
Dominica,2014,100,North America,23424798,Americas,Caribbean,637614821,637614821.0,637614821,100.0,100.0
Ecuador,2014,100,South America,23424801,Americas,South America,66942918892,66094673165.0,145185816976,46.11,45.52
El Salvador,2014,100,North America,23424807,Americas,Central America,38165372923,38073292585.0,38165372923,100.0,99.76
Equatorial Guinea,2014,100,Africa,23424804,Africa,Middle Africa,15085606260,14841552321.0,26410938952,57.12,56.19
Eritrea,2014,100,Africa,23424806,Africa,Eastern Africa,1109064714,64202307.0,7346628911,15.1,0.87
Ethiopia,2014,100,Africa,23424808,Africa,Eastern Africa,68891194978,11572205684.0,120806828109,57.03,9.58
Fiji,2014,100,Oceania,23424813,Oceania,Melanesia,67080828,,6418516931,1.05,
France,2014,100,Europe,-90,Europe,Western Europe,76514547867,38191648185.0,2036364852856,3.76,1.88
French Polynesia,2014,100,Oceania,23424817,Oceania,Polynesia,7323908716,,7544980424,97.07,
French Southern and Antarctic Lands,2014,100,Seven seas (open ocean),28289406,Seven seas (open ocean),Seven seas (open ocean),0,,0,,
Georgia,2014,100,Asia,23424823,Asia,Western Asia,20662335101,,31792586001,64.99,
Germany,2014,100,Europe,23424829,Europe,Western Europe,244035262808,,2990082167263,8.16,
Greece,2014,100,Europe,23424833,Europe,Southern Europe,158391607588,54324483.0,213454793472,74.2,0.03
Grenada,2014,100,North America,23424826,Americas,Caribbean,1020224410,1020224410.0,1020224410,100.0,100.0
Guam,2014,100,Oceania,23424832,Oceania,Micronesia,5858154342,,6417454014,91.28,
Guatemala,2014,100,North America,23424834,Americas,Central America,99036907511,97516292506.0,103712383780,95.49,94.03
Heard I. and McDonald Islands,2014,100,Seven seas (open ocean),28289411,Seven seas (open ocean),Seven seas (open ocean),0,,0,,
Honduras,2014,100,North America,23424841,Americas,Central America,27235836830,1323704020.0,32521571585,83.75,4.07
Iceland,2014,100,Europe,23424845,Europe,Northern Europe,12405675425,1051702851.0,12493464461,99.3,8.42
India,2014,100,Asia,23424848,Asia,Southern Asia,6974315,,5917960948890,0.0,
Indonesia,2014,100,Asia,23424846,Asia,South-Eastern Asia,1898408707083,1866111737315.0,2241355484784,84.7,83.26
Iran,2014,100,Asia,23424851,Asia,Southern Asia,447065869523,637431206.0,1145137516839,39.04,0.06
Italy,2014,100,Europe,23424853,Europe,Southern Europe,532115861800,288918954026.0,1613924950392,32.97,17.9
Japan,2014,100,Asia,23424856,Asia,Eastern Asia,2824452736686,2717283356274.0,4202497820042,67.21,64.66
Jordan,2014,100,Asia,23424860,Asia,Western Asia,43134009,,69660980765,0.06,
Kenya,2014,100,Africa,23424863,Africa,Eastern Africa,78589989527,46981708.0,95188438361,82.56,0.05
Luxembourg,2014,100,Europe,23424881,Europe,Western Europe,38801353281,,39513774911,98.2,
Malawi,2014,100,Africa,23424889,Africa,Eastern Africa,226383206,226383206.0,16073517269,1.41,1.41
Mexico,2014,100,North America,23424900,Americas,Central America,822972136878,682672593641.0,1634986865139,50.34,41.75
Mongolia,2014,100,Asia,23424887,Asia,Eastern Asia,413172718,,29759155364,1.39,
Montserrat,2014,100,North America,23424888,Americas,Caribbean,23680247,23680247.0,23680247,100.0,100.0
Myanmar,2014,100,Asia,23424763,Asia,South-Eastern Asia,9309568834,125406999.0,196630939875,4.73,0.06
Netherlands,2014,100,Europe,-90,Europe,Western Europe,1648834943,143167649.0,665928031922,0.25,0.02
New Zealand,2014,100,Oceania,23424916,Oceania,Australia and New Zealand,62641793118,6517033689.0,114304432013,54.8,5.7
Nicaragua,2014,100,North America,23424915,Americas,Central America,24265030579,24117270261.0,26204534794,92.6,92.03
Niger,2014,100,Africa,23424906,Africa,Western Africa,230278201,,20305880118,1.13,
Nigeria,2014,100,Africa,23424908,Africa,Western Africa,383076613,383076613.0,903356040070,0.04,0.04
Northern Mariana Islands,2014,100,Oceania,23424788,Oceania,Micronesia,992913827,0.0,992913827,100.0,0.0
Norway,2014,100,Europe,-90,Europe,Northern Europe,736299,,239851746400,0.0,
Panama,2014,100,North America,23424924,Americas,Central America,3572626479,,68267398816,5.23,
Papua New Guinea,2014,100,Oceania,23424926,Oceania,Melanesia,2733608197,2428580863.0,15755878517,17.35,15.41
Peru,2014,100,South America,23424919,Americas,South America,29040795247,17723104177.0,313638671752,9.26,5.65
Philippines,2014,100,Asia,23424934,Asia,South-Eastern Asia,545074636944,509950912637.0,576169758093,94.6,88.51
Portugal,2014,100,Europe,23424925,Europe,Southern Europe,3309661688,629900335.0,194176744917,1.7,0.32
Republic of Cabo Verde,2014,100,Africa,23424794,Africa,Western Africa,1158786017,1158786017.0,2351082612,49.29,49.29
Republic of Korea,2014,100,Asia,23424868,Asia,Eastern Asia,597152269239,,1624260444571,36.76,
Russian Federation,2014,100,Europe,23424936,Europe,Eastern Europe,26960093637,2203488011.0,2267579503281,1.19,0.1
Rwanda,2014,100,Africa,23424937,Africa,Eastern Africa,13064913853,4635182751.0,16034848274,81.48,28.91
Saint Helena,2014,100,Seven seas (open ocean),23424944,Africa,Western Africa,9292703,,46180854,20.12,
Saint Kitts and Nevis,2014,100,North America,23424940,Americas,Caribbean,975714593,975714593.0,975714593,100.0,100.0
Saint Lucia,2014,100,North America,23424951,Americas,Caribbean,1671505988,1671505988.0,1671505988,100.0,100.0
Saint Vincent and the Grenadines,2014,100,North America,23424981,Americas,Caribbean,592932503,592932503.0,592932503,100.0,100.0
Saint-Barthélemy,2014,100,North America,56042304,Americas,Caribbean,210556596,210556596.0,210556596,100.0,100.0
Saint-Martin,2014,100,North America,56042305,Americas,Caribbean,394544145,394544145.0,394544145,100.0,100.0
Samoa,2014,100,Oceania,23424992,Oceania,Polynesia,725741910,,725741910,100.0,
Saudi Arabia,2014,100,Asia,23424938,Asia,Western Asia,49020011370,,1560377283927,3.14,
Sint Maarten,2014,100,North America,-90,Americas,Caribbean,1125727726,1125727726.0,1125727726,100.0,100.0
Solomon Islands,2014,100,Oceania,23424766,Oceania,Melanesia,656460052,614346448.0,962458885,68.21,63.83
Somaliland,2014,100,Africa,-99,Africa,Eastern Africa,67932373,,16013093059,0.42,
South Africa,2014,100,Africa,23424942,Africa,Southern Africa,0,,599143619117,0.0,
South Georgia and the Islands,2014,100,Seven seas (open ocean),23424955,Seven seas (open ocean),Seven seas (open ocean),0,,0,,
South Sudan,2014,100,Africa,-99,Africa,Eastern Africa,14570538,,19695308101,0.07,
Spain,2014,100,Europe,23424950,Europe,Southern Europe,259796082046,15106489054.0,1188489738661,21.86,1.27
Sudan,2014,100,Africa,-90,Africa,Northern Africa,3601297245,,131474044707,2.74,
Syria,2014,100,Asia,23424956,Asia,Western Asia,148521806,,64235373272,0.23,
Taiwan,2014,100,Asia,23424971,Asia,Eastern Asia,304507324414,,534725967375,56.95,
Tanzania,2014,100,Africa,23424973,Africa,Eastern Africa,10258858216,3611315738.0,102807093937,9.98,3.51
Timor-Leste,2014,100,Asia,23424968,Asia,South-Eastern Asia,29770431,29770431.0,2310553301,1.29,1.29
Tonga,2014,100,Oceania,23424964,Oceania,Polynesia,397554031,397554031.0,397554031,100.0,100.0
Tunisia,2014,100,Africa,23424967,Africa,Northern Africa,303548435,,96887443824,0.31,
Turkey,2014,100,Asia,23424969,Asia,Western Asia,84059577039,1457183253.0,1212674431220,6.93,0.12
Uganda,2014,100,Africa,23424974,Africa,Eastern Africa,7138167733,1006683946.0,47026161095,15.18,2.14
United States,2014,100,North America,23424977,Americas,Northern America,362949539466,87438914806.0,14450921943280,2.51,0.61
Vanuatu,2014,100,Oceania,23424907,Oceania,Melanesia,519068807,339208918.0,550452067,94.3,61.62
Vatican,2014,100,Europe,23424986,Europe,Southern Europe,382638014,,382638014,100.0,
Vietnam,2014,100,Asia,23424984,Asia,South-Eastern Asia,3032722828,,416932303411,0.73,
Yemen,2014,100,Asia,23425002,Asia,Western Asia,65067566061,56535724411.0,85178012722,76.39,66.37
Zambia,2014,100,Africa,23425003,Africa,Eastern Africa,80435741,9690780.0,49027389223,0.16,0.02
Algeria,2015,100,Africa,23424740,Africa,Northern Africa,1470990639,,485376309272,0.3,
American Samoa,2015,100,Oceania,23424746,Oceania,Polynesia,667730997,,667730997,100.0,
Andorra,2015,100,Europe,23424744,Europe,Southern Europe,4205376614,,4205772759,99.99,
Anguilla,2015,100,North America,23424751,Americas,Caribbean,251178145,237762651.0,251178145,100.0,94.66
Antarctica,2015,100,Antarctica,28289409,Antarctica,Antarctica,0,0.0,0,,
Antigua and Barbuda,2015,100,North America,23424737,Americas,Caribbean,1613441493,1609516293.0,1614072702,99.96,99.72
Argentina,2015,100,South America,23424747,Americas,South America,3934397717,1209664767.0,718520562358,0.55,0.17
Armenia,2015,100,Asia,23424743,Asia,Western Asia,24340704850,22767016766.0,24350713982,99.96,93.5
Australia,2015,100,Oceania,-90,Oceania,Australia and New Zealand,936351488,,869317174502,0.11,
Azerbaijan,2015,100,Asia,23424741,Asia,Western Asia,14997545695,267332116.0,135044346173,11.11,0.2
Belgium,2015,100,Europe,23424757,Europe,Western Europe,5598733416,,402775039735,1.39,
Bolivia,2015,100,South America,23424762,Americas,South America,33676195,,61588954801,0.05,
Cameroon,2015,100,Africa,23424785,Africa,Middle Africa,18046718823,17392269639.0,63985098334,28.2,27.18
Canada,2015,100,North America,23424775,Americas,Northern America,65875471014,92799990.0,1391358254246,4.73,0.01
Chad,2015,100,Africa,23424777,Africa,Middle Africa,31592670,,24996527614,0.13,
Chile,2015,100,South America,23424782,Americas,South America,245976120438,15462640673.0,298667366911,82.36,5.18
China,2015,100,Asia,23424781,Asia,Eastern Asia,120275177003,12827526955.0,16610887604695,0.72,0.08
Colombia,2015,100,South America,23424787,Americas,South America,100970980262,98809678768.0,550391717743,18.35,17.95
Comoros,2015,100,Africa,23424786,Africa,Eastern Africa,1339211993,1302848362.0,1412878663,94.79,92.21
Costa Rica,2015,100,North America,23424791,Americas,Central America,64384404042,63953595163.0,64441379189,99.91,99.24
Dem. Rep. Korea,2015,100,Asia,23424865,Asia,Eastern Asia,6055845525,1316464202.0,45460202282,13.32,2.9
Democratic Republic of the Congo,2015,100,Africa,23424780,Africa,Middle Africa,2063351117,1160267265.0,53833166113,3.83,2.16
Djibouti,2015,100,Africa,23424797,Africa,Eastern Africa,2593969302,87094539.0,2597139037,99.88,3.35
Dominica,2015,100,North America,23424798,Americas,Caribbean,621862080,621862080.0,621862080,100.0,100.0
Ecuador,2015,100,South America,23424801,Americas,South America,68997946087,68297844037.0,145418849367,47.45,46.97
El Salvador,2015,100,North America,23424807,Americas,Central America,39078861773,38992208533.0,39078861773,100.0,99.78
Equatorial Guinea,2015,100,Africa,23424804,Africa,Middle Africa,12735273518,12490060556.0,24503038282,51.97,50.97
Eritrea,2015,100,Africa,23424806,Africa,Eastern Africa,1187377942,66298983.0,7412100593,16.02,0.89
Ethiopia,2015,100,Africa,23424808,Africa,Eastern Africa,75882641501,12993566583.0,133333673480,56.91,9.75
Fiji,2015,100,Oceania,23424813,Oceania,Melanesia,65594841,,6781053095,0.97,
France,2015,100,Europe,-90,Europe,Western Europe,76301210452,38289808253.0,2059383991879,3.71,1.86
French Polynesia,2015,100,Oceania,23424817,Oceania,Polynesia,7467630981,,7725609940,96.66,
French Southern and Antarctic Lands,2015,100,Seven seas (open ocean),28289406,Seven seas (open ocean),Seven seas (open ocean),0,,0,,
Georgia,2015,100,Asia,23424823,Asia,Western Asia,21366355192,,32580406898,65.58,
Germany,2015,100,Europe,23424829,Europe,Western Europe,260923729680,,3022775049562,8.63,
Greece,2015,100,Europe,23424833,Europe,Southern Europe,156741548596,53777774.0,213088822198,73.56,0.03
Grenada,2015,100,North America,23424826,Americas,Caribbean,1082096479,1082096479.0,1082096479,100.0,100.0
Guam,2015,100,Oceania,23424832,Oceania,Micronesia,6119656329,,6471689021,94.56,
Guatemala,2015,100,North America,23424834,Americas,Central America,103473683785,101827874086.0,108327138844,95.52,94.0
Heard I. and McDonald Islands,2015,100,Seven seas (open ocean),28289411,Seven seas (open ocean),Seven seas (open ocean),0,,0,,
Honduras,2015,100,North America,23424841,Americas,Central America,28230764573,1451818579.0,33785141984,83.56,4.3
Iceland,2015,100,Europe,23424845,Europe,Northern Europe,12042420181,2722078072.0,12305787157,97.86,22.12
India,2015,100,Asia,23424848,Asia,Southern Asia,5223904,,6396079929961,0.0,
Indonesia,2015,100,Asia,23424846,Asia,South-Eastern Asia,2013099363946,1978760722592.0,2355116780886,85.48,84.02
Iran,2015,100,Asia,23424851,Asia,Southern Asia,432268276211,579091573.0,1130160929660,38.25,0.05
Italy,2015,100,Europe,23424853,Europe,Southern Europe,543150827213,294180745751.0,1632176181828,33.28,18.02
Japan,2015,100,Asia,23424856,Asia,Eastern Asia,2836574473521,2727255044478.0,4250152725604,66.74,64.17
Jordan,2015,100,Asia,23424860,Asia,Western Asia,43457299,,71403794168,0.06,
Kenya,2015,100,Africa,23424863,Africa,Eastern Africa,84120614493,48989409.0,100661919626,83.57,0.05
Luxembourg,2015,100,Europe,23424881,Europe,Western Europe,40355019220,,41106926002,98.17,
Malawi,2015,100,Africa,23424889,Africa,Eastern Africa,227910323,227910323.0,16532460830,1.38,1.38
Mexico,2015,100,North America,23424900,Americas,Central America,881581293141,740062529928.0,1688687147556,52.21,43.82
Mongolia,2015,100,Asia,23424887,Asia,Eastern Asia,379103637,,30468440607,1.24,
Montserrat,2015,100,North America,23424888,Americas,Caribbean,25363862,25363862.0,25363862,100.0,100.0
Myanmar,2015,100,Asia,23424763,Asia,South-Eastern Asia,9620027930,130558364.0,210228093974,4.58,0.06
Netherlands,2015,100,Europe,-90,Europe,Western Europe,1780606548,142279120.0,677482502348,0.26,0.02
New Zealand,2015,100,Oceania,23424916,Oceania,Australia and New Zealand,62547625284,6603606757.0,117997139114,53.01,5.6
Nicaragua,2015,100,North America,23424915,Americas,Central America,25439021592,25296320723.0,27461849887,92.63,92.11
Niger,2015,100,Africa,23424906,Africa,Western Africa,243529479,,21177735066,1.15,
Nigeria,2015,100,Africa,23424908,Africa,Western Africa,384822521,384822521.0,925677073427,0.04,0.04
Northern Mariana Islands,2015,100,Oceania,23424788,Oceania,Micronesia,1026004184,0.0,1026004184,100.0,0.0
Norway,2015,100,Europe,-90,Europe,Northern Europe,852001,,237864450613,0.0,
Panama,2015,100,North America,23424924,Americas,Central America,3746020849,,72108358397,5.19,
Papua New Guinea,2015,100,Oceania,23424926,Oceania,Melanesia,2844412686,2528138985.0,16809052992,16.92,15.04
Peru,2015,100,South America,23424919,Americas,South America,29368821684,18508929482.0,323764300132,9.07,5.72
Philippines,2015,100,Asia,23424934,Asia,South-Eastern Asia,580711169222,543990882888.0,612618169412,94.79,88.8
Portugal,2015,100,Europe,23424925,Europe,Southern Europe,3323533368,651031945.0,198891643947,1.67,0.33
Republic of Cabo Verde,2015,100,Africa,23424794,Africa,Western Africa,1169995365,1169995365.0,2359369799,49.59,49.59
Republic of Korea,2015,100,Asia,23424868,Asia,Eastern Asia,596035553906,,1667476985557,35.74,
Russian Federation,2015,100,Europe,23424936,Europe,Eastern Europe,44436005495,2072213920.0,2223010594915,2.0,0.09
Rwanda,2015,100,Africa,23424937,Africa,Eastern Africa,14019391267,5101591191.0,17433760146,80.42,29.26
Saint Helena,2015,100,Seven seas (open ocean),23424944,Africa,Western Africa,10412010,,47629625,21.86,
Saint Kitts and Nevis,2015,100,North America,23424940,Americas,Caribbean,980189960,980189960.0,980189960,100.0,100.0
Saint Lucia,2015,100,North America,23424951,Americas,Caribbean,1657894524,1657894524.0,1657894524,100.0,100.0
Saint Vincent and the Grenadines,2015,100,North America,23424981,Americas,Caribbean,572630079,572630079.0,572630079,100.0,100.0
Saint-Barthélemy,2015,100,North America,56042304,Americas,Caribbean,215564026,215564026.0,215564026,100.0,100.0
Saint-Martin,2015,100,North America,56042305,Americas,Caribbean,390697065,390697065.0,390697065,100.0,100.0
Samoa,2015,100,Oceania,23424992,Oceania,Polynesia,749094183,,749094183,100.0,
Saudi Arabia,2015,100,Asia,23424938,Asia,Western Asia,52179822657,,1626095305505,3.21,
Sint Maarten,2015,100,North America,-90,Americas,Caribbean,1133132614,1133132614.0,1133132614,100.0,100.0
Solomon Islands,2015,100,Oceania,23424766,Oceania,Melanesia,696534341,656304948.0,987774072,70.52,66.44
Somaliland,2015,100,Africa,-99,Africa,Eastern Africa,70963545,,16461674147,0.43,
South Africa,2015,100,Africa,23424942,Africa,Southern Africa,0,,606302459213,0.0,
South Georgia and the Islands,2015,100,Seven seas (open ocean),23424955,Seven seas (open ocean),Seven seas (open ocean),0,,0,,
South Sudan,2015,100,Africa,-99,Africa,Eastern Africa,14959188,,19631687178,0.08,
Spain,2015,100,Europe,23424950,Europe,Southern Europe,280124880614,16189973520.0,1230889663335,22.76,1.32
Sudan,2015,100,Africa,-90,Africa,Northern Africa,3510027634,,137634324080,2.55,
Syria,2015,100,Asia,23424956,Asia,Western Asia,177303443,,59835167880,0.3,
Taiwan,2015,100,Asia,23424971,Asia,Eastern Asia,298363149930,,536277571544,55.64,
Tanzania,2015,100,Africa,23424973,Africa,Eastern Africa,10573038697,3723063177.0,109188317001,9.68,3.41
Timor-Leste,2015,100,Asia,23424968,Asia,South-Eastern Asia,30874956,30874956.0,2368266431,1.3,1.3
Tonga,2015,100,Oceania,23424964,Oceania,Polynesia,402653108,402653108.0,402653108,100.0,100.0
Tunisia,2015,100,Africa,23424967,Africa,Northern Africa,295908829,,98072705838,0.3,
Turkey,2015,100,Asia,23424969,Asia,Western Asia,93744007471,2181814313.0,1285404415727,7.29,0.17
Uganda,2015,100,Africa,23424974,Africa,Eastern Africa,7419129068,1041766399.0,49466380941,15.0,2.11
United States,2015,100,North America,23424977,Americas,Northern America,353702212852,83476025811.0,14882181772999,2.38,0.56
Vanuatu,2015,100,Oceania,23424907,Oceania,Melanesia,524199776,335907475.0,554766224,94.49,60.55
Vatican,2015,100,Europe,23424986,Europe,Southern Europe,398024401,,398024401,100.0,
Vietnam,2015,100,Asia,23424984,Asia,South-Eastern Asia,3172412456,,444789280162,0.71,
Yemen,2015,100,Asia,23425002,Asia,Western Asia,39601489777,23455676712.0,70079821182,56.51,33.47
Zambia,2015,100,Africa,23425003,Africa,Eastern Africa,95767194,9789173.0,50431430112,0.19,0.02
Algeria,2016,100,Africa,23424740,Africa,Northern Africa,1629620712,,500915600940,0.33,
American Samoa,2016,100,Oceania,23424746,Oceania,Polynesia,651817546,,651817546,100.0,
Andorra,2016,100,Europe,23424744,Europe,Southern Europe,4276021998,,4276483667,99.99,
Anguilla,2016,100,North America,23424751,Americas,Caribbean,254251505,240782590.0,254251505,100.0,94.7
Antarctica,2016,100,Antarctica,28289409,Antarctica,Antarctica,0,0.0,0,,
Antigua and Barbuda,2016,100,North America,23424737,Americas,Caribbean,1710217245,1705648032.0,1710917448,99.96,99.69
Argentina,2016,100,South America,23424747,Americas,South America,3814412163,1160809709.0,703138083426,0.54,0.17
Armenia,2016,100,Asia,23424743,Asia,Western Asia,24394095795,22874545400.0,24403584787,99.96,93.73
Australia,2016,100,Oceania,-90,Oceania,Australia and New Zealand,959255253,,891938259039,0.11,
Azerbaijan,2016,100,Asia,23424741,Asia,Western Asia,16369375131,311307354.0,130921553167,12.5,0.24
Belgium,2016,100,Europe,23424757,Europe,Western Europe,5508210773,,408249963604,1.35,
Bolivia,2016,100,South America,23424762,Americas,South America,35106082,,64243065389,0.05,
Cameroon,2016,100,Africa,23424785,Africa,Middle Africa,18363116503,17702234468.0,66879371197,27.46,26.47
Canada,2016,100,North America,23424775,Americas,Northern America,90333042440,135335928.0,1402153811134,6.44,0.01
Chad,2016,100,Africa,23424777,Africa,Middle Africa,31841276,,23457811730,0.14,
Chile,2016,100,South America,23424782,Americas,South America,247285170551,16587220689.0,303704008335,81.42,5.46
China,2016,100,Asia,23424781,Asia,Eastern Asia,125023051732,13670656755.0,17738724306240,0.7,0.08
Colombia,2016,100,South America,23424787,Americas,South America,101301022323,99311860590.0,561531268028,18.04,17.69
Comoros,2016,100,Africa,23424786,Africa,Eastern Africa,1381915595,1343813886.0,1455714174,94.93,92.31
Costa Rica,2016,100,North America,23424791,Americas,Central America,67101486178,66702401195.0,67156449140,99.92,99.32
Dem. Rep. Korea,2016,100,Asia,23424865,Asia,Eastern Asia,6065198205,1339988088.0,46048087574,13.17,2.91
Democratic Republic of the Congo,2016,100,Africa,23424780,Africa,Middle Africa,2320983188,1381705135.0,55144088609,4.21,2.51
Djibouti,2016,100,Africa,23424797,Africa,Eastern Africa,2949830625,89060025.0,2953329335,99.88,3.02
Dominica,2016,100,North America,23424798,Americas,Caribbean,636058954,636058954.0,636058954,100.0,100.0
Ecuador,2016,100,South America,23424801,Americas,South America,64309343719,63467371599.0,143645338150,44.77,44.18
El Salvador,2016,100,North America,23424807,Americas,Central America,40087408101,39991295384.0,40087408101,100.0,99.76
Equatorial Guinea,2016,100,Africa,23424804,Africa,Middle Africa,12391406343,12221280732.0,21094943498,58.74,57.93
Eritrea,2016,100,Africa,23424806,Africa,Eastern Africa,1191123865,64104510.0,7485891194,15.91,0.86
Ethiopia,2016,100,Africa,23424808,Africa,Eastern Africa,81361649930,14240332871.0,145884693361,55.77,9.76
Fiji,2016,100,Oceania,23424813,Oceania,Melanesia,60093070,,6953327097,0.86,
France,2016,100,Europe,-90,Europe,Western Europe,74767356840,38358535184.0,2084426454014,3.59,1.84
French Polynesia,2016,100,Oceania,23424817,Oceania,Polynesia,7690722546,,7956277565,96.66,
French Southern and Antarctic Lands,2016,100,Seven seas (open ocean),28289406,Seven seas (open ocean),Seven seas (open ocean),0,,0,,
Georgia,2016,100,Asia,23424823,Asia,Western Asia,22555380440,,33230285073,67.88,
Germany,2016,100,Europe,23424829,Europe,Western Europe,268040558703,,3079421129288,8.7,
Greece,2016,100,Europe,23424833,Europe,Southern Europe,154447213911,56920451.0,211955537695,72.87,0.03
Grenada,2016,100,North America,23424826,Americas,Caribbean,1121299664,1121299664.0,1121299664,100.0,100.0
Guam,2016,100,Oceania,23424832,Oceania,Micronesia,6149931206,,6493993124,94.7,
Guatemala,2016,100,North America,23424834,Americas,Central America,106544908663,104839349310.0,111631448421,95.44,93.92
Heard I. and McDonald Islands,2016,100,Seven seas (open ocean),28289411,Seven seas (open ocean),Seven seas (open ocean),0,,0,,
Honduras,2016,100,North America,23424841,Americas,Central America,29210936712,1519536261.0,35084335465,83.26,4.33
Iceland,2016,100,Europe,23424845,Europe,Northern Europe,13451125253,553143297.0,13497216058,99.66,4.1
India,2016,100,Asia,23424848,Asia,Southern Asia,3955878,,6922031448921,0.0,
Indonesia,2016,100,Asia,23424846,Asia,South-Eastern Asia,2112835092024,2077173807223.0,2473623601239,85.41,83.97
Iran,2016,100,Asia,23424851,Asia,Southern Asia,504310089620,682966755.0,1282885644149,39.31,0.05
Italy,2016,100,Europe,23424853,Europe,Southern Europe,543050843256,295406162772.0,1657908109660,32.76,17.82
Japan,2016,100,Asia,23424856,Asia,Eastern Asia,2823208556660,2707319357848.0,4270390834959,66.11,63.4
Jordan,2016,100,Asia,23424860,Asia,Western Asia,43993185,,72837326046,0.06,
Kenya,2016,100,Africa,23424863,Africa,Eastern Africa,88080824549,52492669.0,106450145673,82.74,0.05
Luxembourg,2016,100,Europe,23424881,Europe,Western Europe,42211435432,,43053428744,98.04,
Malawi,2016,100,Africa,23424889,Africa,Eastern Africa,243357974,243357974.0,16941870575,1.44,1.44
Mexico,2016,100,North America,23424900,Americas,Central America,898129462949,752444115407.0,1734686880247,51.77,43.38
Mongolia,2016,100,Asia,23424887,Asia,Eastern Asia,350488166,,30822390301,1.14,
Montserrat,2016,100,North America,23424888,Americas,Caribbean,25944551,25944551.0,25944551,100.0,100.0
Myanmar,2016,100,Asia,23424763,Asia,South-Eastern Asia,9813307610,136432417.0,222270188181,4.42,0.06
Netherlands,2016,100,Europe,-90,Europe,Western Europe,1801558669,126214575.0,689837281886,0.26,0.02
New Zealand,2016,100,Oceania,23424916,Oceania,Australia and New Zealand,65091852981,6545621545.0,120814633132,53.88,5.42
Nicaragua,2016,100,North America,23424915,Americas,Central America,26591378860,26456521197.0,28726253328,92.57,92.1
Niger,2016,100,Africa,23424906,Africa,Western Africa,240456920,,22391604142,1.07,
Nigeria,2016,100,Africa,23424908,Africa,Western Africa,414650086,414650086.0,909383878657,0.05,0.05
Northern Mariana Islands,2016,100,Oceania,23424788,Oceania,Micronesia,1291115693,0.0,1291115693,100.0,0.0
Norway,2016,100,Europe,-90,Europe,Northern Europe,818462,,248813911220,0.0,
Panama,2016,100,North America,23424924,Americas,Central America,3796151238,,75601280478,5.02,
Papua New Guinea,2016,100,Oceania,23424926,Oceania,Melanesia,2990415536,2659695985.0,17724634965,16.87,15.01
Peru,2016,100,South America,23424919,Americas,South America,22816059468,13616889988.0,336613635210,6.78,4.05
Philippines,2016,100,Asia,23424934,Asia,South-Eastern Asia,623809844851,583792564095.0,657224229315,94.92,88.83
Portugal,2016,100,Europe,23424925,Europe,Southern Europe,3121265541,612413543.0,202343230578,1.54,0.3
Republic of Cabo Verde,2016,100,Africa,23424794,Africa,Western Africa,1142437157,1142437157.0,2465990629,46.33,46.33
Republic of Korea,2016,100,Asia,23424868,Asia,Eastern Asia,611524017569,,1716599150706,35.62,
Russian Federation,2016,100,Europe,23424936,Europe,Eastern Europe,33802423588,2470953232.0,2227555934989,1.52,0.11
Rwanda,2016,100,Africa,23424937,Africa,Eastern Africa,14878162945,5276245986.0,18477535076,80.52,28.55
Saint Helena,2016,100,Seven seas (open ocean),23424944,Africa,Western Africa,9898574,,47895491,20.67,
Saint Kitts and Nevis,2016,100,North America,23424940,Americas,Caribbean,1007114942,1007114942.0,1007114942,100.0,100.0
Saint Lucia,2016,100,North America,23424951,Americas,Caribbean,1706026489,1706026489.0,1706026489,100.0,100.0
Saint Vincent and the Grenadines,2016,100,North America,23424981,Americas,Caribbean,607986627,607986627.0,607986627,100.0,100.0
Saint-Barthélemy,2016,100,North America,56042304,Americas,Caribbean,217282649,217282649.0,217282649,100.0,100.0
Saint-Martin,2016,100,North America,56042305,Americas,Caribbean,396261462,396261462.0,396261462,100.0,100.0
Samoa,2016,100,Oceania,23424992,Oceania,Polynesia,816676326,,816676326,100.0,
Saudi Arabia,2016,100,Asia,23424938,Asia,Western Asia,53524311312,,1653147777294,3.24,
Sint Maarten,2016,100,North America,-90,Americas,Caribbean,1136521351,1136521351.0,1136521351,100.0,100.0
Solomon Islands,2016,100,Oceania,23424766,Oceania,Melanesia,801644418,765691455.0,1062692278,75.44,72.05
Somaliland,2016,100,Africa,-99,Africa,Eastern Africa,72668952,,17318243222,0.42,
South Africa,2016,100,Africa,23424942,Africa,Southern Africa,0,,608812141293,0.0,
South Georgia and the Islands,2016,100,Seven seas (open ocean),23424955,Seven seas (open ocean),Seven seas (open ocean),0,,0,,
South Sudan,2016,100,Africa,-99,Africa,Eastern Africa,17316214,,20277970494,0.09,
Spain,2016,100,Europe,23424950,Europe,Southern Europe,292567882611,17029753575.0,1265129275268,23.13,1.35
Sudan,2016,100,Africa,-90,Africa,Northern Africa,3535333756,,142613524530,2.48,
Syria,2016,100,Asia,23424956,Asia,Western Asia,204285921,,57815414051,0.35,
Taiwan,2016,100,Asia,23424971,Asia,Eastern Asia,293642153765,,537632722210,54.62,
Tanzania,2016,100,Africa,23424973,Africa,Eastern Africa,10848449048,3946518883.0,116758560136,9.29,3.38
Timor-Leste,2016,100,Asia,23424968,Asia,South-Eastern Asia,34717538,34717538.0,2450557786,1.42,1.42
Tonga,2016,100,Oceania,23424964,Oceania,Polynesia,435346289,435346289.0,435346289,100.0,100.0
Tunisia,2016,100,Africa,23424967,Africa,Northern Africa,280896409,,99653851334,0.28,
Turkey,2016,100,Asia,23424969,Asia,Western Asia,102803925036,2730223848.0,1330220993854,7.73,0.21
Uganda,2016,100,Africa,23424974,Africa,Eastern Africa,7934714722,1112404948.0,51814852463,15.31,2.15
United States,2016,100,North America,23424977,Americas,Northern America,384994917268,89359905488.0,15119089748880,2.55,0.59
Vanuatu,2016,100,Oceania,23424907,Oceania,Melanesia,562390904,334735635.0,591014235,95.16,56.64
Vatican,2016,100,Europe,23424986,Europe,Southern Europe,394098899,,394098899,100.0,
Vietnam,2016,100,Asia,23424984,Asia,South-Eastern Asia,2977986801,,472466707157,0.63,
Yemen,2016,100,Asia,23425002,Asia,Western Asia,34017487941,19979809529.0,60234246248,56.48,33.17
Zambia,2016,100,Africa,23425003,Africa,Eastern Africa,91010502,10858737.0,52330434879,0.17,0.02
Algeria,2017,100,Africa,23424740,Africa,Northern Africa,1780517431,,506675029457,0.35,
American Samoa,2017,100,Oceania,23424746,Oceania,Polynesia,617171218,,617171218,100.0,
Andorra,2017,100,Europe,23424744,Europe,Southern Europe,4341053272,,4341509361,99.99,
Anguilla,2017,100,North America,23424751,Americas,Caribbean,255412235,239258816.0,255412235,100.0,93.68
Antarctica,2017,100,Antarctica,28289409,Antarctica,Antarctica,0,0.0,0,,
Antigua and Barbuda,2017,100,North America,23424737,Americas,Caribbean,1767359674,1763121727.0,1768048852,99.96,99.72
Argentina,2017,100,South America,23424747,Americas,South America,4109151614,1269016846.0,722598204567,0.57,0.18
Armenia,2017,100,Asia,23424743,Asia,Western Asia,26216653848,24494434628.0,26226760054,99.96,93.39
Australia,2017,100,Oceania,-90,Oceania,Australia and New Zealand,1020234351,,908945385900,0.11,
Azerbaijan,2017,100,Asia,23424741,Asia,Western Asia,13155493741,284605967.0,131339702216,10.02,0.22
Belgium,2017,100,Europe,23424757,Europe,Western Europe,5904149196,,415561058228,1.42,
Bolivia,2017,100,South America,23424762,Americas,South America,38344265,,66960077719,0.06,
Cameroon,2017,100,Africa,23424785,Africa,Middle Africa,18773306945,18144143169.0,69243030206,27.11,26.2
Canada,2017,100,North America,23424775,Americas,Northern America,105071330958,164303341.0,1434199994514,7.33,0.01
Chad,2017,100,Africa,23424777,Africa,Middle Africa,28575421,,22761837174,0.13,
Chile,2017,100,South America,23424782,Americas,South America,249293921717,16838386763.0,307242312291,81.14,5.48
China,2017,100,Asia,23424781,Asia,Eastern Asia,137454518315,15576901520.0,18958886746499,0.73,0.08
Colombia,2017,100,South America,23424787,Americas,South America,103027751907,100898007167.0,568964570473,18.11,17.73
Comoros,2017,100,Africa,23424786,Africa,Eastern Africa,1437109478,1396743737.0,1518261566,94.65,92.0
Costa Rica,2017,100,North America,23424791,Americas,Central America,69890448321,69482116002.0,69947433481,99.92,99.33
Dem. Rep. Korea,2017,100,Asia,23424865,Asia,Eastern Asia,6116030914,1350437241.0,46855212568,13.05,2.88
Democratic Republic of the Congo,2017,100,Africa,23424780,Africa,Middle Africa,2292245529,1330468159.0,57173692402,4.01,2.33
Djibouti,2017,100,Africa,23424797,Africa,Eastern Africa,2912047089,73344815.0,2914822602,99.9,2.52
Dominica,2017,100,North America,23424798,Americas,Caribbean,594311515,594311515.0,594311515,100.0,100.0
Ecuador,2017,100,South America,23424801,Americas,South America,67410581250,66810925990.0,147160455740,45.81,45.4
El Salvador,2017,100,North America,23424807,Americas,Central America,40989489765,40902399929.0,40989489765,100.0,99.79
Equatorial Guinea,2017,100,Africa,23424804,Africa,Middle Africa,11508377665,11329012729.0,20776017727,55.39,54.53
Eritrea,2017,100,Africa,23424806,Africa,Eastern Africa,1191501968,65275520.0,7572914659,15.73,0.86
Ethiopia,2017,100,Africa,23424808,Africa,Eastern Africa,90677044446,15167626418.0,159846380347,56.73,9.49
Fiji,2017,100,Oceania,23424813,Oceania,Melanesia,54051850,,7388915644,0.73,
France,2017,100,Europe,-90,Europe,Western Europe,78680457623,38712222815.0,2131683126165,3.69,1.82
French Polynesia,2017,100,Oceania,23424817,Oceania,Polynesia,7922235488,,8210623953,96.49,
French Southern and Antarctic Lands,2017,100,Seven seas (open ocean),28289406,Seven seas (open ocean),Seven seas (open ocean),0,,0,,
Georgia,2017,100,Asia,23424823,Asia,Western Asia,23106272100,,34784981398,66.43,
Germany,2017,100,Europe,23424829,Europe,Western Europe,272796336477,,3165479473288,8.62,
Greece,2017,100,Europe,23424833,Europe,Southern Europe,156022449636,65621284.0,214317843184,72.8,0.03
Grenada,2017,100,North America,23424826,Americas,Caribbean,1171804102,1171804102.0,1171804102,100.0,100.0
Guam,2017,100,Oceania,23424832,Oceania,Micronesia,6171864098,,6509183558,94.82,
Guatemala,2017,100,North America,23424834,Americas,Central America,110172637178,108402828292.0,115476633267,95.41,93.87
Heard I. and McDonald Islands,2017,100,Seven seas (open ocean),28289411,Seven seas (open ocean),Seven seas (open ocean),0,,0,,
Honduras,2017,100,North America,23424841,Americas,Central America,30718095048,1583093717.0,36812951680,83.44,4.3
Iceland,2017,100,Europe,23424845,Europe,Northern Europe,13665280989,629201174.0,13711327156,99.66,4.59
India,2017,100,Asia,23424848,Asia,Southern Asia,3099385,,7394912039444,0.0,
Indonesia,2017,100,Asia,23424846,Asia,South-Eastern Asia,2217679957994,2182139648010.0,2601306197915,85.25,83.89
Iran,2017,100,Asia,23424851,Asia,Southern Asia,493195134367,693031403.0,1329857822854,37.09,0.05
Italy,2017,100,Europe,23424853,Europe,Southern Europe,535500163288,312943474043.0,1688582438061,31.71,18.53
Japan,2017,100,Asia,23424856,Asia,Eastern Asia,2948444054224,2837622096604.0,4361535171774,67.6,65.06
Jordan,2017,100,Asia,23424860,Asia,Western Asia,44761544,,74357546525,0.06,
Kenya,2017,100,Africa,23424863,Africa,Eastern Africa,93047451156,53587623.0,111579926222,83.39,0.05
Luxembourg,2017,100,Europe,23424881,Europe,Western Europe,42897859454,,43678372103,98.21,
Malawi,2017,100,Africa,23424889,Africa,Eastern Africa,267649423,267649423.0,17612171054,1.52,1.52
Mexico,2017,100,North America,23424900,Americas,Central America,914010097746,765880798441.0,1771684195533,51.59,43.23
Mongolia,2017,100,Asia,23424887,Asia,Eastern Asia,385464203,,32465174655,1.19,
Montserrat,2017,100,North America,23424888,Americas,Caribbean,24958762,24958762.0,24958762,100.0,100.0
Myanmar,2017,100,Asia,23424763,Asia,South-Eastern Asia,9922524566,133631433.0,236271760296,4.2,0.06
Netherlands,2017,100,Europe,-90,Europe,Western Europe,1908589982,119419620.0,708340983292,0.27,0.02
New Zealand,2017,100,Oceania,23424916,Oceania,Australia and New Zealand,67256088264,6664691455.0,123581364977,54.42,5.39
Nicaragua,2017,100,North America,23424915,Americas,Central America,27859244129,27707339184.0,30051987435,92.7,92.2
Niger,2017,100,Africa,23424906,Africa,Western Africa,252198620,,23487255389,1.07,
Nigeria,2017,100,Africa,23424908,Africa,Western Africa,401559962,401559962.0,915108749717,0.04,0.04
Northern Mariana Islands,2017,100,Oceania,23424788,Oceania,Micronesia,1603820599,0.0,1603820599,100.0,0.0
Norway,2017,100,Europe,-90,Europe,Northern Europe,794382,,254654648959,0.0,
Panama,2017,100,North America,23424924,Americas,Central America,4017077449,,79877834542,5.03,
Papua New Guinea,2017,100,Oceania,23424926,Oceania,Melanesia,3028962628,2693260411.0,18353325213,16.5,14.67
Peru,2017,100,South America,23424919,Americas,South America,27698592025,16634590926.0,345116811779,8.03,4.82
Philippines,2017,100,Asia,23424934,Asia,South-Eastern Asia,664696111724,619420265390.0,700940197330,94.83,88.37
Portugal,2017,100,Europe,23424925,Europe,Southern Europe,3295042099,612194225.0,209401730541,1.57,0.29
Republic of Cabo Verde,2017,100,Africa,23424794,Africa,Western Africa,1122080915,1122080915.0,2569765265,43.66,43.66
Republic of Korea,2017,100,Asia,23424868,Asia,Eastern Asia,624996326302,,1768980918861,35.33,
Russian Federation,2017,100,Europe,23424936,Europe,Eastern Europe,44652607121,4007927592.0,2270315125468,1.97,0.18
Rwanda,2017,100,Africa,23424937,Africa,Eastern Africa,15656465976,5364245101.0,19214679905,81.48,27.92
Saint Helena,2017,100,Seven seas (open ocean),23424944,Africa,Western Africa,9956116,,48192692,20.66,
Saint Kitts and Nevis,2017,100,North America,23424940,Americas,Caribbean,988399244,988399244.0,988399244,100.0,100.0
Saint Lucia,2017,100,North America,23424951,Americas,Caribbean,1756423911,1756423911.0,1756423911,100.0,100.0
Saint Vincent and the Grenadines,2017,100,North America,23424981,Americas,Caribbean,552690635,552690635.0,552690635,100.0,100.0
Saint-Barthélemy,2017,100,North America,56042304,Americas,Caribbean,213220366,213220366.0,213220366,100.0,100.0
Saint-Martin,2017,100,North America,56042305,Americas,Caribbean,400281162,400281162.0,400281162,100.0,100.0
Samoa,2017,100,Oceania,23424992,Oceania,Polynesia,835578577,,835578577,100.0,
Saudi Arabia,2017,100,Asia,23424938,Asia,Western Asia,55101588277,,1640718437584,3.36,
Sint Maarten,2017,100,North America,-90,Americas,Caribbean,1072021019,1072021019.0,1072021019,100.0,100.0
Solomon Islands,2017,100,Oceania,23424766,Oceania,Melanesia,835857857,796625215.0,1120306497,74.61,71.11
Somaliland,2017,100,Africa,-99,Africa,Eastern Africa,69236223,,17166462312,0.4,
South Africa,2017,100,Africa,23424942,Africa,Southern Africa,0,,617411293990,0.0,
South Georgia and the Islands,2017,100,Seven seas (open ocean),23424955,Seven seas (open ocean),Seven seas (open ocean),0,,0,,
South Sudan,2017,100,Africa,-99,Africa,Eastern Africa,20085170,,21391867099,0.09,
Spain,2017,100,Europe,23424950,Europe,Southern Europe,300410720579,16580797580.0,1299575093388,23.12,1.28
Sudan,2017,100,Africa,-90,Africa,Northern Africa,3588819510,,149137211690,2.41,
Syria,2017,100,Asia,23424956,Asia,Western Asia,191987819,,58367736478,0.33,
Taiwan,2017,100,Asia,23424971,Asia,Eastern Asia,294837327253,,539087314000,54.69,
Tanzania,2017,100,Africa,23424973,Africa,Eastern Africa,11805809548,4184642541.0,124794438688,9.46,3.35
Timor-Leste,2017,100,Asia,23424968,Asia,South-Eastern Asia,33872095,33872095.0,2345835261,1.44,1.44
Tonga,2017,100,Oceania,23424964,Oceania,Polynesia,447393275,447393275.0,447393275,100.0,100.0
Tunisia,2017,100,Africa,23424967,Africa,Northern Africa,288915682,,101604245014,0.28,
Turkey,2017,100,Asia,23424969,Asia,Western Asia,113588786244,3034089171.0,1432519601042,7.93,0.21
Uganda,2017,100,Africa,23424974,Africa,Eastern Africa,7927930884,1081667034.0,53797959271,14.74,2.01
United States,2017,100,North America,23424977,Americas,Northern America,398101732148,87750900781.0,15475700401132,2.57,0.57
Vanuatu,2017,100,Oceania,23424907,Oceania,Melanesia,603459751,353089986.0,633032988,95.33,55.78
Vatican,2017,100,Europe,23424986,Europe,Southern Europe,331414101,,331414101,100.0,
Vietnam,2017,100,Asia,23424984,Asia,South-Eastern Asia,3456537366,,504778023367,0.68,
Yemen,2017,100,Asia,23425002,Asia,Western Asia,33019739077,20435349005.0,56633493675,58.3,36.08
Zambia,2017,100,Africa,23425003,Africa,Eastern Africa,89738987,10373622.0,54180522451,0.17,0.02
Algeria,2018,100,Africa,23424740,Africa,Northern Africa,1982483503,,511771585028,0.39,
American Samoa,2018,100,Oceania,23424746,Oceania,Polynesia,609757217,,609757217,100.0,
Andorra,2018,100,Europe,23424744,Europe,Southern Europe,4407010452,,4407536623,99.99,
Anguilla,2018,100,North America,23424751,Americas,Caribbean,257316607,237371052.0,257316607,100.0,92.25
Antarctica,2018,100,Antarctica,28289409,Antarctica,Antarctica,0,0.0,0,,
Antigua and Barbuda,2018,100,North America,23424737,Americas,Caribbean,1878602616,1875804049.0,1879367710,99.96,99.81
Argentina,2018,100,South America,23424747,Americas,South America,4268643566,1282889582.0,703656277352,0.61,0.18
Armenia,2018,100,Asia,23424743,Asia,Western Asia,27579560041,25791296940.0,27590423635,99.96,93.48
Australia,2018,100,Oceania,-90,Oceania,Australia and New Zealand,1028953256,,933728316825,0.11,
Azerbaijan,2018,100,Asia,23424741,Asia,Western Asia,11647817447,267574013.0,133564125280,8.72,0.2
Belgium,2018,100,Europe,23424757,Europe,Western Europe,5725650417,,423782652352,1.35,
Bolivia,2018,100,South America,23424762,Americas,South America,39446562,,69754708678,0.06,
Cameroon,2018,100,Africa,23424785,Africa,Middle Africa,20501802754,19936906923.0,72056530566,28.45,27.67
Canada,2018,100,North America,23424775,Americas,Northern America,93844239457,166328371.0,1462228920221,6.42,0.01
Chad,2018,100,Africa,23424777,Africa,Middle Africa,33596916,,23268506590,0.14,
Chile,2018,100,South America,23424782,Americas,South America,262752894187,17749396591.0,318767107956,82.43,5.57
China,2018,100,Asia,23424781,Asia,Eastern Asia,149891855629,16555772218.0,20241821658371,0.74,0.08
Colombia,2018,100,South America,23424787,Americas,South America,107348562663,105106446848.0,583573253298,18.4,18.01
Comoros,2018,100,Africa,23424786,Africa,Eastern Africa,1486885552,1447863238.0,1571463783,94.62,92.13
Costa Rica,2018,100,North America,23424791,Americas,Central America,71324121451,70882870800.0,71384325246,99.92,99.3
Dem. Rep. Korea,2018,100,Asia,23424865,Asia,Eastern Asia,6268567807,1393944020.0,47673257626,13.15,2.92
Democratic Republic of the Congo,2018,100,Africa,23424780,Africa,Middle Africa,2007259816,1098662469.0,60521760108,3.32,1.82
Djibouti,2018,100,Africa,23424797,Africa,Eastern Africa,3198409587,76746910.0,3201499760,99.9,2.4
Dominica,2018,100,North America,23424798,Americas,Caribbean,595039463,595039463.0,595039463,100.0,100.0
Ecuador,2018,100,South America,23424801,Americas,South America,65825231727,64825482131.0,148961759899,44.19,43.52
El Salvador,2018,100,North America,23424807,Americas,Central America,41983953933,41893754123.0,41983953933,100.0,99.79
Equatorial Guinea,2018,100,Africa,23424804,Africa,Middle Africa,11814504305,11669198815.0,19869421113,59.46,58.73
Eritrea,2018,100,Africa,23424806,Africa,Eastern Africa,1209581079,65181292.0,7726460696,15.66,0.84
Ethiopia,2018,100,Africa,23424808,Africa,Eastern Africa,95808134555,16770183803.0,170665471037,56.14,9.83
Fiji,2018,100,Oceania,23424813,Oceania,Melanesia,51959147,,7700555992,0.67,
France,2018,100,Europe,-90,Europe,Western Europe,78405275230,38953032492.0,2169295634187,3.61,1.8
French Polynesia,2018,100,Oceania,23424817,Oceania,Polynesia,8144973621,,8447424447,96.42,
French Southern and Antarctic Lands,2018,100,Seven seas (open ocean),28289406,Seven seas (open ocean),Seven seas (open ocean),0,,0,,
Georgia,2018,100,Asia,23424823,Asia,Western Asia,23555714656,,36308517934,64.88,
Germany,2018,100,Europe,23424829,Europe,Western Europe,280860726314,,3214031229597,8.74,
Greece,2018,100,Europe,23424833,Europe,Southern Europe,158134030897,74854533.0,216894008372,72.91,0.03
Grenada,2018,100,North America,23424826,Americas,Caribbean,1221128902,1221128902.0,1221128902,100.0,100.0
Guam,2018,100,Oceania,23424832,Oceania,Micronesia,6270198891,,6599552986,95.01,
Guatemala,2018,100,North America,23424834,Americas,Central America,114232383517,112314598357.0,119727758803,95.41,93.81
Heard I. and McDonald Islands,2018,100,Seven seas (open ocean),28289411,Seven seas (open ocean),Seven seas (open ocean),0,,0,,
Honduras,2018,100,North America,23424841,Americas,Central America,32167868787,1752648845.0,38229667343,84.14,4.58
Iceland,2018,100,Europe,23424845,Europe,Northern Europe,13428030604,2971314846.0,13700603159,98.01,21.69
India,2018,100,Asia,23424848,Asia,Southern Asia,4346449,,7876027913544,0.0,
Indonesia,2018,100,Asia,23424846,Asia,South-Eastern Asia,2365663477134,2331703222178.0,2744214785034,86.21,84.97
Iran,2018,100,Asia,23424851,Asia,Southern Asia,478045399154,558244956.0,1250602192182,38.23,0.04
Italy,2018,100,Europe,23424853,Europe,Southern Europe,545235974777,320336137656.0,1705774962787,31.96,18.78
Japan,2018,100,Asia,23424856,Asia,Eastern Asia,2947216973740,2832434410151.0,4373593404123,67.39,64.76
Jordan,2018,100,Asia,23424860,Asia,Western Asia,44806219,,75794673101,0.06,
Kenya,2018,100,Africa,23424863,Africa,Eastern Africa,98411034571,57769830.0,118620058862,82.96,0.05
Luxembourg,2018,100,Europe,23424881,Europe,Western Europe,44290491593,,45176317440,98.04,
Malawi,2018,100,Africa,23424889,Africa,Eastern Africa,277806218,277806218.0,18399498338,1.51,1.51
Mexico,2018,100,North America,23424900,Americas,Central America,917222781734,768376559154.0,1810299965073,50.67,42.44
Mongolia,2018,100,Asia,23424887,Asia,Eastern Asia,357853041,,34820534604,1.03,
Montserrat,2018,100,North America,23424888,Americas,Caribbean,23975030,23975030.0,23975030,100.0,100.0
Myanmar,2018,100,Asia,23424763,Asia,South-Eastern Asia,9821187022,128835739.0,252014658315,3.9,0.05
Netherlands,2018,100,Europe,-90,Europe,Western Europe,1851376675,115115909.0,721998777412,0.26,0.02
New Zealand,2018,100,Oceania,23424916,Oceania,Australia and New Zealand,66614097323,6486370280.0,126364365461,52.72,5.13
Nicaragua,2018,100,North America,23424915,Americas,Central America,26901706625,26761584436.0,29046576584,92.62,92.13
Niger,2018,100,Africa,23424906,Africa,Western Africa,247152568,,25194987379,0.98,
Nigeria,2018,100,Africa,23424908,Africa,Western Africa,387722125,387722125.0,933575433747,0.04,0.04
Northern Mariana Islands,2018,100,Oceania,23424788,Oceania,Micronesia,1606610517,0.0,1606610517,100.0,0.0
Norway,2018,100,Europe,-90,Europe,Northern Europe,743215,,258898132413,0.0,
Panama,2018,100,North America,23424924,Americas,Central America,4176914419,,82715008048,5.05,
Papua New Guinea,2018,100,Oceania,23424926,Oceania,Melanesia,3020491488,2686007906.0,18304202498,16.5,14.67
Peru,2018,100,South America,23424919,Americas,South America,26192037856,15837420237.0,358844212481,7.3,4.41
Philippines,2018,100,Asia,23424934,Asia,South-Eastern Asia,710115531691,663014307690.0,746291018161,95.15,88.84
Portugal,2018,100,Europe,23424925,Europe,Southern Europe,3655341688,679209103.0,214408426475,1.7,0.32
Republic of Cabo Verde,2018,100,Africa,23424794,Africa,Western Africa,1170799175,1170799175.0,2703072863,43.31,43.31
Republic of Korea,2018,100,Asia,23424868,Asia,Eastern Asia,624630538496,,1815147722083,34.41,
Russian Federation,2018,100,Europe,23424936,Europe,Eastern Europe,30901658030,3131022375.0,2340848977754,1.32,0.13
Rwanda,2018,100,Africa,23424937,Africa,Eastern Africa,17119760569,5607493838.0,20838300978,82.16,26.91
Saint Helena,2018,100,Seven seas (open ocean),23424944,Africa,Western Africa,10140802,,48576265,20.88,
Saint Kitts and Nevis,2018,100,North America,23424940,Americas,Caribbean,1018802252,1018802252.0,1018802252,100.0,100.0
Saint Lucia,2018,100,North America,23424951,Americas,Caribbean,1798439837,1798439837.0,1798439837,100.0,100.0
Saint Vincent and the Grenadines,2018,100,North America,23424981,Americas,Caribbean,567732711,567732711.0,567732711,100.0,100.0
Saint-Barthélemy,2018,100,North America,56042304,Americas,Caribbean,213907200,213907200.0,213907200,100.0,100.0
Saint-Martin,2018,100,North America,56042305,Americas,Caribbean,385558291,385558291.0,385558291,100.0,100.0
Samoa,2018,100,Oceania,23424992,Oceania,Polynesia,802441779,,802441779,100.0,
Saudi Arabia,2018,100,Asia,23424938,Asia,Western Asia,57570797885,,1679730929559,3.43,
Sint Maarten,2018,100,North America,-90,Americas,Caribbean,1032182473,1032182473.0,1032182473,100.0,100.0
Solomon Islands,2018,100,Oceania,23424766,Oceania,Melanesia,871965576,831978757.0,1162617063,75.0,71.56
Somaliland,2018,100,Africa,-99,Africa,Eastern Africa,64193235,,16855934724,0.38,
South Africa,2018,100,Africa,23424942,Africa,Southern Africa,0,,622191162422,0.0,
South Georgia and the Islands,2018,100,Seven seas (open ocean),23424955,Seven seas (open ocean),Seven seas (open ocean),0,,0,,
South Sudan,2018,100,Africa,-99,Africa,Eastern Africa,23016848,,22158615282,0.1,
Spain,2018,100,Europe,23424950,Europe,Southern Europe,309088550106,17151476100.0,1325554673061,23.32,1.29
Sudan,2018,100,Africa,-90,Africa,Northern Africa,3632259211,,153109077491,2.37,
Syria,2018,100,Asia,23424956,Asia,Western Asia,174426935,,58018801164,0.3,
Taiwan,2018,100,Asia,23424971,Asia,Eastern Asia,289761077804,,540070729814,53.65,
Tanzania,2018,100,Africa,23424973,Africa,Eastern Africa,11860362713,4305469232.0,131490157133,9.02,3.27
Timor-Leste,2018,100,Asia,23424968,Asia,South-Eastern Asia,35546561,35546561.0,2310469400,1.54,1.54
Tonga,2018,100,Oceania,23424964,Oceania,Polynesia,450257677,450257677.0,450257677,100.0,100.0
Tunisia,2018,100,Africa,23424967,Africa,Northern Africa,273255881,,104791175574,0.26,
Turkey,2018,100,Asia,23424969,Asia,Western Asia,119090961411,3230097457.0,1478526423354,8.05,0.22
Uganda,2018,100,Africa,23424974,Africa,Eastern Africa,8379753483,1119820781.0,57101435735,14.68,1.96
United States,2018,100,North America,23424977,Americas,Northern America,422483508831,101820437879.0,15962086354673,2.65,0.64
Vanuatu,2018,100,Oceania,23424907,Oceania,Melanesia,626738122,350532430.0,655372766,95.63,53.49
Vatican,2018,100,Europe,23424986,Europe,Southern Europe,359147422,,359147422,100.0,
Vietnam,2018,100,Asia,23424984,Asia,South-Eastern Asia,3756312326,,540618513486,0.69,
Yemen,2018,100,Asia,23425002,Asia,Western Asia,30853794947,19435716019.0,54357551509,56.76,35.76
Zambia,2018,100,Africa,23425003,Africa,Eastern Africa,99782903,11389114.0,56341207280,0.18,0.02
Algeria,2019,100,Africa,23424740,Africa,Northern Africa,2021844995,,520615023284,0.39,
American Samoa,2019,100,Oceania,23424746,Oceania,Polynesia,565616847,,565616847,100.0,
Andorra,2019,100,Europe,23424744,Europe,Southern Europe,4421639874,,4421834616,100.0,
Anguilla,2019,100,North America,23424751,Americas,Caribbean,246241527,238566674.0,246241527,100.0,96.88
Antarctica,2019,100,Antarctica,28289409,Antarctica,Antarctica,0,0.0,0,,
Antigua and Barbuda,2019,100,North America,23424737,Americas,Caribbean,2007196878,2003100680.0,2007927977,99.96,99.76
Argentina,2019,100,South America,23424747,Americas,South America,5207861825,1359755606.0,688308397087,0.76,0.2
Armenia,2019,100,Asia,23424743,Asia,Western Asia,29646969561,27505151590.0,29653884837,99.98,92.75
Australia,2019,100,Oceania,-90,Oceania,Australia and New Zealand,1424097567,,949684665212,0.15,
Azerbaijan,2019,100,Asia,23424741,Asia,Western Asia,13021756549,273693064.0,137124017385,9.5,0.2
Belgium,2019,100,Europe,23424757,Europe,Western Europe,6628413067,,431117934328,1.54,
Bolivia,2019,100,South America,23424762,Americas,South America,39901308,,71324643979,0.06,
Cameroon,2019,100,Africa,23424785,Africa,Middle Africa,21250790668,20660359854.0,74618771871,28.48,27.69
Canada,2019,100,North America,23424775,Americas,Northern America,126821906004,327828460.0,1486438859574,8.53,0.02
Chad,2019,100,Africa,23424777,Africa,Middle Africa,36513581,,24003909287,0.15,
Chile,2019,100,South America,23424782,Americas,South America,264241575884,19677738733.0,322069997212,82.04,6.11
China,2019,100,Asia,23424781,Asia,Eastern Asia,156296725598,20312390391.0,21378321744316,0.73,0.1
Colombia,2019,100,South America,23424787,Americas,South America,103664367988,101105990427.0,603029009359,17.19,16.77
Comoros,2019,100,Africa,23424786,Africa,Eastern Africa,1491304336,1449290036.0,1576895055,94.57,91.91
Costa Rica,2019,100,North America,23424791,Americas,Central America,72803157462,72275442997.0,72883174568,99.89,99.17
Dem. Rep. Korea,2019,100,Asia,23424865,Asia,Eastern Asia,6425780244,1485664312.0,48381016911,13.28,3.07
Democratic Republic of the Congo,2019,100,Africa,23424780,Africa,Middle Africa,2236630115,1241588237.0,63264177086,3.54,1.96
Djibouti,2019,100,Africa,23424797,Africa,Eastern Africa,4263218606,78619601.0,4265887719,99.94,1.84
Dominica,2019,100,North America,23424798,Americas,Caribbean,617282444,617282444.0,617282444,100.0,100.0
Ecuador,2019,100,South America,23424801,Americas,South America,67058166669,66065889855.0,149849557402,44.75,44.09
El Salvador,2019,100,North America,23424807,Americas,Central America,43013722317,42935659274.0,43013722317,100.0,99.82
Equatorial Guinea,2019,100,Africa,23424804,Africa,Middle Africa,11180557707,11035068052.0,19106442316,58.52,57.76
Eritrea,2019,100,Africa,23424806,Africa,Eastern Africa,1235957796,68246457.0,7822140971,15.8,0.87
Ethiopia,2019,100,Africa,23424808,Africa,Eastern Africa,105993762188,18713718764.0,184887010183,57.33,10.12
Fiji,2019,100,Oceania,23424813,Oceania,Melanesia,42445271,,7262068533,0.58,
France,2019,100,Europe,-90,Europe,Western Europe,85813118109,37872221986.0,2190429887499,3.92,1.73
French Polynesia,2019,100,Oceania,23424817,Oceania,Polynesia,8231466941,,8575376872,95.99,
French Southern and Antarctic Lands,2019,100,Seven seas (open ocean),28289406,Seven seas (open ocean),Seven seas (open ocean),0,,0,,
Georgia,2019,100,Asia,23424823,Asia,Western Asia,24996616268,,38871247212,64.31,
Germany,2019,100,Europe,23424829,Europe,Western Europe,286077382852,,3240768842925,8.83,
Greece,2019,100,Europe,23424833,Europe,Southern Europe,153967575537,101130123.0,218235332115,70.55,0.05
Grenada,2019,100,North America,23424826,Americas,Caribbean,1123818226,1123818226.0,1123818226,100.0,100.0
Guam,2019,100,Oceania,23424832,Oceania,Micronesia,6348657294,,6541920491,97.05,
Guatemala,2019,100,North America,23424834,Americas,Central America,119026369308,117082197240.0,124658973640,95.48,93.92
Heard I. and McDonald Islands,2019,100,Seven seas (open ocean),28289411,Seven seas (open ocean),Seven seas (open ocean),0,,0,,
Honduras,2019,100,North America,23424841,Americas,Central America,32563948629,1735173372.0,39065342923,83.36,4.44
Iceland,2019,100,Europe,23424845,Europe,Northern Europe,13998274775,583257221.0,14032086361,99.76,4.16
India,2019,100,Asia,23424848,Asia,Southern Asia,5036815,,8171859520217,0.0,
Indonesia,2019,100,Asia,23424846,Asia,South-Eastern Asia,2459838697944,2420403785586.0,2882228320553,85.35,83.98
Iran,2019,100,Asia,23424851,Asia,Southern Asia,423512175395,723320416.0,1162655318784,36.43,0.06
Italy,2019,100,Europe,23424853,Europe,Southern Europe,523112885863,325720497213.0,1722541332433,30.37,18.91
Japan,2019,100,Asia,23424856,Asia,Eastern Asia,2940099483698,2819606271784.0,4370428168962,67.27,64.52
Jordan,2019,100,Asia,23424860,Asia,Western Asia,72052617,,77300228574,0.09,
Kenya,2019,100,Africa,23424863,Africa,Eastern Africa,105015463922,59415998.0,124886156961,84.09,0.05
Luxembourg,2019,100,Europe,23424881,Europe,Western Europe,44576570708,,45873213257,97.17,
Malawi,2019,100,Africa,23424889,Africa,Eastern Africa,327380612,327380612.0,19452008740,1.68,1.68
Mexico,2019,100,North America,23424900,Americas,Central America,884986960464,722948738462.0,1805190563062,49.02,40.05
Mongolia,2019,100,Asia,23424887,Asia,Eastern Asia,362683690,,36633840799,0.99,
Montserrat,2019,100,North America,23424888,Americas,Caribbean,44524465,44524465.0,44524465,100.0,100.0
Myanmar,2019,100,Asia,23424763,Asia,South-Eastern Asia,9730391147,117423740.0,255641466998,3.81,0.05
Netherlands,2019,100,Europe,-90,Europe,Western Europe,2338472048,117575251.0,730537076885,0.32,0.02
New Zealand,2019,100,Oceania,23424916,Oceania,Australia and New Zealand,70174565714,7746558382.0,130898299216,53.61,5.92
Nicaragua,2019,100,North America,23424915,Americas,Central America,25772195249,25637880930.0,27947062845,92.22,91.74
Niger,2019,100,Africa,23424906,Africa,Western Africa,244949002,,26680928713,0.92,
Nigeria,2019,100,Africa,23424908,Africa,Western Africa,413873936,413873936.0,951305968492,0.04,0.04
Northern Mariana Islands,2019,100,Oceania,23424788,Oceania,Micronesia,1574669640,0.0,1574669640,100.0,0.0
Norway,2019,100,Europe,-90,Europe,Northern Europe,746735,,258719089000,0.0,
Panama,2019,100,North America,23424924,Americas,Central America,4437402226,,85954254054,5.16,
Papua New Guinea,2019,100,Oceania,23424926,Oceania,Melanesia,3042891879,2706707193.0,19314925235,15.75,14.01
Peru,2019,100,South America,23424919,Americas,South America,25639375300,14179119632.0,365762381269,7.01,3.88
Philippines,2019,100,Asia,23424934,Asia,South-Eastern Asia,753114416598,708554403633.0,792890456440,94.98,89.36
Portugal,2019,100,Europe,23424925,Europe,Southern Europe,2970446001,564670279.0,212879137420,1.4,0.27
Republic of Cabo Verde,2019,100,Africa,23424794,Africa,Western Africa,1155153552,1155153552.0,2751822179,41.98,41.98
Republic of Korea,2019,100,Asia,23424868,Asia,Eastern Asia,606147864919,,1839660238082,32.95,
Russian Federation,2019,100,Europe,23424936,Europe,Eastern Europe,39866800972,3264760375.0,2391517654429,1.67,0.14
Rwanda,2019,100,Africa,23424937,Africa,Eastern Africa,19024552077,6132796930.0,22832086899,83.32,26.86
Saint Helena,2019,100,Seven seas (open ocean),23424944,Africa,Western Africa,14148909,,25366149,55.78,
Saint Kitts and Nevis,2019,100,North America,23424940,Americas,Caribbean,1016653670,1016653670.0,1016653670,100.0,100.0
Saint Lucia,2019,100,North America,23424951,Americas,Caribbean,1940753166,1940753166.0,1940753166,100.0,100.0
Saint Vincent and the Grenadines,2019,100,North America,23424981,Americas,Caribbean,397898146,397898146.0,397898146,100.0,100.0
Saint-Barthélemy,2019,100,North America,56042304,Americas,Caribbean,230996151,230996151.0,230996151,100.0,100.0
Saint-Martin,2019,100,North America,56042305,Americas,Caribbean,392749104,392749104.0,392749104,100.0,100.0
Samoa,2019,100,Oceania,23424992,Oceania,Polynesia,922182605,,922182605,100.0,
Saudi Arabia,2019,100,Asia,23424938,Asia,Western Asia,63495142242,,1683311365415,3.77,
Sint Maarten,2019,100,North America,-90,Americas,Caribbean,941935978,941935978.0,941935978,100.0,100.0
Solomon Islands,2019,100,Oceania,23424766,Oceania,Melanesia,947553428,916248384.0,1214767178,78.0,75.43
Somaliland,2019,100,Africa,-99,Africa,Eastern Africa,69136859,,15915364445,0.43,
South Africa,2019,100,Africa,23424942,Africa,Southern Africa,0,,622252822267,0.0,
South Georgia and the Islands,2019,100,Seven seas (open ocean),23424955,Seven seas (open ocean),Seven seas (open ocean),0,,0,,
South Sudan,2019,100,Africa,-99,Africa,Eastern Africa,24044304,,22436240266,0.11,
Spain,2019,100,Europe,23424950,Europe,Southern Europe,290254017808,18966060863.0,1327987265364,21.86,1.43
Sudan,2019,100,Africa,-90,Africa,Northern Africa,3526699001,,150443639501,2.34,
Syria,2019,100,Asia,23424956,Asia,Western Asia,212435709,,58878410488,0.36,
Taiwan,2019,100,Asia,23424971,Asia,Eastern Asia,283215916508,,540943265299,52.36,
Tanzania,2019,100,Africa,23424973,Africa,Eastern Africa,12762638756,4786493156.0,139654172487,9.14,3.43
Timor-Leste,2019,100,Asia,23424968,Asia,South-Eastern Asia,34375403,34375403.0,2769265421,1.24,1.24
Tonga,2019,100,Oceania,23424964,Oceania,Polynesia,458979378,458979378.0,458979378,100.0,100.0
Tunisia,2019,100,Africa,23424967,Africa,Northern Africa,311210698,,105154769312,0.3,
Turkey,2019,100,Asia,23424969,Asia,Western Asia,140431863354,4417048614.0,1486379227411,9.45,0.3
Uganda,2019,100,Africa,23424974,Africa,Eastern Africa,7959890817,1031519876.0,61035040774,13.04,1.69
United States,2019,100,North America,23424977,Americas,Northern America,454022680025,101106466641.0,16343182864921,2.78,0.62
Vanuatu,2019,100,Oceania,23424907,Oceania,Melanesia,616222316,306310471.0,644214971,95.65,47.55
Vatican,2019,100,Europe,23424986,Europe,Southern Europe,377962056,,377962056,100.0,
Vietnam,2019,100,Asia,23424984,Asia,South-Eastern Asia,4149330417,,577801052323,0.72,
Yemen,2019,100,Asia,23425002,Asia,Western Asia,32271922001,21495118655.0,55653064839,57.99,38.62
Zambia,2019,100,Africa,23425003,Africa,Eastern Africa,150857652,12535633.0,57086197098,0.26,0.02
Algeria,2020,100,Africa,23424740,Africa,Northern Africa,1962611842,,512219586408,0.38,
American Samoa,2020,100,Oceania,23424746,Oceania,Polynesia,570666235,,570666235,100.0,
Andorra,2020,100,Europe,23424744,Europe,Southern Europe,4505064584,,4505290562,99.99,
Anguilla,2020,100,North America,23424751,Americas,Caribbean,248460330,241101470.0,248460330,100.0,97.04
Antarctica,2020,100,Antarctica,28289409,Antarctica,Antarctica,0,0.0,0,,
Antigua and Barbuda,2020,100,North America,23424737,Americas,Caribbean,1842509983,1837842237.0,1843200304,99.96,99.71
Argentina,2020,100,South America,23424747,Americas,South America,5460523462,1433338478.0,671404046293,0.81,0.21
Armenia,2020,100,Asia,23424743,Asia,Western Asia,28864758059,26680762484.0,28872368154,99.97,92.41
Australia,2020,100,Oceania,-90,Oceania,Australia and New Zealand,1419426316,,969598882187,0.15,
Azerbaijan,2020,100,Asia,23424741,Asia,Western Asia,12436953148,287752538.0,134798514864,9.23,0.21
Belgium,2020,100,Europe,23424757,Europe,Western Europe,7170498681,,424151957316,1.69,
Bolivia,2020,100,South America,23424762,Americas,South America,41590030,,69493483520,0.06,
Cameroon,2020,100,Africa,23424785,Africa,Middle Africa,26748351439,26150246634.0,76130017605,35.14,34.35
Canada,2020,100,North America,23424775,Americas,Northern America,91574182314,90431598.0,1482696939290,6.18,0.01
Chad,2020,100,Africa,23424777,Africa,Middle Africa,39003412,,23944688123,0.16,
Chile,2020,100,South America,23424782,Americas,South America,266209722269,20605436781.0,323603100706,82.26,6.37
China,2020,100,Asia,23424781,Asia,Eastern Asia,165342948580,22016994470.0,22430937382663,0.74,0.1
Colombia,2020,100,South America,23424787,Americas,South America,106372648015,103834155735.0,594315771104,17.9,17.47
Comoros,2020,100,Africa,23424786,Africa,Eastern Africa,1543168512,1499622345.0,1630316353,94.65,91.98
Costa Rica,2020,100,North America,23424791,Americas,Central America,72032962163,71523473201.0,72109025131,99.89,99.19
Dem. Rep. Korea,2020,100,Asia,23424865,Asia,Eastern Asia,6375585421,1493467273.0,48352715642,13.19,3.09
Democratic Republic of the Congo,2020,100,Africa,23424780,Africa,Middle Africa,2691591423,1502823542.0,65049740563,4.14,2.31
Djibouti,2020,100,Africa,23424797,Africa,Eastern Africa,4353448506,86961471.0,4356512167,99.93,2.0
Dominica,2020,100,North America,23424798,Americas,Caribbean,570701361,570701361.0,570701361,100.0,100.0
Ecuador,2020,100,South America,23424801,Americas,South America,63457094435,62602082686.0,144550937771,43.9,43.31
El Salvador,2020,100,North America,23424807,Americas,Central America,42456151227,42377866783.0,42456151227,100.0,99.82
Equatorial Guinea,2020,100,Africa,23424804,Africa,Middle Africa,10840032032,10666622580.0,18858033411,57.48,56.56
Eritrea,2020,100,Africa,23424806,Africa,Eastern Africa,1321884600,73089128.0,7984865605,16.55,0.92
Ethiopia,2020,100,Africa,23424808,Africa,Eastern Africa,111462082255,18639750670.0,192084718202,58.03,9.7
Fiji,2020,100,Oceania,23424813,Oceania,Melanesia,33064685,,6424965861,0.51,
France,2020,100,Europe,-90,Europe,Western Europe,84625852082,37952537875.0,2147297889629,3.94,1.77
French Polynesia,2020,100,Oceania,23424817,Oceania,Polynesia,8204312082,,8558605381,95.86,
French Southern and Antarctic Lands,2020,100,Seven seas (open ocean),28289406,Seven seas (open ocean),Seven seas (open ocean),0,,0,,
Georgia,2020,100,Asia,23424823,Asia,Western Asia,25765843660,,38921762589,66.2,
Germany,2020,100,Europe,23424829,Europe,Western Europe,273919094256,,3208876431637,8.54,
Greece,2020,100,Europe,23424833,Europe,Southern Europe,148462025435,89773334.0,212475675795,69.87,0.04
Grenada,2020,100,North America,23424826,Americas,Caribbean,1062024354,1062024354.0,1062024354,100.0,100.0
Guam,2020,100,Oceania,23424832,Oceania,Micronesia,6326915956,,6530956138,96.88,
Guatemala,2020,100,North America,23424834,Americas,Central America,120588167392,118439350659.0,126779513676,95.12,93.42
Heard I. and McDonald Islands,2020,100,Seven seas (open ocean),28289411,Seven seas (open ocean),Seven seas (open ocean),0,,0,,
Honduras,2020,100,North America,23424841,Americas,Central America,31165870082,1649160417.0,37715313697,82.63,4.37
Iceland,2020,100,Europe,23424845,Europe,Northern Europe,12880088721,2576213864.0,13113508130,98.22,19.65
India,2020,100,Asia,23424848,Asia,Southern Asia,3583753,,8140934386472,0.0,
Indonesia,2020,100,Asia,23424846,Asia,South-Eastern Asia,2459629826124,2420112488171.0,2886602315948,85.21,83.84
Iran,2020,100,Asia,23424851,Asia,Southern Asia,440884585197,681672694.0,1209029896896,36.47,0.06
Italy,2020,100,Europe,23424853,Europe,Southern Europe,516962876152,319740564499.0,1681719602630,30.74,19.01
Japan,2020,100,Asia,23424856,Asia,Eastern Asia,2959286098114,2839114571122.0,4442148524690,66.62,63.91
Jordan,2020,100,Asia,23424860,Asia,Western Asia,93675479,,77072514710,0.12,
Kenya,2020,100,Africa,23424863,Africa,Eastern Africa,106496768566,57314749.0,127719490803,83.38,0.04
Luxembourg,2020,100,Europe,23424881,Europe,Western Europe,44513330306,,46063412281,96.63,
Malawi,2020,100,Africa,23424889,Africa,Eastern Africa,311639018,311639018.0,19611572218,1.59,1.59
Mexico,2020,100,North America,23424900,Americas,Central America,876920915065,723424529904.0,1774757693832,49.41,40.76
Mongolia,2020,100,Asia,23424887,Asia,Eastern Asia,368867247,,36343087474,1.01,
Montserrat,2020,100,North America,23424888,Americas,Caribbean,46116601,46116601.0,46116601,100.0,100.0
Myanmar,2020,100,Asia,23424763,Asia,South-Eastern Asia,8461515662,99005002.0,223262169157,3.79,0.04
Netherlands,2020,100,Europe,-90,Europe,Western Europe,2316646654,116697890.0,724933708739,0.32,0.02
New Zealand,2020,100,Oceania,23424916,Oceania,Australia and New Zealand,72523074739,7816235269.0,132856135957,54.59,5.88
Nicaragua,2020,100,North America,23424915,Americas,Central America,26079445515,25921466606.0,28619284112,91.13,90.57
Niger,2020,100,Africa,23424906,Africa,Western Africa,255000553,,27595637589,0.92,
Nigeria,2020,100,Africa,23424908,Africa,Western Africa,396036630,396036630.0,953157490805,0.04,0.04
Northern Mariana Islands,2020,100,Oceania,23424788,Oceania,Micronesia,1590996723,0.0,1590996723,100.0,0.0
Norway,2020,100,Europe,-90,Europe,Northern Europe,770476,,253261481124,0.0,
Panama,2020,100,North America,23424924,Americas,Central America,4280336649,,80432838780,5.32,
Papua New Guinea,2020,100,Oceania,23424926,Oceania,Melanesia,2979201934,2651728330.0,18879942110,15.78,14.05
Peru,2020,100,South America,23424919,Americas,South America,29629592268,16009471455.0,356287365532,8.32,4.49
Philippines,2020,100,Asia,23424934,Asia,South-Eastern Asia,716467876978,671561912681.0,755555490779,94.83,88.88
Portugal,2020,100,Europe,23424925,Europe,Southern Europe,3188474382,568550111.0,204520088526,1.56,0.28
Republic of Cabo Verde,2020,100,Africa,23424794,Africa,Western Africa,1021970705,1021970705.0,2571719908,39.74,39.74
Republic of Korea,2020,100,Asia,23424868,Asia,Eastern Asia,622662738901,,1864948633969,33.39,
Russian Federation,2020,100,Europe,23424936,Europe,Eastern Europe,37136801284,3197041509.0,2412627918911,1.54,0.13
Rwanda,2020,100,Africa,23424937,Africa,Eastern Africa,19185040169,6181079760.0,22812835540,84.1,27.09
Saint Helena,2020,100,Seven seas (open ocean),23424944,Africa,Western Africa,11464004,,23060647,49.71,
Saint Kitts and Nevis,2020,100,North America,23424940,Americas,Caribbean,957291523,957291523.0,957291523,100.0,100.0
Saint Lucia,2020,100,North America,23424951,Americas,Caribbean,1764059077,1764059077.0,1764059077,100.0,100.0
Saint Vincent and the Grenadines,2020,100,North America,23424981,Americas,Caribbean,409127638,409127638.0,409127638,100.0,100.0
Saint-Barthélemy,2020,100,North America,56042304,Americas,Caribbean,235956366,235956366.0,235956366,100.0,100.0
Saint-Martin,2020,100,North America,56042305,Americas,Caribbean,401305129,401305129.0,401305129,100.0,100.0
Samoa,2020,100,Oceania,23424992,Oceania,Polynesia,884177438,,884177438,100.0,
Saudi Arabia,2020,100,Asia,23424938,Asia,Western Asia,61249652334,,1677420311676,3.65,
Sint Maarten,2020,100,North America,-90,Americas,Caribbean,944411294,944411294.0,944411294,100.0,100.0
Solomon Islands,2020,100,Oceania,23424766,Oceania,Melanesia,966110865,937930301.0,1211319142,79.76,77.43
Somaliland,2020,100,Africa,-99,Africa,Eastern Africa,63764712,,15869515249,0.4,
South Africa,2020,100,Africa,23424942,Africa,Southern Africa,0,,609026439459,0.0,
South Georgia and the Islands,2020,100,Seven seas (open ocean),23424955,Seven seas (open ocean),Seven seas (open ocean),0,,0,,
South Sudan,2020,100,Africa,-99,Africa,Eastern Africa,26996897,,21943418399,0.12,
Spain,2020,100,Europe,23424950,Europe,Southern Europe,292774732092,19885410643.0,1270681589647,23.04,1.56
Sudan,2020,100,Africa,-90,Africa,Northern Africa,3362027110,,151478091154,2.22,
Syria,2020,100,Asia,23424956,Asia,Western Asia,261693325,,62366110079,0.42,
Taiwan,2020,100,Asia,23424971,Asia,Eastern Asia,288732328320,,558398177147,51.71,
Tanzania,2020,100,Africa,23424973,Africa,Eastern Africa,12173462235,4827661553.0,143472762288,8.48,3.36
Timor-Leste,2020,100,Asia,23424968,Asia,South-Eastern Asia,28773376,28773376.0,2480672868,1.16,1.16
Tonga,2020,100,Oceania,23424964,Oceania,Polynesia,470744774,470744774.0,470744774,100.0,100.0
Tunisia,2020,100,Africa,23424967,Africa,Northern Africa,327250840,,101681352217,0.32,
Turkey,2020,100,Asia,23424969,Asia,Western Asia,149266380911,5040955482.0,1562604242030,9.55,0.32
Uganda,2020,100,Africa,23424974,Africa,Eastern Africa,8438956484,1084432102.0,63139419081,13.37,1.72
United States,2020,100,North America,23424977,Americas,Northern America,422447935614,96827663042.0,16561372547075,2.55,0.58
Vanuatu,2020,100,Oceania,23424907,Oceania,Melanesia,596119331,270174872.0,621594315,95.9,43.46
Vatican,2020,100,Europe,23424986,Europe,Southern Europe,374577780,,374577780,100.0,
Vietnam,2020,100,Asia,23424984,Asia,South-Eastern Asia,4949461453,,596521097448,0.83,
Yemen,2020,100,Asia,23425002,Asia,Western Asia,36082293978,25561749074.0,56370255339,64.01,45.35
Zambia,2020,100,Africa,23425003,Africa,Eastern Africa,128811763,12693286.0,56241868988,0.23,0.02
Algeria,2000,300,Africa,23424740,Africa,Northern Africa,693387447,,280807489472,0.25,
American Samoa,2000,300,Oceania,23424746,Oceania,Polynesia,664203656,664203656.0,664203656,100.0,100.0
Andorra,2000,300,Europe,23424744,Europe,Southern Europe,3450334575,,3450334575,100.0,
Anguilla,2000,300,North America,23424751,Americas,Caribbean,119565036,119565036.0,119565036,100.0,100.0
Antarctica,2000,300,Antarctica,28289409,Antarctica,Antarctica,0,0.0,0,,
Antigua and Barbuda,2000,300,North America,23424737,Americas,Caribbean,1347099024,1347099024.0,1347099024,100.0,100.0
Argentina,2000,300,South America,23424747,Americas,South America,43210823317,6575008006.0,479467320891,9.01,1.37
Armenia,2000,300,Asia,23424743,Asia,Western Asia,9141604394,9141604394.0,9141604394,100.0,100.0
Australia,2000,300,Oceania,-90,Oceania,Australia and New Zealand,150981367684,,555824248823,27.16,
Azerbaijan,2000,300,Asia,23424741,Asia,Western Asia,5847276763,3579760307.0,31244618901,18.71,11.46
Bangladesh,2000,300,Asia,23424759,Asia,Southern Asia,10809281,,187756722804,0.01,
Barbados,2000,300,North America,23424754,Americas,Caribbean,2655705734,2655705734.0,2655705734,100.0,100.0
Belgium,2000,300,Europe,23424757,Europe,Western Europe,317268699757,,320237074123,99.07,
Belize,2000,300,North America,23424760,Americas,Central America,837105726,79810450.0,1243327466,67.33,6.42
Bolivia,2000,300,South America,23424762,Americas,South America,16561795000,14721343231.0,32408301826,51.1,45.42
British Virgin Islands,2000,300,North America,23424983,Americas,Caribbean,740409754,740409754.0,740409754,100.0,100.0
Burundi,2000,300,Africa,23424774,Africa,Eastern Africa,3779293092,3664361509.0,3779293092,100.0,96.96
Cambodia,2000,300,Asia,23424776,Asia,South-Eastern Asia,63019746,422464.0,14694502454,0.43,0.0
Cameroon,2000,300,Africa,23424785,Africa,Middle Africa,24355180665,24231677912.0,33569819994,72.55,72.18
Canada,2000,300,North America,23424775,Americas,Northern America,81744371846,6405721358.0,914350611474,8.94,0.7
Central African Republic,2000,300,Africa,23424792,Africa,Middle Africa,771908,,2765521155,0.03,
Chad,2000,300,Africa,23424777,Africa,Middle Africa,359052004,,7244319935,4.96,
Chile,2000,300,South America,23424782,Americas,South America,160925399397,152332701441.0,163072205424,98.68,93.41
China,2000,300,Asia,23424781,Asia,Eastern Asia,512303234466,38495977794.0,4130041992721,12.4,0.93
Colombia,2000,300,South America,23424787,Americas,South America,239313810859,239049778102.0,294254703981,81.33,81.24
Comoros,2000,300,Africa,23424786,Africa,Eastern Africa,949509857,949509857.0,949509857,100.0,100.0
Costa Rica,2000,300,North America,23424791,Americas,Central America,34763464281,34763464281.0,34763464302,100.0,100.0
Dem. Rep. Korea,2000,300,Asia,23424865,Asia,Eastern Asia,39271178343,14129850151.0,40026072943,98.11,35.3
Democratic Republic of the Congo,2000,300,Africa,23424780,Africa,Middle Africa,2094377095,1496629099.0,23796226616,8.8,6.29
Djibouti,2000,300,Africa,23424797,Africa,Eastern Africa,1094755019,1094755019.0,1094755019,100.0,100.0
Dominica,2000,300,North America,23424798,Americas,Caribbean,454608625,454608625.0,454608625,100.0,100.0
Ecuador,2000,300,South America,23424801,Americas,South America,76069263819,76069178657.0,76143283145,99.9,99.9
Egypt,2000,300,Africa,23424802,Africa,Northern Africa,1115237,,432735514621,0.0,
El Salvador,2000,300,North America,23424807,Americas,Central America,29266913120,29266913120.0,29266913120,100.0,100.0
Equatorial Guinea,2000,300,Africa,23424804,Africa,Middle Africa,3498790653,2569246010.0,4987060715,70.16,51.52
Eritrea,2000,300,Africa,23424806,Africa,Eastern Africa,5423608575,1340353682.0,5992765501,90.5,22.37
Ethiopia,2000,300,Africa,23424808,Africa,Eastern Africa,32118047281,28444526429.0,35889658085,89.49,79.26
Fiji,2000,300,Oceania,23424813,Oceania,Melanesia,0,,4469862516,0.0,
France,2000,300,Europe,-90,Europe,Western Europe,766670733008,36978350556.0,1724056058926,44.47,2.14
French Polynesia,2000,300,Oceania,23424817,Oceania,Polynesia,4969197249,,5135758116,96.76,
French Southern and Antarctic Lands,2000,300,Seven seas (open ocean),28289406,Seven seas (open ocean),Seven seas (open ocean),0,,0,,
Gabon,2000,300,Africa,23424822,Africa,Middle Africa,452610,,16345421224,0.0,
Georgia,2000,300,Asia,23424823,Asia,Western Asia,14875485034,11232218810.0,14875485034,100.0,75.51
Germany,2000,300,Europe,23424829,Europe,Western Europe,1250838101359,,2525242288585,49.53,
Greece,2000,300,Europe,23424833,Europe,Southern Europe,188403403002,172110837849.0,225909979220,83.4,76.19
Grenada,2000,300,North America,23424826,Americas,Caribbean,695949442,695949442.0,695949442,100.0,100.0
Guam,2000,300,Oceania,23424832,Oceania,Micronesia,5353932618,,5353932618,100.0,
Guatemala,2000,300,North America,23424834,Americas,Central America,62137334544,62109887576.0,62153885783,99.97,99.93
Heard I. and McDonald Islands,2000,300,Seven seas (open ocean),28289411,Seven seas (open ocean),Seven seas (open ocean),0,,0,,
Honduras,2000,300,North America,23424841,Americas,Central America,18838006441,18143729137.0,18930803903,99.51,95.84
Iceland,2000,300,Europe,23424845,Europe,Northern Europe,8030592378,8027548601.0,8030592378,100.0,99.96
India,2000,300,Asia,23424848,Asia,Southern Asia,228843308,2367450.0,2430631213521,0.01,0.0
Indonesia,2000,300,Asia,23424846,Asia,South-Eastern Asia,1032654390262,1031150925330.0,1087414426171,94.96,94.83
Iran,2000,300,Asia,23424851,Asia,Southern Asia,487667848361,29666358053.0,752673827336,64.79,3.94
Iraq,2000,300,Asia,23424855,Asia,Western Asia,10050238374,384769832.0,290596036234,3.46,0.13
Israel,2000,300,Asia,23424852,Asia,Western Asia,127890709338,,129474204397,98.78,
Italy,2000,300,Europe,23424853,Europe,Southern Europe,916780216985,810017282240.0,1631273792878,56.2,49.66
Japan,2000,300,Asia,23424856,Asia,Eastern Asia,3802773357532,3754137281523.0,3802820745483,100.0,98.72
Jordan,2000,300,Asia,23424860,Asia,Western Asia,33340702021,,34052392681,97.91,
Kenya,2000,300,Africa,23424863,Africa,Eastern Africa,49949537372,30034817000.0,50379402145,99.15,59.62
Lao PDR,2000,300,Asia,23424872,Asia,South-Eastern Asia,512378265,,10877308741,4.71,
Lebanon,2000,300,Asia,23424873,Asia,Western Asia,30303140465,,30303140465,100.0,
Libya,2000,300,Africa,23424882,Africa,Northern Africa,20516443,,107279498408,0.02,
Luxembourg,2000,300,Europe,23424881,Europe,Western Europe,27338369362,,27338369362,100.0,
Madagascar,2000,300,Africa,23424883,Africa,Eastern Africa,63950917,,22738676423,0.28,
Malawi,2000,300,Africa,23424889,Africa,Eastern Africa,687185987,687185987.0,8505321762,8.08,8.08
Malaysia,2000,300,Asia,23424901,Asia,South-Eastern Asia,1761769043,674819308.0,325256130784,0.54,0.21
Malta,2000,300,Europe,23424897,Europe,Southern Europe,8171201407,8171201407.0,8171201407,100.0,100.0
Mauritius,2000,300,Seven seas (open ocean),23424894,Africa,Eastern Africa,11866630339,11866630339.0,11866630339,100.0,100.0
Mexico,2000,300,North America,23424900,Americas,Central America,1091723870771,931240639933.0,1254623459562,87.02,74.22
Mongolia,2000,300,Asia,23424887,Asia,Eastern Asia,1406600974,,10001827270,14.06,
Montserrat,2000,300,North America,23424888,Americas,Caribbean,25251870,25251870.0,25251870,100.0,100.0
Morocco,2000,300,Africa,23424893,Africa,Northern Africa,399198780,301500529.0,120223389525,0.33,0.25
Mozambique,2000,300,Africa,23424902,Africa,Eastern Africa,195331,195331.0,9251126644,0.0,0.0
Myanmar,2000,300,Asia,23424763,Asia,South-Eastern Asia,25087682271,1686988410.0,47753956196,52.54,3.53
Netherlands,2000,300,Europe,-90,Europe,Western Europe,535003314577,19424235.0,569603316646,93.93,0.0
New Caledonia,2000,300,Oceania,23424903,Oceania,Melanesia,471273357,471273357.0,3973582926,11.86,11.86
New Zealand,2000,300,Oceania,23424916,Oceania,Australia and New Zealand,64718692166,63683699989.0,81123293295,79.78,78.5
Nicaragua,2000,300,North America,23424915,Americas,Central America,15634693020,15632751347.0,15761998294,99.19,99.18
Niger,2000,300,Africa,23424906,Africa,Western Africa,275357997,,9872605459,2.79,
Nigeria,2000,300,Africa,23424908,Africa,Western Africa,37790222174,36903578225.0,335512340634,11.26,11.0
Northern Cyprus,2000,300,Asia,-90,Asia,Western Asia,8906672,,4178260770,0.21,
Northern Mariana Islands,2000,300,Oceania,23424788,Oceania,Micronesia,1810338282,1798301179.0,1810338282,100.0,99.34
Norway,2000,300,Europe,-90,Europe,Northern Europe,771232,,185095765809,0.0,
Oman,2000,300,Asia,23424898,Asia,Western Asia,21918829,,92696191284,0.02,
Palestine,2000,300,Asia,28289408,Asia,Western Asia,23096920017,,26993510659,85.56,
Panama,2000,300,North America,23424924,Americas,Central America,5320926147,1668890001.0,28266886970,18.82,5.9
Papua New Guinea,2000,300,Oceania,23424926,Oceania,Melanesia,7629616036,7617742735.0,8456179847,90.23,90.08
Peru,2000,300,South America,23424919,Americas,South America,11383551779,9923157375.0,148862256216,7.65,6.67
Philippines,2000,300,Asia,23424934,Asia,South-Eastern Asia,293344335627,293211419723.0,294203446301,99.71,99.66
Pitcairn Islands,2000,300,Oceania,23424918,Oceania,Polynesia,375498,,375498,100.0,
Portugal,2000,300,Europe,23424925,Europe,Southern Europe,2227834715,476398700.0,180976476074,1.23,0.26
Puerto Rico,2000,300,North America,23424935,Americas,Caribbean,6550469806,67752405.0,93706906411,6.99,0.07
Republic of Cabo Verde,2000,300,Africa,23424794,Africa,Western Africa,1203709304,1203709304.0,1203709304,100.0,100.0
Republic of Korea,2000,300,Asia,23424868,Asia,Eastern Asia,918755227197,74638068980.0,918835141437,99.99,8.12
Russian Federation,2000,300,Europe,23424936,Europe,Eastern Europe,47522756815,2080143735.0,1263338507264,3.76,0.16
Rwanda,2000,300,Africa,23424937,Africa,Eastern Africa,5571311829,5571311829.0,5571311829,100.0,100.0
Saint Helena,2000,300,Seven seas (open ocean),23424944,Africa,Western Africa,6445660,,13889590,46.41,
Saint Kitts and Nevis,2000,300,North America,23424940,Americas,Caribbean,687840143,687840143.0,687840143,100.0,100.0
Saint Lucia,2000,300,North America,23424951,Americas,Caribbean,1318441834,1318441834.0,1318441834,100.0,100.0
Saint Vincent and the Grenadines,2000,300,North America,23424981,Americas,Caribbean,386395778,386395778.0,386395778,100.0,100.0
Saint-Barthélemy,2000,300,North America,56042304,Americas,Caribbean,179775290,179775290.0,179775290,100.0,100.0
Saint-Martin,2000,300,North America,56042305,Americas,Caribbean,177127248,177127248.0,177127248,100.0,100.0
Samoa,2000,300,Oceania,23424992,Oceania,Polynesia,599207584,518190486.0,599207584,100.0,86.48
San Marino,2000,300,Europe,23424947,Europe,Southern Europe,1579927338,,1579927338,100.0,
Saudi Arabia,2000,300,Asia,23424938,Asia,Western Asia,432471515218,15876967437.0,902023016127,47.94,1.76
Sint Maarten,2000,300,North America,-90,Americas,Caribbean,1277397417,1277397417.0,1277397417,100.0,100.0
Solomon Islands,2000,300,Oceania,23424766,Oceania,Melanesia,539720633,539720633.0,546037116,98.84,98.84
Somaliland,2000,300,Africa,-99,Africa,Eastern Africa,4685707191,2507668851.0,11411307580,41.06,21.98
South Africa,2000,300,Africa,23424942,Africa,Southern Africa,0,,386995196280,0.0,
South Georgia and the Islands,2000,300,Seven seas (open ocean),23424955,Seven seas (open ocean),Seven seas (open ocean),0,,0,,
South Sudan,2000,300,Africa,-99,Africa,Eastern Africa,223659131,,7583238160,2.95,
Spain,2000,300,Europe,23424950,Europe,Southern Europe,713620913939,37045191580.0,1001126264100,71.28,3.7
Sudan,2000,300,Africa,-90,Africa,Northern Africa,20231697291,,60654212742,33.36,
Switzerland,2000,300,Europe,23424957,Europe,Western Europe,96467279283,,285298058266,33.81,
Syria,2000,300,Asia,23424956,Asia,Western Asia,51556200949,,54970162801,93.79,
São Tomé and Principe,2000,300,Africa,23424966,Africa,Middle Africa,10849154,,251918900,4.31,
Taiwan,2000,300,Asia,23424971,Asia,Eastern Asia,401001927483,,401063022701,99.98,
Tanzania,2000,300,Africa,23424973,Africa,Eastern Africa,18750904494,12016121347.0,43018874974,43.59,27.93
Timor-Leste,2000,300,Asia,23424968,Asia,South-Eastern Asia,1246715680,1246715680.0,1246715680,100.0,100.0
Tonga,2000,300,Oceania,23424964,Oceania,Polynesia,331383994,331383994.0,331383994,100.0,100.0
Trinidad and Tobago,2000,300,North America,23424958,Americas,Caribbean,20297460166,20297460166.0,20297460166,100.0,100.0
Tunisia,2000,300,Africa,23424967,Africa,Northern Africa,55276822416,,61074683740,90.51,
Turkey,2000,300,Asia,23424969,Asia,Western Asia,585476751545,83774031829.0,598830019881,97.77,13.99
Turkmenistan,2000,300,Asia,23424972,Asia,Central Asia,43605460,,21600673314,0.2,
Uganda,2000,300,Africa,23424974,Africa,Eastern Africa,16953473375,3680553537.0,18666780889,90.82,19.72
United States,2000,300,North America,23424977,Americas,Northern America,3540816612396,284384494901.0,11180736613276,31.67,2.54
United States Virgin Islands,2000,300,North America,23424985,Americas,Caribbean,3589703952,3589703952.0,3589703952,100.0,100.0
Vanuatu,2000,300,Oceania,23424907,Oceania,Melanesia,366585260,366585260.0,366585260,100.0,100.0
Vatican,2000,300,Europe,23424986,Europe,Southern Europe,487579928,487579928.0,487579928,100.0,100.0
Venezuela,2000,300,South America,23424982,Americas,South America,5688130955,5508103385.0,336707154073,1.69,1.64
Vietnam,2000,300,Asia,23424984,Asia,South-Eastern Asia,111693474296,103718751567.0,176004319519,63.46,58.93
Wallis and Futuna Islands,2000,300,Oceania,23424989,Oceania,Polynesia,124267558,57648428.0,124267558,100.0,46.39
Yemen,2000,300,Asia,23425002,Asia,Western Asia,60865458384,59508935356.0,60905057745,99.93,97.71
Zambia,2000,300,Africa,23425003,Africa,Eastern Africa,641073624,570551496.0,19142763471,3.35,2.98
Algeria,2001,300,Africa,23424740,Africa,Northern Africa,2885661651,,293394425710,0.98,
American Samoa,2001,300,Oceania,23424746,Oceania,Polynesia,707217106,707217106.0,707217106,100.0,100.0
Andorra,2001,300,Europe,23424744,Europe,Southern Europe,3605510832,,3605510832,100.0,
Anguilla,2001,300,North America,23424751,Americas,Caribbean,126520552,126520552.0,126520552,100.0,100.0
Antarctica,2001,300,Antarctica,28289409,Antarctica,Antarctica,0,0.0,0,,
Antigua and Barbuda,2001,300,North America,23424737,Americas,Caribbean,1217040331,1217040331.0,1217040331,100.0,100.0
Argentina,2001,300,South America,23424747,Americas,South America,40000727408,6985123986.0,458137370995,8.73,1.52
Armenia,2001,300,Asia,23424743,Asia,Western Asia,10007740347,10007740347.0,10007740347,100.0,100.0
Australia,2001,300,Oceania,-90,Oceania,Australia and New Zealand,158890271769,,565542260973,28.1,
Azerbaijan,2001,300,Asia,23424741,Asia,Western Asia,8491056253,5103843719.0,34331573867,24.73,14.87
Bangladesh,2001,300,Asia,23424759,Asia,Southern Asia,11435937,,197177617660,0.01,
Barbados,2001,300,North America,23424754,Americas,Caribbean,2632694670,2632694670.0,2632694670,100.0,100.0
Belgium,2001,300,Europe,23424757,Europe,Western Europe,320750479842,,323956361066,99.01,
Belize,2001,300,North America,23424760,Americas,Central America,853195601,83329804.0,1382010850,61.74,6.03
Bolivia,2001,300,South America,23424762,Americas,South America,17729436122,15435751960.0,32954547853,53.8,46.84
British Virgin Islands,2001,300,North America,23424983,Americas,Caribbean,617455529,617455529.0,617455529,100.0,100.0
Burundi,2001,300,Africa,23424774,Africa,Eastern Africa,3864520613,3744646377.0,3864520613,100.0,96.9
Cambodia,2001,300,Asia,23424776,Asia,South-Eastern Asia,62357332,688258.0,15853854587,0.39,0.0
Cameroon,2001,300,Africa,23424785,Africa,Middle Africa,26213444592,26075703996.0,35151798251,74.57,74.18
Canada,2001,300,North America,23424775,Americas,Northern America,80578196949,7892253395.0,935805265198,8.61,0.84
Central African Republic,2001,300,Africa,23424792,Africa,Middle Africa,975355,,2879477651,0.03,
Chad,2001,300,Africa,23424777,Africa,Middle Africa,406031569,,8058737438,5.04,
Chile,2001,300,South America,23424782,Americas,South America,165822453267,156634033172.0,168549492055,98.38,92.93
China,2001,300,Asia,23424781,Asia,Eastern Asia,527120056205,42112947384.0,4490078337894,11.74,0.94
Colombia,2001,300,South America,23424787,Americas,South America,241813249057,241543524262.0,299202075207,80.82,80.73
Comoros,2001,300,Africa,23424786,Africa,Eastern Africa,975488042,975488042.0,975488042,100.0,100.0
Costa Rica,2001,300,North America,23424791,Americas,Central America,35975828040,35975828040.0,35975828052,100.0,100.0
Dem. Rep. Korea,2001,300,Asia,23424865,Asia,Eastern Asia,40632421504,14563758073.0,41383566069,98.18,35.19
Democratic Republic of the Congo,2001,300,Africa,23424780,Africa,Middle Africa,1798823281,1289791074.0,23389064465,7.69,5.51
Djibouti,2001,300,Africa,23424797,Africa,Eastern Africa,738962753,738962753.0,738962753,100.0,100.0
Dominica,2001,300,North America,23424798,Americas,Caribbean,467459115,467459115.0,467459115,100.0,100.0
Ecuador,2001,300,South America,23424801,Americas,South America,77633603921,77633510570.0,77710365331,99.9,99.9
Egypt,2001,300,Africa,23424802,Africa,Northern Africa,1115629,,448970669834,0.0,
El Salvador,2001,300,North America,23424807,Americas,Central America,29566877295,29566877295.0,29566877295,100.0,100.0
Equatorial Guinea,2001,300,Africa,23424804,Africa,Middle Africa,4776418919,3484505901.0,7026090413,67.98,49.59
Eritrea,2001,300,Africa,23424806,Africa,Eastern Africa,5904722722,1402873434.0,6511759927,90.68,21.54
Ethiopia,2001,300,Africa,23424808,Africa,Eastern Africa,34931376345,31083489841.0,38875005326,89.86,79.96
Fiji,2001,300,Oceania,23424813,Oceania,Melanesia,0,,4754272350,0.0,
France,2001,300,Europe,-90,Europe,Western Europe,758695056246,38960311931.0,1764075252257,43.01,2.21
French Polynesia,2001,300,Oceania,23424817,Oceania,Polynesia,5321989624,,5451087598,97.63,
French Southern and Antarctic Lands,2001,300,Seven seas (open ocean),28289406,Seven seas (open ocean),Seven seas (open ocean),0,,0,,
Gabon,2001,300,Africa,23424822,Africa,Middle Africa,411195,,16893494565,0.0,
Georgia,2001,300,Asia,23424823,Asia,Western Asia,15733998610,12646266561.0,15733998610,100.0,80.38
Germany,2001,300,Europe,23424829,Europe,Western Europe,1265106354770,,2566379833654,49.3,
Greece,2001,300,Europe,23424833,Europe,Southern Europe,203124128111,191045940546.0,238678664977,85.1,80.04
Grenada,2001,300,North America,23424826,Americas,Caribbean,741762478,741762478.0,741762478,100.0,100.0
Guam,2001,300,Oceania,23424832,Oceania,Micronesia,5420845431,,5420845431,100.0,
Guatemala,2001,300,North America,23424834,Americas,Central America,63539743247,63507235846.0,63557291926,99.97,99.92
Heard I. and McDonald Islands,2001,300,Seven seas (open ocean),28289411,Seven seas (open ocean),Seven seas (open ocean),0,,0,,
Honduras,2001,300,North America,23424841,Americas,Central America,19421930005,18639569836.0,19511560898,99.54,95.53
Iceland,2001,300,Europe,23424845,Europe,Northern Europe,8535742686,8533402941.0,8535742686,100.0,99.97
India,2001,300,Asia,23424848,Asia,Southern Asia,247273576,2539153.0,2551729035794,0.01,0.0
Indonesia,2001,300,Asia,23424846,Asia,South-Eastern Asia,1062856436758,1061348209954.0,1127434684029,94.27,94.14
Iran,2001,300,Asia,23424851,Asia,Southern Asia,488543760181,29085800448.0,758485200443,64.41,3.83
Iraq,2001,300,Asia,23424855,Asia,Western Asia,9320210633,314417773.0,295945916742,3.15,0.11
Israel,2001,300,Asia,23424852,Asia,Western Asia,127913127758,,129308930654,98.92,
Italy,2001,300,Europe,23424853,Europe,Southern Europe,908485626504,810666637153.0,1675742133984,54.21,48.38
Japan,2001,300,Asia,23424856,Asia,Eastern Asia,3816789678457,3768069735017.0,3816833282642,100.0,98.72
Jordan,2001,300,Asia,23424860,Asia,Western Asia,35019814634,,35863072201,97.65,
Kenya,2001,300,Africa,23424863,Africa,Eastern Africa,51884782670,33114770669.0,52312275300,99.18,63.3
Lao PDR,2001,300,Asia,23424872,Asia,South-Eastern Asia,480918948,,11488410054,4.19,
Lebanon,2001,300,Asia,23424873,Asia,Western Asia,29916640083,,29916640083,100.0,
Libya,2001,300,Africa,23424882,Africa,Northern Africa,14964814,,104770376679,0.01,
Luxembourg,2001,300,Europe,23424881,Europe,Western Europe,28246947911,,28246947911,100.0,
Madagascar,2001,300,Africa,23424883,Africa,Eastern Africa,65477784,,24104499758,0.27,
Malawi,2001,300,Africa,23424889,Africa,Eastern Africa,686403231,686403231.0,8091770146,8.48,8.48
Malaysia,2001,300,Asia,23424901,Asia,South-Eastern Asia,1921438485,757820359.0,328187052396,0.59,0.23
Malta,2001,300,Europe,23424897,Europe,Southern Europe,8035152678,8035152678.0,8035152678,100.0,100.0
Mauritius,2001,300,Seven seas (open ocean),23424894,Africa,Eastern Africa,12278841497,12278841497.0,12278841497,100.0,100.0
Mexico,2001,300,North America,23424900,Americas,Central America,1088775871793,914701433570.0,1253807542105,86.84,72.95
Mongolia,2001,300,Asia,23424887,Asia,Eastern Asia,1386034252,,10297294511,13.46,
Montserrat,2001,300,North America,23424888,Americas,Caribbean,17126036,17126036.0,17126036,100.0,100.0
Morocco,2001,300,Africa,23424893,Africa,Northern Africa,467828479,339504191.0,128130633729,0.37,0.26
Mozambique,2001,300,Africa,23424902,Africa,Eastern Africa,229107,229107.0,10214384965,0.0,0.0
Myanmar,2001,300,Asia,23424763,Asia,South-Eastern Asia,28162755340,2012155182.0,53224061799,52.91,3.78
Netherlands,2001,300,Europe,-90,Europe,Western Europe,550217534640,26772429.0,581164261990,94.68,0.0
New Caledonia,2001,300,Oceania,23424903,Oceania,Melanesia,225565614,225565614.0,3927119091,5.74,5.74
New Zealand,2001,300,Oceania,23424916,Oceania,Australia and New Zealand,64538185789,63374141672.0,84354354377,76.51,75.13
Nicaragua,2001,300,North America,23424915,Americas,Central America,16117500593,16115695769.0,16238406120,99.26,99.24
Niger,2001,300,Africa,23424906,Africa,Western Africa,301310449,,10585861594,2.85,
Nigeria,2001,300,Africa,23424908,Africa,Western Africa,40426707441,39378443257.0,357270578772,11.32,11.02
Northern Cyprus,2001,300,Asia,-90,Asia,Western Asia,9707099,,4202923927,0.23,
Northern Mariana Islands,2001,300,Oceania,23424788,Oceania,Micronesia,1827567754,1818894210.0,1827567754,100.0,99.53
Norway,2001,300,Europe,-90,Europe,Northern Europe,728653,,190809993991,0.0,
Oman,2001,300,Asia,23424898,Asia,Western Asia,23130416,,97140685323,0.02,
Palestine,2001,300,Asia,28289408,Asia,Western Asia,22110609310,,25583747667,86.42,
Panama,2001,300,North America,23424924,Americas,Central America,4857860048,1739015284.0,28437577309,17.08,6.12
Papua New Guinea,2001,300,Oceania,23424926,Oceania,Melanesia,7648475326,7636587465.0,8468650895,90.32,90.17
Peru,2001,300,South America,23424919,Americas,South America,13226034088,11588958360.0,150107058458,8.81,7.72
Philippines,2001,300,Asia,23424934,Asia,South-Eastern Asia,301121263555,300983872793.0,302021215215,99.7,99.66
Pitcairn Islands,2001,300,Oceania,23424918,Oceania,Polynesia,376890,,376890,100.0,
Portugal,2001,300,Europe,23424925,Europe,Southern Europe,3302341525,474318033.0,198057692994,1.67,0.24
Puerto Rico,2001,300,North America,23424935,Americas,Caribbean,6857867715,61139968.0,99196696821,6.91,0.06
Republic of Cabo Verde,2001,300,Africa,23424794,Africa,Western Africa,1250835936,1250835936.0,1250835936,100.0,100.0
Republic of Korea,2001,300,Asia,23424868,Asia,Eastern Asia,968819790934,77807895819.0,968886633909,99.99,8.03
Russian Federation,2001,300,Europe,23424936,Europe,Eastern Europe,48523461619,1963153007.0,1329022851808,3.65,0.15
Rwanda,2001,300,Africa,23424937,Africa,Eastern Africa,6018301624,6018301624.0,6018301624,100.0,100.0
Saint Helena,2001,300,Seven seas (open ocean),23424944,Africa,Western Africa,5012396,,28405968,17.65,
Saint Kitts and Nevis,2001,300,North America,23424940,Americas,Caribbean,741690802,741690802.0,741690802,100.0,100.0
Saint Lucia,2001,300,North America,23424951,Americas,Caribbean,1281030076,1281030076.0,1281030076,100.0,100.0
Saint Vincent and the Grenadines,2001,300,North America,23424981,Americas,Caribbean,507793980,507793980.0,507793980,100.0,100.0
Saint-Barthélemy,2001,300,North America,56042304,Americas,Caribbean,175529651,175529651.0,175529651,100.0,100.0
Saint-Martin,2001,300,North America,56042305,Americas,Caribbean,265422434,265422434.0,265422434,100.0,100.0
Samoa,2001,300,Oceania,23424992,Oceania,Polynesia,601804746,516606130.0,601804746,100.0,85.84
San Marino,2001,300,Europe,23424947,Europe,Southern Europe,1536494576,,1536494576,100.0,
Saudi Arabia,2001,300,Asia,23424938,Asia,Western Asia,438540999366,18572152057.0,892298118209,49.15,2.08
Sint Maarten,2001,300,North America,-90,Americas,Caribbean,1113646979,1113646979.0,1113646979,100.0,100.0
Solomon Islands,2001,300,Oceania,23424766,Oceania,Melanesia,492888796,492888796.0,499845322,98.61,98.61
Somaliland,2001,300,Africa,-99,Africa,Eastern Africa,5033435792,2667685590.0,11958003159,42.09,22.31
South Africa,2001,300,Africa,23424942,Africa,Southern Africa,0,,397741039838,0.0,
South Georgia and the Islands,2001,300,Seven seas (open ocean),23424955,Seven seas (open ocean),Seven seas (open ocean),0,,0,,
South Sudan,2001,300,Africa,-99,Africa,Eastern Africa,254820295,,7893627451,3.23,
Spain,2001,300,Europe,23424950,Europe,Southern Europe,764683493285,38255847614.0,1052848298689,72.63,3.63
Sudan,2001,300,Africa,-90,Africa,Northern Africa,21806454452,,64772183448,33.67,
Switzerland,2001,300,Europe,23424957,Europe,Western Europe,98758502314,,286938368221,34.42,
Syria,2001,300,Asia,23424956,Asia,Western Asia,54770516592,,58048795257,94.35,
São Tomé and Principe,2001,300,Africa,23424966,Africa,Middle Africa,8549012,,267649878,3.19,
Taiwan,2001,300,Asia,23424971,Asia,Eastern Asia,416943348179,,417018920491,99.98,
Tanzania,2001,300,Africa,23424973,Africa,Eastern Africa,18814142952,12088343491.0,45543739498,41.31,26.54
Timor-Leste,2001,300,Asia,23424968,Asia,South-Eastern Asia,1434086994,1434086994.0,1434086994,100.0,100.0
Tonga,2001,300,Oceania,23424964,Oceania,Polynesia,335120512,335120512.0,335120512,100.0,100.0
Trinidad and Tobago,2001,300,North America,23424958,Americas,Caribbean,21271126654,21271126654.0,21271126654,100.0,100.0
Tunisia,2001,300,Africa,23424967,Africa,Northern Africa,56010024851,,62614933978,89.45,
Turkey,2001,300,Asia,23424969,Asia,Western Asia,561976551470,79972287946.0,573065422337,98.06,13.96
Turkmenistan,2001,300,Asia,23424972,Asia,Central Asia,36487360,,22574074669,0.16,
Uganda,2001,300,Africa,23424974,Africa,Eastern Africa,17980107044,3528504460.0,19634267657,91.58,17.97
United States,2001,300,North America,23424977,Americas,Northern America,3634082872736,278253751714.0,11327910347854,32.08,2.46
United States Virgin Islands,2001,300,North America,23424985,Americas,Caribbean,3662869425,3662869425.0,3662869425,100.0,100.0
Vanuatu,2001,300,Oceania,23424907,Oceania,Melanesia,372402423,372402423.0,372402423,100.0,100.0
Vatican,2001,300,Europe,23424986,Europe,Southern Europe,462931340,462931340.0,462931340,100.0,100.0
Venezuela,2001,300,South America,23424982,Americas,South America,9169929108,8964157904.0,347993883423,2.64,2.58
Vietnam,2001,300,Asia,23424984,Asia,South-Eastern Asia,118127801831,109619567973.0,187286575238,63.07,58.53
Wallis and Futuna Islands,2001,300,Oceania,23424989,Oceania,Polynesia,115621530,58816743.0,115621530,100.0,50.87
Yemen,2001,300,Asia,23425002,Asia,Western Asia,61364996359,59976835079.0,61402944446,99.94,97.68
Zambia,2001,300,Africa,23425003,Africa,Eastern Africa,715361594,636280423.0,20161319766,3.55,3.16
Algeria,2002,300,Africa,23424740,Africa,Northern Africa,1934650129,,309033077338,0.63,
American Samoa,2002,300,Oceania,23424746,Oceania,Polynesia,714380560,714380560.0,714380560,100.0,100.0
Andorra,2002,300,Europe,23424744,Europe,Southern Europe,3834533848,,3834533848,100.0,
Anguilla,2002,300,North America,23424751,Americas,Caribbean,129635417,129635417.0,129635417,100.0,100.0
Antarctica,2002,300,Antarctica,28289409,Antarctica,Antarctica,0,0.0,0,,
Antigua and Barbuda,2002,300,North America,23424737,Americas,Caribbean,1277133989,1277133989.0,1277133989,100.0,100.0
Argentina,2002,300,South America,23424747,Americas,South America,41474176281,6205611903.0,408155169293,10.16,1.52
Armenia,2002,300,Asia,23424743,Asia,Western Asia,11334136685,11334136685.0,11334136685,100.0,100.0
Australia,2002,300,Oceania,-90,Oceania,Australia and New Zealand,170062967755,,586554351888,28.99,
Azerbaijan,2002,300,Asia,23424741,Asia,Western Asia,7394764795,4826608877.0,37720940800,19.6,12.8
Bangladesh,2002,300,Asia,23424759,Asia,Southern Asia,12400731,,204574180114,0.01,
Barbados,2002,300,North America,23424754,Americas,Caribbean,2701400222,2701400222.0,2701400222,100.0,100.0
Belgium,2002,300,Europe,23424757,Europe,Western Europe,325970012914,,329418559779,98.95,
Belize,2002,300,North America,23424760,Americas,Central America,720011035,73197432.0,1081411844,66.58,6.77
Bolivia,2002,300,South America,23424762,Americas,South America,17498899310,14554770948.0,33767682382,51.82,43.1
British Virgin Islands,2002,300,North America,23424983,Americas,Caribbean,777271255,777271255.0,777271255,100.0,100.0
Burundi,2002,300,Africa,23424774,Africa,Eastern Africa,4037728901,3914158056.0,4037728901,100.0,96.94
Cambodia,2002,300,Asia,23424776,Asia,South-Eastern Asia,62828102,648595.0,16966803348,0.37,0.0
Cameroon,2002,300,Africa,23424785,Africa,Middle Africa,28596603002,28476490745.0,36700835231,77.92,77.59
Canada,2002,300,North America,23424775,Americas,Northern America,83873193230,8626593929.0,966969282669,8.67,0.89
Central African Republic,2002,300,Africa,23424792,Africa,Middle Africa,993219,,2987903352,0.03,
Chad,2002,300,Africa,23424777,Africa,Middle Africa,446436656,,8729740119,5.11,
Chile,2002,300,South America,23424782,Americas,South America,170617627455,160698779668.0,173919308103,98.1,92.4
China,2002,300,Asia,23424781,Asia,Eastern Asia,569695367792,48772571518.0,4893719799516,11.64,1.0
Colombia,2002,300,South America,23424787,Americas,South America,249278559391,248981875038.0,306427272075,81.35,81.25
Comoros,2002,300,Africa,23424786,Africa,Eastern Africa,999864850,999864850.0,999864850,100.0,100.0
Costa Rica,2002,300,North America,23424791,Americas,Central America,37196183445,37196183445.0,37196183458,100.0,100.0
Dem. Rep. Korea,2002,300,Asia,23424865,Asia,Eastern Asia,40724956337,14412262624.0,41736592263,97.58,34.53
Democratic Republic of the Congo,2002,300,Africa,23424780,Africa,Middle Africa,1950936969,1398514435.0,24069846789,8.11,5.81
Djibouti,2002,300,Africa,23424797,Africa,Eastern Africa,1035688467,1035688467.0,1035688467,100.0,100.0
Dominica,2002,300,North America,23424798,Americas,Caribbean,459925586,459925586.0,459925586,100.0,100.0
Ecuador,2002,300,South America,23424801,Americas,South America,80602921534,80602831441.0,80679932674,99.9,99.9
Egypt,2002,300,Africa,23424802,Africa,Northern Africa,1242631,,459867299414,0.0,
El Salvador,2002,300,North America,23424807,Americas,Central America,30030774709,30030774709.0,30030774709,100.0,100.0
Equatorial Guinea,2002,300,Africa,23424804,Africa,Middle Africa,6485002451,4709179704.0,9501752911,68.25,49.56
Eritrea,2002,300,Africa,23424806,Africa,Eastern Africa,6111045038,1344061770.0,6707706525,91.1,20.04
Ethiopia,2002,300,Africa,23424808,Africa,Eastern Africa,35803090633,32229605509.0,39471248963,90.71,81.65
Fiji,2002,300,Oceania,23424813,Oceania,Melanesia,0,,4874919252,0.0,
France,2002,300,Europe,-90,Europe,Western Europe,776922535600,38877426938.0,1785061850114,43.52,2.18
French Polynesia,2002,300,Oceania,23424817,Oceania,Polynesia,5573432017,,5656996904,98.52,
French Southern and Antarctic Lands,2002,300,Seven seas (open ocean),28289406,Seven seas (open ocean),Seven seas (open ocean),0,,0,,
Gabon,2002,300,Africa,23424822,Africa,Middle Africa,375876,,16761778039,0.0,
Georgia,2002,300,Asia,23424823,Asia,Western Asia,16530837104,14384330532.0,16530837104,100.0,87.02
Germany,2002,300,Europe,23424829,Europe,Western Europe,1321473437649,,2559185855432,51.64,
Greece,2002,300,Europe,23424833,Europe,Southern Europe,199012502270,182614129762.0,248650099596,80.04,73.44
Grenada,2002,300,North America,23424826,Americas,Caribbean,776803391,776803391.0,776803391,100.0,100.0
Guam,2002,300,Oceania,23424832,Oceania,Micronesia,5478813101,,5478813101,100.0,
Guatemala,2002,300,North America,23424834,Americas,Central America,66003659945,65964513702.0,66024873136,99.97,99.91
Heard I. and McDonald Islands,2002,300,Seven seas (open ocean),28289411,Seven seas (open ocean),Seven seas (open ocean),0,,0,,
Honduras,2002,300,North America,23424841,Americas,Central America,20152063728,19246238602.0,20244896717,99.54,95.07
Iceland,2002,300,Europe,23424845,Europe,Northern Europe,8552141381,8550416897.0,8552141381,100.0,99.98
India,2002,300,Asia,23424848,Asia,Southern Asia,323249279,2760869.0,2644482481276,0.01,0.0
Indonesia,2002,300,Asia,23424846,Asia,South-Eastern Asia,1110001218602,1108515191739.0,1174918965008,94.47,94.35
Iran,2002,300,Asia,23424851,Asia,Southern Asia,523963813877,35893307897.0,813917046531,64.38,4.41
Iraq,2002,300,Asia,23424855,Asia,Western Asia,11311954863,275381567.0,271608436335,4.16,0.1
Israel,2002,300,Asia,23424852,Asia,Western Asia,127686802625,,128999333838,98.98,
Italy,2002,300,Europe,23424853,Europe,Southern Europe,891364205649,777456892622.0,1681583250091,53.01,46.23
Japan,2002,300,Asia,23424856,Asia,Eastern Asia,3816479715778,3763868543931.0,3816569635656,100.0,98.62
Jordan,2002,300,Asia,23424860,Asia,Western Asia,37034199573,,37943068825,97.6,
Kenya,2002,300,Africa,23424863,Africa,Eastern Africa,52145334705,34742213505.0,52565151517,99.2,66.09
Lao PDR,2002,300,Asia,23424872,Asia,South-Eastern Asia,510757204,,12202175618,4.19,
Lebanon,2002,300,Asia,23424873,Asia,Western Asia,31422772378,,31422772378,100.0,
Libya,2002,300,Africa,23424882,Africa,Northern Africa,16135033,,104194736901,0.02,
Luxembourg,2002,300,Europe,23424881,Europe,Western Europe,29337243503,,29337243503,100.0,
Madagascar,2002,300,Africa,23424883,Africa,Eastern Africa,66857405,,21097436426,0.32,
Malawi,2002,300,Africa,23424889,Africa,Eastern Africa,652882588,652882588.0,8237444563,7.93,7.93
Malaysia,2002,300,Asia,23424901,Asia,South-Eastern Asia,2541315475,1004294638.0,343713389346,0.74,0.29
Malta,2002,300,Europe,23424897,Europe,Southern Europe,8242651833,8242651833.0,8242651833,100.0,100.0
Mauritius,2002,300,Seven seas (open ocean),23424894,Africa,Eastern Africa,12473033018,12473033018.0,12473033018,100.0,100.0
Mexico,2002,300,North America,23424900,Americas,Central America,1076664854047,894465886265.0,1252830273146,85.94,71.4
Mongolia,2002,300,Asia,23424887,Asia,Eastern Asia,1240516954,,10784016862,11.5,
Montserrat,2002,300,North America,23424888,Americas,Caribbean,17950439,17950439.0,17950439,100.0,100.0
Morocco,2002,300,Africa,23424893,Africa,Northern Africa,519079530,379538073.0,132146878831,0.39,0.29
Mozambique,2002,300,Africa,23424902,Africa,Eastern Africa,256808,256808.0,11291537414,0.0,0.0
Myanmar,2002,300,Asia,23424763,Asia,South-Eastern Asia,31058161482,2582677999.0,59704994234,52.02,4.33
Netherlands,2002,300,Europe,-90,Europe,Western Europe,550122085223,20800220.0,583302485412,94.31,0.0
New Caledonia,2002,300,Oceania,23424903,Oceania,Melanesia,203197463,203197463.0,3803803640,5.34,5.34
New Zealand,2002,300,Oceania,23424916,Oceania,Australia and New Zealand,69135945492,68077341302.0,88280656089,78.31,77.11
Nicaragua,2002,300,North America,23424915,Americas,Central America,16230867031,16228950390.0,16358606963,99.22,99.21
Niger,2002,300,Africa,23424906,Africa,Western Africa,322896605,,11107517408,2.91,
Nigeria,2002,300,Africa,23424908,Africa,Western Africa,46173767073,45230599367.0,412578687154,11.19,10.96
Northern Cyprus,2002,300,Asia,-90,Asia,Western Asia,8999086,,4080824502,0.22,
Northern Mariana Islands,2002,300,Oceania,23424788,Oceania,Micronesia,1811128537,1797951140.0,1811128537,100.0,99.27
Norway,2002,300,Europe,-90,Europe,Northern Europe,759671,,191718953054,0.0,
Oman,2002,300,Asia,23424898,Asia,Western Asia,19955143,,95839968139,0.02,
Palestine,2002,300,Asia,28289408,Asia,Western Asia,22479041505,,24802015767,90.63,
Panama,2002,300,North America,23424924,Americas,Central America,5096641717,2152433306.0,29088420695,17.52,7.4
Papua New Guinea,2002,300,Oceania,23424926,Oceania,Melanesia,7654664878,7643759511.0,8467878355,90.4,90.27
Peru,2002,300,South America,23424919,Americas,South America,15598583940,13713258068.0,158091639937,9.87,8.67
Philippines,2002,300,Asia,23424934,Asia,South-Eastern Asia,310118744915,309991539710.0,311011588452,99.71,99.67
Pitcairn Islands,2002,300,Oceania,23424918,Oceania,Polynesia,377418,,377418,100.0,
Portugal,2002,300,Europe,23424925,Europe,Southern Europe,2503663706,413490498.0,198925465498,1.26,0.21
Puerto Rico,2002,300,North America,23424935,Americas,Caribbean,7533525389,115670544.0,99698015020,7.56,0.12
Republic of Cabo Verde,2002,300,Africa,23424794,Africa,Western Africa,1365749093,1365749093.0,1365749093,100.0,100.0
Republic of Korea,2002,300,Asia,23424868,Asia,Eastern Asia,1041888207193,89527598021.0,1041966337953,99.99,8.59
Russian Federation,2002,300,Europe,23424936,Europe,Eastern Europe,62189441952,2702537551.0,1395071318688,4.46,0.19
Rwanda,2002,300,Africa,23424937,Africa,Eastern Africa,6815238857,6815238857.0,6815238857,100.0,100.0
Saint Helena,2002,300,Seven seas (open ocean),23424944,Africa,Western Africa,5004370,,27746741,18.04,
Saint Kitts and Nevis,2002,300,North America,23424940,Americas,Caribbean,726118882,726118882.0,726118882,100.0,100.0
Saint Lucia,2002,300,North America,23424951,Americas,Caribbean,1258940863,1258940863.0,1258940863,100.0,100.0
Saint Vincent and the Grenadines,2002,300,North America,23424981,Americas,Caribbean,521664001,521664001.0,521664001,100.0,100.0
Saint-Barthélemy,2002,300,North America,56042304,Americas,Caribbean,183912352,183912352.0,183912352,100.0,100.0
Saint-Martin,2002,300,North America,56042305,Americas,Caribbean,256115307,256115307.0,256115307,100.0,100.0
Samoa,2002,300,Oceania,23424992,Oceania,Polynesia,626629599,539627206.0,626629599,100.0,86.12
San Marino,2002,300,Europe,23424947,Europe,Southern Europe,1631663419,,1631663419,100.0,
Saudi Arabia,2002,300,Asia,23424938,Asia,Western Asia,432265912380,18934019245.0,867834271054,49.81,2.18
Sint Maarten,2002,300,North America,-90,Americas,Caribbean,1120891229,1120891229.0,1120891229,100.0,100.0
Solomon Islands,2002,300,Oceania,23424766,Oceania,Melanesia,480917602,480917602.0,487660222,98.62,98.62
Somaliland,2002,300,Africa,-99,Africa,Eastern Africa,5252316868,2752391898.0,12362546062,42.49,22.26
South Africa,2002,300,Africa,23424942,Africa,Southern Africa,0,,412431487244,0.0,
South Georgia and the Islands,2002,300,Seven seas (open ocean),23424955,Seven seas (open ocean),Seven seas (open ocean),0,,0,,
South Sudan,2002,300,Africa,-99,Africa,Eastern Africa,283754234,,8050364015,3.52,
Spain,2002,300,Europe,23424950,Europe,Southern Europe,776217987089,39009362884.0,1076519711254,72.1,3.62
Sudan,2002,300,Africa,-90,Africa,Northern Africa,22367853515,,69290658401,32.28,
Switzerland,2002,300,Europe,23424957,Europe,Western Europe,97475904647,,286285849067,34.05,
Syria,2002,300,Asia,23424956,Asia,Western Asia,58433713462,,62877419271,92.93,
São Tomé and Principe,2002,300,Africa,23424966,Africa,Middle Africa,7617831,,274437787,2.78,
Taiwan,2002,300,Asia,23424971,Asia,Eastern Asia,432743474572,,432826141515,99.98,
Tanzania,2002,300,Africa,23424973,Africa,Eastern Africa,20793945063,13387368282.0,48776947446,42.63,27.45
Timor-Leste,2002,300,Asia,23424968,Asia,South-Eastern Asia,1363874323,1363874323.0,1363874323,100.0,100.0
Tonga,2002,300,Oceania,23424964,Oceania,Polynesia,365287147,365287147.0,365287147,100.0,100.0
Trinidad and Tobago,2002,300,North America,23424958,Americas,Caribbean,22921150566,22921150566.0,22921150566,100.0,100.0
Tunisia,2002,300,Africa,23424967,Africa,Northern Africa,55658698262,,62008851640,89.76,
Turkey,2002,300,Asia,23424969,Asia,Western Asia,600537497581,91155000916.0,614963532417,97.65,14.82
Turkmenistan,2002,300,Asia,23424972,Asia,Central Asia,45051814,,22593697618,0.2,
Uganda,2002,300,Africa,23424974,Africa,Eastern Africa,19679764888,3558019859.0,21352589743,92.17,16.66
United States,2002,300,North America,23424977,Americas,Northern America,3743676079278,304795272745.0,11535280466800,32.45,2.64
United States Virgin Islands,2002,300,North America,23424985,Americas,Caribbean,4893280674,4893280674.0,4893280674,100.0,100.0
Vanuatu,2002,300,Oceania,23424907,Oceania,Melanesia,354460671,354460671.0,354460671,100.0,100.0
Vatican,2002,300,Europe,23424986,Europe,Southern Europe,324882548,324882548.0,324882548,100.0,100.0
Venezuela,2002,300,South America,23424982,Americas,South America,8299203683,8093157068.0,317202216164,2.62,2.55
Vietnam,2002,300,Asia,23424984,Asia,South-Eastern Asia,126172792481,116860262468.0,199152799633,63.35,58.68
Wallis and Futuna Islands,2002,300,Oceania,23424989,Oceania,Polynesia,121388723,64365965.0,121388723,100.0,53.02
Yemen,2002,300,Asia,23425002,Asia,Western Asia,63808831456,62318429427.0,63852716030,99.93,97.6
Zambia,2002,300,Africa,23425003,Africa,Eastern Africa,759980077,675386101.0,21068124384,3.61,3.21
Algeria,2003,300,Africa,23424740,Africa,Northern Africa,2010159865,,331097377573,0.61,
American Samoa,2003,300,Oceania,23424746,Oceania,Polynesia,713499225,713499225.0,713499225,100.0,100.0
Andorra,2003,300,Europe,23424744,Europe,Southern Europe,4284519763,,4284519763,100.0,
Anguilla,2003,300,North America,23424751,Americas,Caribbean,137675173,137675173.0,137675173,100.0,100.0
Antarctica,2003,300,Antarctica,28289409,Antarctica,Antarctica,0,0.0,0,,
Antigua and Barbuda,2003,300,North America,23424737,Americas,Caribbean,1359081285,1359081285.0,1359081285,100.0,100.0
Argentina,2003,300,South America,23424747,Americas,South America,52458381012,9632591363.0,444202807377,11.81,2.17
Armenia,2003,300,Asia,23424743,Asia,Western Asia,12920534124,12920534124.0,12920534124,100.0,100.0
Australia,2003,300,Oceania,-90,Oceania,Australia and New Zealand,182684032890,,604100493606,30.24,
Azerbaijan,2003,300,Asia,23424741,Asia,Western Asia,8742518420,5608894691.0,41631360154,21.0,13.47
Bangladesh,2003,300,Asia,23424759,Asia,Southern Asia,14135524,,214482057701,0.01,
Barbados,2003,300,North America,23424754,Americas,Caribbean,3081241811,3081241811.0,3081241811,100.0,100.0
Belgium,2003,300,Europe,23424757,Europe,Western Europe,329783329130,,333103145886,99.0,
Belize,2003,300,North America,23424760,Americas,Central America,845020198,82929879.0,1286250946,65.7,6.45
Bolivia,2003,300,South America,23424762,Americas,South America,18119758082,15696721333.0,34673467517,52.26,45.27
British Virgin Islands,2003,300,North America,23424983,Americas,Caribbean,805283834,805283834.0,805283834,100.0,100.0
Burundi,2003,300,Africa,23424774,Africa,Eastern Africa,3995012231,3869185166.0,3995012231,100.0,96.85
Cambodia,2003,300,Asia,23424776,Asia,South-Eastern Asia,69935398,638850.0,18389842490,0.38,0.0
Cameroon,2003,300,Africa,23424785,Africa,Middle Africa,29108298593,28966522112.0,38372807310,75.86,75.49
Canada,2003,300,North America,23424775,Americas,Northern America,48060632784,9413516645.0,1006409858919,4.78,0.94
Central African Republic,2003,300,Africa,23424792,Africa,Middle Africa,827113,,2833374857,0.03,
Chad,2003,300,Africa,23424777,Africa,Middle Africa,526743862,,10011365375,5.26,
Chile,2003,300,South America,23424782,Americas,South America,177565472192,165652863968.0,180724974292,98.25,91.66
China,2003,300,Asia,23424781,Asia,Eastern Asia,616606821902,46943675745.0,5396518956200,11.43,0.87
Colombia,2003,300,South America,23424787,Americas,South America,258577428141,258258344992.0,318711922779,81.13,81.03
Comoros,2003,300,Africa,23424786,Africa,Eastern Africa,1017479295,1017479295.0,1017479295,100.0,100.0
Costa Rica,2003,300,North America,23424791,Americas,Central America,38811474307,38811474307.0,38811474323,100.0,100.0
Dem. Rep. Korea,2003,300,Asia,23424865,Asia,Eastern Asia,41602199342,14913388139.0,42460255459,97.98,35.12
Democratic Republic of the Congo,2003,300,Africa,23424780,Africa,Middle Africa,2183147011,1563180440.0,25408942076,8.59,6.15
Djibouti,2003,300,Africa,23424797,Africa,Eastern Africa,1438026166,1438026166.0,1438026166,100.0,100.0
Dominica,2003,300,North America,23424798,Americas,Caribbean,483748458,483748458.0,483748458,100.0,100.0
Ecuador,2003,300,South America,23424801,Americas,South America,84489818954,84489728950.0,84563573664,99.91,99.91
Egypt,2003,300,Africa,23424802,Africa,Northern Africa,1336038,,474480204407,0.0,
El Salvador,2003,300,North America,23424807,Americas,Central America,30499986539,30499986539.0,30499986539,100.0,100.0
Equatorial Guinea,2003,300,Africa,23424804,Africa,Middle Africa,6801083004,5046259048.0,9797236489,69.42,51.51
Eritrea,2003,300,Africa,23424806,Africa,Eastern Africa,5939925266,1444943129.0,6533557247,90.91,22.12
Ethiopia,2003,300,Africa,23424808,Africa,Eastern Africa,35048038581,31473619814.0,38633088442,90.72,81.47
Fiji,2003,300,Oceania,23424813,Oceania,Melanesia,0,,4915191356,0.0,
France,2003,300,Europe,-90,Europe,Western Europe,828788154533,39223553174.0,1794575980401,46.18,2.19
French Polynesia,2003,300,Oceania,23424817,Oceania,Polynesia,5672791116,,5781549650,98.12,
French Southern and Antarctic Lands,2003,300,Seven seas (open ocean),28289406,Seven seas (open ocean),Seven seas (open ocean),0,,0,,
Gabon,2003,300,Africa,23424822,Africa,Middle Africa,415062,,16953862595,0.0,
Georgia,2003,300,Asia,23424823,Asia,Western Asia,18345985027,16182043662.0,18345985027,100.0,88.2
Germany,2003,300,Europe,23424829,Europe,Western Europe,1311704076281,,2541166071942,51.62,
Greece,2003,300,Europe,23424833,Europe,Southern Europe,210278315355,194770144519.0,262440039808,80.12,74.22
Grenada,2003,300,North America,23424826,Americas,Caribbean,853103385,853103385.0,853103385,100.0,100.0
Guam,2003,300,Oceania,23424832,Oceania,Micronesia,5520432002,,5520432002,100.0,
Guatemala,2003,300,North America,23424834,Americas,Central America,67802247949,67762111425.0,67825033031,99.97,99.91
Heard I. and McDonald Islands,2003,300,Seven seas (open ocean),28289411,Seven seas (open ocean),Seven seas (open ocean),0,,0,,
Honduras,2003,300,North America,23424841,Americas,Central America,21020677115,20042422058.0,21119514234,99.53,94.9
Iceland,2003,300,Europe,23424845,Europe,Northern Europe,9042213427,9041812225.0,9042213427,100.0,100.0
India,2003,300,Asia,23424848,Asia,Southern Asia,326814220,3287504.0,2855331005607,0.01,0.0
Indonesia,2003,300,Asia,23424846,Asia,South-Eastern Asia,1154058826717,1152529075914.0,1229041965588,93.9,93.77
Iran,2003,300,Asia,23424851,Asia,Southern Asia,558347288542,39921658130.0,885212331489,63.07,4.51
Iraq,2003,300,Asia,23424855,Asia,Western Asia,7423942417,210919087.0,172019218744,4.32,0.12
Israel,2003,300,Asia,23424852,Asia,Western Asia,128147126855,,129822890721,98.71,
Italy,2003,300,Europe,23424853,Europe,Southern Europe,886503440112,766809291407.0,1687409727092,52.54,45.44
Japan,2003,300,Asia,23424856,Asia,Eastern Asia,3870633944010,3817690479172.0,3870692849522,100.0,98.63
Jordan,2003,300,Asia,23424860,Asia,Western Asia,38452650356,,39533317037,97.27,
Kenya,2003,300,Africa,23424863,Africa,Eastern Africa,53638398277,34479698324.0,54120818849,99.11,63.71
Lao PDR,2003,300,Asia,23424872,Asia,South-Eastern Asia,536067540,,12952865449,4.14,
Lebanon,2003,300,Asia,23424873,Asia,Western Asia,33084041118,,33084041118,100.0,
Libya,2003,300,Africa,23424882,Africa,Northern Africa,17682787,,117451114504,0.02,
Luxembourg,2003,300,Europe,23424881,Europe,Western Europe,29512470274,,29512470274,100.0,
Madagascar,2003,300,Africa,23424883,Africa,Eastern Africa,70069032,,23172770415,0.3,
Malawi,2003,300,Africa,23424889,Africa,Eastern Africa,717868417,717868417.0,8711370257,8.24,8.24
Malaysia,2003,300,Asia,23424901,Asia,South-Eastern Asia,2831300607,1136695068.0,364174576507,0.78,0.31
Malta,2003,300,Europe,23424897,Europe,Southern Europe,8529644791,8529644791.0,8529644791,100.0,100.0
Mauritius,2003,300,Seven seas (open ocean),23424894,Africa,Eastern Africa,13197628017,13197628017.0,13197628017,100.0,100.0
Mexico,2003,300,North America,23424900,Americas,Central America,1091266815654,911852634416.0,1272715281709,85.74,71.65
Mongolia,2003,300,Asia,23424887,Asia,Eastern Asia,1535555740,,11536664750,13.31,
Montserrat,2003,300,North America,23424888,Americas,Caribbean,15266538,15266538.0,15266538,100.0,100.0
Morocco,2003,300,Africa,23424893,Africa,Northern Africa,514944356,378009602.0,140131220685,0.37,0.27
Mozambique,2003,300,Africa,23424902,Africa,Eastern Africa,292077,292077.0,11992485549,0.0,0.0
Myanmar,2003,300,Asia,23424763,Asia,South-Eastern Asia,34834001592,3017528005.0,68244427823,51.04,4.42
Netherlands,2003,300,Europe,-90,Europe,Western Europe,543092944589,21518380.0,581966807666,93.32,0.0
New Caledonia,2003,300,Oceania,23424903,Oceania,Melanesia,155512520,155512520.0,3509650547,4.43,4.43
New Zealand,2003,300,Oceania,23424916,Oceania,Australia and New Zealand,69219566242,68050034461.0,91672424627,75.51,74.23
Nicaragua,2003,300,North America,23424915,Americas,Central America,16628374997,16626126107.0,16775570734,99.12,99.11
Niger,2003,300,Africa,23424906,Africa,Western Africa,336138385,,11353416719,2.96,
Nigeria,2003,300,Africa,23424908,Africa,Western Africa,53917596069,52892365875.0,443827772998,12.15,11.92
Northern Cyprus,2003,300,Asia,-90,Asia,Western Asia,9204362,,4331953308,0.21,
Northern Mariana Islands,2003,300,Oceania,23424788,Oceania,Micronesia,1825061230,1815123340.0,1825061230,100.0,99.46
Norway,2003,300,Europe,-90,Europe,Northern Europe,717055,,198859029500,0.0,
Oman,2003,300,Asia,23424898,Asia,Western Asia,22532827,,93759349190,0.02,
Palestine,2003,300,Asia,28289408,Asia,Western Asia,23199105093,,26517217834,87.49,
Panama,2003,300,North America,23424924,Americas,Central America,4547328151,1465436821.0,30288237071,15.01,4.84
Papua New Guinea,2003,300,Oceania,23424926,Oceania,Melanesia,7830880467,7819601654.0,8652975629,90.5,90.37
Peru,2003,300,South America,23424919,Americas,South America,17859590095,15384850805.0,164924615999,10.83,9.33
Philippines,2003,300,Asia,23424934,Asia,South-Eastern Asia,325948514382,325811039715.0,327001882354,99.68,99.64
Pitcairn Islands,2003,300,Oceania,23424918,Oceania,Polynesia,375815,,375815,100.0,
Portugal,2003,300,Europe,23424925,Europe,Southern Europe,3580396324,554866469.0,201507302172,1.78,0.28
Puerto Rico,2003,300,North America,23424935,Americas,Caribbean,7958559314,136171698.0,99663038188,7.99,0.14
Republic of Cabo Verde,2003,300,Africa,23424794,Africa,Western Africa,1433081374,1433081374.0,1433081374,100.0,100.0
Republic of Korea,2003,300,Asia,23424868,Asia,Eastern Asia,1073201945094,94217459561.0,1073319739740,99.99,8.78
Russian Federation,2003,300,Europe,23424936,Europe,Eastern Europe,60790837225,2344254922.0,1497370349485,4.06,0.16
Rwanda,2003,300,Africa,23424937,Africa,Eastern Africa,6961504352,6961504352.0,6961504352,100.0,100.0
Saint Helena,2003,300,Seven seas (open ocean),23424944,Africa,Western Africa,4672821,,26799859,17.44,
Saint Kitts and Nevis,2003,300,North America,23424940,Americas,Caribbean,711602436,711602436.0,711602436,100.0,100.0
Saint Lucia,2003,300,North America,23424951,Americas,Caribbean,1301228119,1301228119.0,1301228119,100.0,100.0
Saint Vincent and the Grenadines,2003,300,North America,23424981,Americas,Caribbean,565038423,565038423.0,565038423,100.0,100.0
Saint-Barthélemy,2003,300,North America,56042304,Americas,Caribbean,192200309,192200309.0,192200309,100.0,100.0
Saint-Martin,2003,300,North America,56042305,Americas,Caribbean,302234755,302234755.0,302234755,100.0,100.0
Samoa,2003,300,Oceania,23424992,Oceania,Polynesia,650113167,557573282.0,650113167,100.0,85.77
San Marino,2003,300,Europe,23424947,Europe,Southern Europe,1660725779,,1660725779,100.0,
Saudi Arabia,2003,300,Asia,23424938,Asia,Western Asia,489833425348,21927448532.0,965267111044,50.75,2.27
Sint Maarten,2003,300,North America,-90,Americas,Caribbean,1099740951,1099740951.0,1099740951,100.0,100.0
Solomon Islands,2003,300,Oceania,23424766,Oceania,Melanesia,510230473,510230473.0,517459222,98.6,98.6
Somaliland,2003,300,Africa,-99,Africa,Eastern Africa,5497443756,2896195222.0,12986485957,42.33,22.3
South Africa,2003,300,Africa,23424942,Africa,Southern Africa,0,,424530238108,0.0,
South Georgia and the Islands,2003,300,Seven seas (open ocean),23424955,Seven seas (open ocean),Seven seas (open ocean),0,,0,,
South Sudan,2003,300,Africa,-99,Africa,Eastern Africa,377557466,,9718712897,3.88,
Spain,2003,300,Europe,23424950,Europe,Southern Europe,790391004336,36986643340.0,1104574224975,71.56,3.35
Sudan,2003,300,Africa,-90,Africa,Northern Africa,23714301920,,73572269059,32.23,
Switzerland,2003,300,Europe,23424957,Europe,Western Europe,93582406660,,288020217774,32.49,
Syria,2003,300,Asia,23424956,Asia,Western Asia,60302065121,,65093005439,92.64,
São Tomé and Principe,2003,300,Africa,23424966,Africa,Middle Africa,8560740,,292535467,2.93,
Taiwan,2003,300,Asia,23424971,Asia,Eastern Asia,448093076681,,448336606705,99.95,
Tanzania,2003,300,Africa,23424973,Africa,Eastern Africa,22888817638,14759782334.0,51998752396,44.02,28.38
Timor-Leste,2003,300,Asia,23424968,Asia,South-Eastern Asia,1323696571,1323696571.0,1323696571,100.0,100.0
Tonga,2003,300,Oceania,23424964,Oceania,Polynesia,372937399,372937399.0,372937399,100.0,100.0
Trinidad and Tobago,2003,300,North America,23424958,Americas,Caribbean,26215973075,26215973075.0,26215973075,100.0,100.0
Tunisia,2003,300,Africa,23424967,Africa,Northern Africa,57707341846,,65226919713,88.47,
Turkey,2003,300,Asia,23424969,Asia,Western Asia,634773327558,88727924966.0,648963186929,97.81,13.67
Turkmenistan,2003,300,Asia,23424972,Asia,Central Asia,65649446,,23360412365,0.28,
Uganda,2003,300,Africa,23424974,Africa,Eastern Africa,20853744047,3960984305.0,22735416182,91.72,17.42
United States,2003,300,North America,23424977,Americas,Northern America,3711950211484,306490120620.0,11871568365624,31.27,2.58
United States Virgin Islands,2003,300,North America,23424985,Americas,Caribbean,5017928714,5017928714.0,5017928714,100.0,100.0
Vanuatu,2003,300,Oceania,23424907,Oceania,Melanesia,369108689,369108689.0,369108689,100.0,100.0
Vatican,2003,300,Europe,23424986,Europe,Southern Europe,265379465,265379465.0,265379465,100.0,100.0
Venezuela,2003,300,South America,23424982,Americas,South America,7857556726,7659740515.0,291243762548,2.7,2.63
Vietnam,2003,300,Asia,23424984,Asia,South-Eastern Asia,116737311839,104576137854.0,212736683482,54.87,49.16
Wallis and Futuna Islands,2003,300,Oceania,23424989,Oceania,Polynesia,121017030,60653435.0,121017030,100.0,50.12
Yemen,2003,300,Asia,23425002,Asia,Western Asia,66339522562,64754463664.0,66382417913,99.94,97.55
Zambia,2003,300,Africa,23425003,Africa,Eastern Africa,877079022,780090583.0,22513894408,3.9,3.46
Algeria,2004,300,Africa,23424740,Africa,Northern Africa,2917079810,,347550624759,0.84,
American Samoa,2004,300,Oceania,23424746,Oceania,Polynesia,714415110,714415110.0,714415110,100.0,100.0
Andorra,2004,300,Europe,23424744,Europe,Southern Europe,4600576806,,4600576806,100.0,
Anguilla,2004,300,North America,23424751,Americas,Caribbean,129687780,129687780.0,129687780,100.0,100.0
Antarctica,2004,300,Antarctica,28289409,Antarctica,Antarctica,0,0.0,0,,
Antigua and Barbuda,2004,300,North America,23424737,Americas,Caribbean,1494552924,1494552924.0,1494552924,100.0,100.0
Argentina,2004,300,South America,23424747,Americas,South America,51546862936,9228576973.0,484132579657,10.65,1.91
Armenia,2004,300,Asia,23424743,Asia,Western Asia,14282102826,14282102826.0,14282102826,100.0,100.0
Australia,2004,300,Oceania,-90,Oceania,Australia and New Zealand,179086873176,,628772108471,28.48,
Azerbaijan,2004,300,Asia,23424741,Asia,Western Asia,10376554464,6661935402.0,45541912549,22.78,14.63
Bangladesh,2004,300,Asia,23424759,Asia,Southern Asia,17623281,,225891370913,0.01,
Barbados,2004,300,North America,23424754,Americas,Caribbean,2955807877,2955807877.0,2955807877,100.0,100.0
Belgium,2004,300,Europe,23424757,Europe,Western Europe,341965902483,,344994369066,99.12,
Belize,2004,300,North America,23424760,Americas,Central America,960121037,96596086.0,1487083536,64.56,6.5
Bolivia,2004,300,South America,23424762,Americas,South America,19452025544,16363055896.0,36135473124,53.83,45.28
British Virgin Islands,2004,300,North America,23424983,Americas,Caribbean,794041708,794041708.0,794041708,100.0,100.0
Burundi,2004,300,Africa,23424774,Africa,Eastern Africa,4210861267,4079017836.0,4210861267,100.0,96.87
Cambodia,2004,300,Asia,23424776,Asia,South-Eastern Asia,103261900,896874.0,20256501539,0.51,0.0
Cameroon,2004,300,Africa,23424785,Africa,Middle Africa,31604615517,31463028798.0,41060677030,76.97,76.63
Canada,2004,300,North America,23424775,Americas,Northern America,89429031285,8848303048.0,1050147233347,8.52,0.84
Central African Republic,2004,300,Africa,23424792,Africa,Middle Africa,1045737,,3000329571,0.03,
Chad,2004,300,Africa,23424777,Africa,Middle Africa,713292539,,13325018388,5.35,
Chile,2004,300,South America,23424782,Americas,South America,189853687398,177824977350.0,194144659958,97.79,91.59
China,2004,300,Asia,23424781,Asia,Eastern Asia,671478546701,49812044495.0,5950186428024,11.29,0.84
Colombia,2004,300,South America,23424787,Americas,South America,266689416303,266189535032.0,335529282978,79.48,79.33
Comoros,2004,300,Africa,23424786,Africa,Eastern Africa,1034854999,1034854999.0,1034854999,100.0,100.0
Costa Rica,2004,300,North America,23424791,Americas,Central America,40521069788,40521069788.0,40521069825,100.0,100.0
Dem. Rep. Korea,2004,300,Asia,23424865,Asia,Eastern Asia,41883351503,14737819320.0,43076568450,97.23,34.21
Democratic Republic of the Congo,2004,300,Africa,23424780,Africa,Middle Africa,2705698074,1946965297.0,27078036402,9.99,7.19
Djibouti,2004,300,Africa,23424797,Africa,Eastern Africa,1304771655,1304771655.0,1304771655,100.0,100.0
Dominica,2004,300,North America,23424798,Americas,Caribbean,498580580,498580580.0,498580580,100.0,100.0
Ecuador,2004,300,South America,23424801,Americas,South America,93220064749,93219941023.0,93319857699,99.89,99.89
Egypt,2004,300,Africa,23424802,Africa,Northern Africa,1730244,,492396512004,0.0,
El Salvador,2004,300,North America,23424807,Americas,Central America,30759847785,30759847785.0,30759847785,100.0,100.0
Equatorial Guinea,2004,300,Africa,23424804,Africa,Middle Africa,10003413783,7645430819.0,13850676252,72.22,55.2
Eritrea,2004,300,Africa,23424806,Africa,Eastern Africa,5991242119,1473913310.0,6633624363,90.32,22.22
Ethiopia,2004,300,Africa,23424808,Africa,Eastern Africa,39211387444,34928324821.0,43878475509,89.36,79.6
Fiji,2004,300,Oceania,23424813,Oceania,Melanesia,0,,4841346995,0.0,
France,2004,300,Europe,-90,Europe,Western Europe,791758225988,39653672924.0,1847907440702,42.85,2.15
French Polynesia,2004,300,Oceania,23424817,Oceania,Polynesia,5844900658,,5944838955,98.32,
French Southern and Antarctic Lands,2004,300,Seven seas (open ocean),28289406,Seven seas (open ocean),Seven seas (open ocean),0,,0,,
Gabon,2004,300,Africa,23424822,Africa,Middle Africa,500756,,17096988976,0.0,
Georgia,2004,300,Asia,23424823,Asia,Western Asia,19400592970,16757035853.0,19400592970,100.0,86.37
Germany,2004,300,Europe,23424829,Europe,Western Europe,1281448024889,,2574908532787,49.77,
Greece,2004,300,Europe,23424833,Europe,Southern Europe,226522493201,208972842265.0,276298108537,81.98,75.63
Grenada,2004,300,North America,23424826,Americas,Caribbean,815009566,815009566.0,815009566,100.0,100.0
Guam,2004,300,Oceania,23424832,Oceania,Micronesia,5805832013,,5805832013,100.0,
Guatemala,2004,300,North America,23424834,Americas,Central America,70051160866,69996985089.0,70081635471,99.96,99.88
Heard I. and McDonald Islands,2004,300,Seven seas (open ocean),28289411,Seven seas (open ocean),Seven seas (open ocean),0,,0,,
Honduras,2004,300,North America,23424841,Americas,Central America,22360774699,21170157189.0,22468663697,99.52,94.22
Iceland,2004,300,Europe,23424845,Europe,Northern Europe,9917440217,9916855205.0,9917440217,100.0,99.99
India,2004,300,Asia,23424848,Asia,Southern Asia,517749725,3901376.0,3090615106219,0.02,0.0
Indonesia,2004,300,Asia,23424846,Asia,South-Eastern Asia,1208154472316,1206192584268.0,1293433857167,93.41,93.26
Iran,2004,300,Asia,23424851,Asia,Southern Asia,566395471981,42944667893.0,924050172239,61.29,4.65
Iraq,2004,300,Asia,23424855,Asia,Western Asia,12474895035,401815504.0,263829235858,4.73,0.15
Israel,2004,300,Asia,23424852,Asia,Western Asia,133721414690,,135286726584,98.84,
Italy,2004,300,Europe,23424853,Europe,Southern Europe,911539470757,792370651690.0,1709293480971,53.33,46.36
Japan,2004,300,Asia,23424856,Asia,Eastern Asia,3958134093274,3897618486130.0,3958237954421,100.0,98.47
Jordan,2004,300,Asia,23424860,Asia,Western Asia,41748295745,,42929550588,97.25,
Kenya,2004,300,Africa,23424863,Africa,Eastern Africa,56205662467,34456440596.0,56766635940,99.01,60.7
Lao PDR,2004,300,Asia,23424872,Asia,South-Eastern Asia,540886778,,13923993523,3.88,
Lebanon,2004,300,Asia,23424873,Asia,Western Asia,34060466990,,34060466990,100.0,
Libya,2004,300,Africa,23424882,Africa,Northern Africa,23965307,,122985534050,0.02,
Luxembourg,2004,300,Europe,23424881,Europe,Western Europe,30569620875,,30569620875,100.0,
Madagascar,2004,300,Africa,23424883,Africa,Eastern Africa,78187719,,24384304059,0.32,
Malawi,2004,300,Africa,23424889,Africa,Eastern Africa,739444508,739444508.0,9193339468,8.04,8.04
Malaysia,2004,300,Asia,23424901,Asia,South-Eastern Asia,3163905997,1502963617.0,387964183911,0.82,0.39
Malta,2004,300,Europe,23424897,Europe,Southern Europe,8549490351,8549490351.0,8549490351,100.0,100.0
Mauritius,2004,300,Seven seas (open ocean),23424894,Africa,Eastern Africa,13744349701,13744349701.0,13744349701,100.0,100.0
Mexico,2004,300,North America,23424900,Americas,Central America,1143931118516,956286839800.0,1322439932411,86.5,72.31
Mongolia,2004,300,Asia,23424887,Asia,Eastern Asia,1950619850,,12766749707,15.28,
Montserrat,2004,300,North America,23424888,Americas,Caribbean,15619596,15619596.0,15619596,100.0,100.0
Morocco,2004,300,Africa,23424893,Africa,Northern Africa,535453539,389117426.0,146927017231,0.36,0.26
Mozambique,2004,300,Africa,23424902,Africa,Eastern Africa,313748,313748.0,12988042259,0.0,0.0
Myanmar,2004,300,Asia,23424763,Asia,South-Eastern Asia,41924540089,3760552265.0,77118976493,54.36,4.88
Netherlands,2004,300,Europe,-90,Europe,Western Europe,547676162909,19545566.0,594558488897,92.11,0.0
New Caledonia,2004,300,Oceania,23424903,Oceania,Melanesia,222631465,222631465.0,3930779326,5.66,5.66
New Zealand,2004,300,Oceania,23424916,Oceania,Australia and New Zealand,73187383530,71522806153.0,94898492033,77.12,75.37
Nicaragua,2004,300,North America,23424915,Americas,Central America,17486414047,17483560496.0,17662529128,99.0,98.99
Niger,2004,300,Africa,23424906,Africa,Western Africa,353029411,,11409653724,3.09,
Nigeria,2004,300,Africa,23424908,Africa,Western Africa,60830697284,59579055555.0,484966853705,12.54,12.29
Northern Cyprus,2004,300,Asia,-90,Asia,Western Asia,13543783,,4288316608,0.32,
Northern Mariana Islands,2004,300,Oceania,23424788,Oceania,Micronesia,1761495973,1750498879.0,1761495973,100.0,99.38
Norway,2004,300,Europe,-90,Europe,Northern Europe,714877,,207960447585,0.0,
Oman,2004,300,Asia,23424898,Asia,Western Asia,30804387,,95076178557,0.03,
Palestine,2004,300,Asia,28289408,Asia,Western Asia,25204430710,,29401624122,85.72,
Panama,2004,300,North America,23424924,Americas,Central America,5778906459,2268535348.0,32605243622,17.72,6.96
Papua New Guinea,2004,300,Oceania,23424926,Oceania,Melanesia,8014764749,8002631561.0,8884930854,90.21,90.07
Peru,2004,300,South America,23424919,Americas,South America,18973757127,15914400564.0,173033169082,10.97,9.2
Philippines,2004,300,Asia,23424934,Asia,South-Eastern Asia,343142696282,342987945463.0,344468759325,99.62,99.57
Pitcairn Islands,2004,300,Oceania,23424918,Oceania,Polynesia,376278,,376278,100.0,
Portugal,2004,300,Europe,23424925,Europe,Southern Europe,3209569151,641119651.0,205248080466,1.56,0.31
Puerto Rico,2004,300,North America,23424935,Americas,Caribbean,9222098690,68679266.0,108108045367,8.53,0.06
Republic of Cabo Verde,2004,300,Africa,23424794,Africa,Western Africa,1579350489,1579350489.0,1579350489,100.0,100.0
Republic of Korea,2004,300,Asia,23424868,Asia,Eastern Asia,1128726017480,87312914160.0,1128820942017,99.99,7.73
Russian Federation,2004,300,Europe,23424936,Europe,Eastern Europe,81214881997,2390336607.0,1606497500361,5.06,0.15
Rwanda,2004,300,Africa,23424937,Africa,Eastern Africa,7451704335,7451704335.0,7451704335,100.0,100.0
Saint Helena,2004,300,Seven seas (open ocean),23424944,Africa,Western Africa,4506146,,26200533,17.2,
Saint Kitts and Nevis,2004,300,North America,23424940,Americas,Caribbean,715473220,715473220.0,715473220,100.0,100.0
Saint Lucia,2004,300,North America,23424951,Americas,Caribbean,1484937225,1484937225.0,1484937225,100.0,100.0
Saint Vincent and the Grenadines,2004,300,North America,23424981,Americas,Caribbean,612242853,612242853.0,612242853,100.0,100.0
Saint-Barthélemy,2004,300,North America,56042304,Americas,Caribbean,200414583,200414583.0,200414583,100.0,100.0
Saint-Martin,2004,300,North America,56042305,Americas,Caribbean,321717734,321717734.0,321717734,100.0,100.0
Samoa,2004,300,Oceania,23424992,Oceania,Polynesia,688517580,594352441.0,688517580,100.0,86.32
San Marino,2004,300,Europe,23424947,Europe,Southern Europe,1752360412,,1752360412,100.0,
Saudi Arabia,2004,300,Asia,23424938,Asia,Western Asia,529992687836,26063068563.0,1042884730988,50.82,2.5
Sint Maarten,2004,300,North America,-90,Americas,Caribbean,996487929,996487929.0,996487929,100.0,100.0
Solomon Islands,2004,300,Oceania,23424766,Oceania,Melanesia,563717850,563717850.0,570952309,98.73,98.73
Somaliland,2004,300,Africa,-99,Africa,Eastern Africa,5725727373,2968515029.0,13387388194,42.77,22.17
South Africa,2004,300,Africa,23424942,Africa,Southern Africa,0,,443698005516,0.0,
South Georgia and the Islands,2004,300,Seven seas (open ocean),23424955,Seven seas (open ocean),Seven seas (open ocean),0,,0,,
South Sudan,2004,300,Africa,-99,Africa,Eastern Africa,463558963,,10894966658,4.25,
Spain,2004,300,Europe,23424950,Europe,Southern Europe,831636465896,39065324587.0,1136274023056,73.19,3.44
Sudan,2004,300,Africa,-90,Africa,Northern Africa,22487734194,,75607430944,29.74,
Switzerland,2004,300,Europe,23424957,Europe,Western Europe,96332963190,,294993412838,32.66,
Syria,2004,300,Asia,23424956,Asia,Western Asia,66835255937,,72554353423,92.12,
São Tomé and Principe,2004,300,Africa,23424966,Africa,Middle Africa,7776980,,304487079,2.55,
Taiwan,2004,300,Asia,23424971,Asia,Eastern Asia,463134181505,,463451615536,99.93,
Tanzania,2004,300,Africa,23424973,Africa,Eastern Africa,28693084564,18279638480.0,55968956093,51.27,32.66
Timor-Leste,2004,300,Asia,23424968,Asia,South-Eastern Asia,1347585807,1347585807.0,1347585807,100.0,100.0
Tonga,2004,300,Oceania,23424964,Oceania,Polynesia,361999326,361999326.0,361999326,100.0,100.0
Trinidad and Tobago,2004,300,North America,23424958,Americas,Caribbean,28380134936,28380134936.0,28380134936,100.0,100.0
Tunisia,2004,300,Africa,23424967,Africa,Northern Africa,59278990843,,68103893907,87.04,
Turkey,2004,300,Asia,23424969,Asia,Western Asia,693229581318,104647901116.0,711997060658,97.36,14.7
Turkmenistan,2004,300,Asia,23424972,Asia,Central Asia,57008945,,24538896398,0.23,
Uganda,2004,300,Africa,23424974,Africa,Eastern Africa,22217855406,4372256373.0,24290923432,91.47,18.0
United States,2004,300,North America,23424977,Americas,Northern America,3996382287985,328113092452.0,12295215699916,32.5,2.67
United States Virgin Islands,2004,300,North America,23424985,Americas,Caribbean,4886661318,4886661318.0,4886661318,100.0,100.0
Vanuatu,2004,300,Oceania,23424907,Oceania,Melanesia,386491597,386491597.0,386491597,100.0,100.0
Vatican,2004,300,Europe,23424986,Europe,Southern Europe,367646844,367646844.0,367646844,100.0,100.0
Venezuela,2004,300,South America,23424982,Americas,South America,8465070312,8163844193.0,347833123775,2.43,2.35
Vietnam,2004,300,Asia,23424984,Asia,South-Eastern Asia,121378658622,107297658787.0,228304738750,53.17,47.0
Wallis and Futuna Islands,2004,300,Oceania,23424989,Oceania,Polynesia,121072823,60798163.0,121072823,100.0,50.22
Yemen,2004,300,Asia,23425002,Asia,Western Asia,69159669634,67168733946.0,69214425067,99.92,97.04
Zambia,2004,300,Africa,23425003,Africa,Eastern Africa,963296886,845648385.0,24085495812,4.0,3.51
Algeria,2005,300,Africa,23424740,Africa,Northern Africa,2294366782,,365041128992,0.63,
American Samoa,2005,300,Oceania,23424746,Oceania,Polynesia,704019698,704019698.0,704019698,100.0,100.0
Andorra,2005,300,Europe,23424744,Europe,Southern Europe,4932172202,,4932172202,100.0,
Anguilla,2005,300,North America,23424751,Americas,Caribbean,140819549,140819549.0,140819549,100.0,100.0
Antarctica,2005,300,Antarctica,28289409,Antarctica,Antarctica,0,0.0,0,,
Antigua and Barbuda,2005,300,North America,23424737,Americas,Caribbean,1520749306,1520749306.0,1520749306,100.0,100.0
Argentina,2005,300,South America,23424747,Americas,South America,49012040508,8232087215.0,527400527049,9.29,1.56
Armenia,2005,300,Asia,23424743,Asia,Western Asia,16268055905,16268055905.0,16268055905,100.0,100.0
Australia,2005,300,Oceania,-90,Oceania,Australia and New Zealand,197843664471,,650903744918,30.4,
Azerbaijan,2005,300,Asia,23424741,Asia,Western Asia,10538873819,6931146654.0,58304746053,18.08,11.89
Bangladesh,2005,300,Asia,23424759,Asia,Southern Asia,15994102,,240911878252,0.01,
Barbados,2005,300,North America,23424754,Americas,Caribbean,3449286769,3449286769.0,3449286769,100.0,100.0
Belgium,2005,300,Europe,23424757,Europe,Western Europe,349338856313,,352478787919,99.11,
Belize,2005,300,North America,23424760,Americas,Central America,873988266,83735650.0,1333333572,65.55,6.28
Bolivia,2005,300,South America,23424762,Americas,South America,20614758252,18527710214.0,37724545984,54.65,49.11
British Virgin Islands,2005,300,North America,23424983,Americas,Caribbean,739379441,739379441.0,739379441,100.0,100.0
Burundi,2005,300,Africa,23424774,Africa,Eastern Africa,4257280663,4123376853.0,4257280663,100.0,96.85
Cambodia,2005,300,Asia,23424776,Asia,South-Eastern Asia,106981535,870039.0,22848227110,0.47,0.0
Cameroon,2005,300,Africa,23424785,Africa,Middle Africa,31443864497,31291413296.0,41898670114,75.05,74.68
Canada,2005,300,North America,23424775,Americas,Northern America,91424568316,6635939145.0,1099889424341,8.31,0.6
Central African Republic,2005,300,Africa,23424792,Africa,Middle Africa,1076944,,3030789945,0.04,
Chad,2005,300,Africa,23424777,Africa,Middle Africa,802539041,,15611942554,5.14,
Chile,2005,300,South America,23424782,Americas,South America,203109049285,193048326323.0,205425097912,98.87,93.98
China,2005,300,Asia,23424781,Asia,Eastern Asia,737344783630,48635634406.0,6619264163923,11.14,0.73
Colombia,2005,300,South America,23424787,Americas,South America,284352322646,284000513529.0,351485660009,80.9,80.8
Comoros,2005,300,Africa,23424786,Africa,Eastern Africa,1062011533,1062011533.0,1062011533,100.0,100.0
Costa Rica,2005,300,North America,23424791,Americas,Central America,42129336592,42129336592.0,42129336618,100.0,100.0
Dem. Rep. Korea,2005,300,Asia,23424865,Asia,Eastern Asia,43634251135,14990632834.0,44625975444,97.78,33.59
Democratic Republic of the Congo,2005,300,Africa,23424780,Africa,Middle Africa,2360624024,1705912336.0,28639608897,8.24,5.96
Djibouti,2005,300,Africa,23424797,Africa,Eastern Africa,1425105574,1425105574.0,1425105574,100.0,100.0
Dominica,2005,300,North America,23424798,Americas,Caribbean,503354084,503354084.0,503354084,100.0,100.0
Ecuador,2005,300,South America,23424801,Americas,South America,98091419900,98091319813.0,98183455517,99.91,99.91
Egypt,2005,300,Africa,23424802,Africa,Northern Africa,1100784,,516970577278,0.0,
El Salvador,2005,300,North America,23424807,Americas,Central America,31591269539,31591269539.0,31591269539,100.0,100.0
Equatorial Guinea,2005,300,Africa,23424804,Africa,Middle Africa,11327131590,8402656857.0,16142322922,70.17,52.05
Eritrea,2005,300,Africa,23424806,Africa,Eastern Africa,6193100283,1545020397.0,6804811432,91.01,22.7
Ethiopia,2005,300,Africa,23424808,Africa,Eastern Africa,44595571203,40293079476.0,49046729629,90.92,82.15
Fiji,2005,300,Oceania,23424813,Oceania,Melanesia,0,,5439660527,0.0,
France,2005,300,Europe,-90,Europe,Western Europe,771270264123,40387587894.0,1887501763672,40.86,2.14
French Polynesia,2005,300,Oceania,23424817,Oceania,Polynesia,5695918255,,5844855812,97.45,
French Southern and Antarctic Lands,2005,300,Seven seas (open ocean),28289406,Seven seas (open ocean),Seven seas (open ocean),0,,0,,
Gabon,2005,300,Africa,23424822,Africa,Middle Africa,568821,,18252438009,0.0,
Georgia,2005,300,Asia,23424823,Asia,Western Asia,21392112866,18091799209.0,21392112866,100.0,84.57
Germany,2005,300,Europe,23424829,Europe,Western Europe,1184068795075,,2590427178508,45.71,
Greece,2005,300,Europe,23424833,Europe,Southern Europe,232292517747,214734862423.0,278218177042,83.49,77.18
Grenada,2005,300,North America,23424826,Americas,Caribbean,940508810,940508810.0,940508810,100.0,100.0
Guam,2005,300,Oceania,23424832,Oceania,Micronesia,6027132085,,6027132085,100.0,
Guatemala,2005,300,North America,23424834,Americas,Central America,72510637192,72457347524.0,72539738956,99.96,99.89
Heard I. and McDonald Islands,2005,300,Seven seas (open ocean),28289411,Seven seas (open ocean),Seven seas (open ocean),0,,0,,
Honduras,2005,300,North America,23424841,Americas,Central America,23680384494,22541113119.0,23787077802,99.55,94.76
Iceland,2005,300,Europe,23424845,Europe,Northern Europe,10442546924,10442102160.0,10442546924,100.0,100.0
India,2005,300,Asia,23424848,Asia,Southern Asia,326642728,3657639.0,3341137502959,0.01,0.0
Indonesia,2005,300,Asia,23424846,Asia,South-Eastern Asia,1265055931620,1262935272714.0,1356130461276,93.28,93.13
Iran,2005,300,Asia,23424851,Asia,Southern Asia,616368617572,37371782563.0,953193079204,64.66,3.92
Iraq,2005,300,Asia,23424855,Asia,Western Asia,9909073318,367525889.0,268329681603,3.69,0.14
Israel,2005,300,Asia,23424852,Asia,Western Asia,140400471134,,141732177539,99.06,
Italy,2005,300,Europe,23424853,Europe,Southern Europe,902903597329,796920391739.0,1731374465614,52.15,46.03
Japan,2005,300,Asia,23424856,Asia,Eastern Asia,4032981060847,3979648192302.0,4033028351570,100.0,98.68
Jordan,2005,300,Asia,23424860,Asia,Western Asia,45415007966,,46385077824,97.91,
Kenya,2005,300,Africa,23424863,Africa,Eastern Africa,59551408099,36212121097.0,60217725157,98.89,60.14
Lao PDR,2005,300,Asia,23424872,Asia,South-Eastern Asia,588937683,,14718358077,4.0,
Lebanon,2005,300,Asia,23424873,Asia,Western Asia,32316331903,,32316331903,100.0,
Libya,2005,300,Africa,23424882,Africa,Northern Africa,19348770,,136911699613,0.01,
Luxembourg,2005,300,Europe,23424881,Europe,Western Europe,31356221880,,31356221880,100.0,
Madagascar,2005,300,Africa,23424883,Africa,Eastern Africa,91784001,,25541344817,0.36,
Malawi,2005,300,Africa,23424889,Africa,Eastern Africa,677427272,677427272.0,9497080541,7.13,7.13
Malaysia,2005,300,Asia,23424901,Asia,South-Eastern Asia,2145581506,952737198.0,410130124335,0.52,0.23
Malta,2005,300,Europe,23424897,Europe,Southern Europe,8830734119,8830734119.0,8830734119,100.0,100.0
Mauritius,2005,300,Seven seas (open ocean),23424894,Africa,Eastern Africa,13961191626,13961191626.0,13961191626,100.0,100.0
Mexico,2005,300,North America,23424900,Americas,Central America,1189385612342,1000259111888.0,1358851380520,87.53,73.61
Mongolia,2005,300,Asia,23424887,Asia,Eastern Asia,1900662087,,13692018107,13.88,
Montserrat,2005,300,North America,23424888,Americas,Caribbean,16110187,16110187.0,16110187,100.0,100.0
Morocco,2005,300,Africa,23424893,Africa,Northern Africa,486009934,341328701.0,151336260527,0.32,0.23
Mozambique,2005,300,Africa,23424902,Africa,Eastern Africa,300466,300466.0,13865877460,0.0,0.0
Myanmar,2005,300,Asia,23424763,Asia,South-Eastern Asia,45244901574,4406255370.0,87242039663,51.86,5.05
Netherlands,2005,300,Europe,-90,Europe,Western Europe,569273832801,25982245.0,609879634989,93.34,0.0
New Caledonia,2005,300,Oceania,23424903,Oceania,Melanesia,219448287,219448287.0,4214303039,5.21,5.21
New Zealand,2005,300,Oceania,23424916,Oceania,Australia and New Zealand,74914058955,73300593799.0,99281513121,75.46,73.83
Nicaragua,2005,300,North America,23424915,Americas,Central America,18239190679,18236235891.0,18420377941,99.02,99.0
Niger,2005,300,Africa,23424906,Africa,Western Africa,390826330,,12229575599,3.2,
Nigeria,2005,300,Africa,23424908,Africa,Western Africa,60543695230,59358276776.0,516107580496,11.73,11.5
Northern Cyprus,2005,300,Asia,-90,Asia,Western Asia,10319567,,5553407264,0.19,
Northern Mariana Islands,2005,300,Oceania,23424788,Oceania,Micronesia,1551796604,1544926439.0,1551796604,100.0,99.56
Norway,2005,300,Europe,-90,Europe,Northern Europe,727147,,212077460700,0.0,
Oman,2005,300,Asia,23424898,Asia,Western Asia,28498786,,97551214038,0.03,
Palestine,2005,300,Asia,28289408,Asia,Western Asia,26057314642,,30206758685,86.26,
Panama,2005,300,North America,23424924,Americas,Central America,4859901724,2041616093.0,34918822034,13.92,5.85
Papua New Guinea,2005,300,Oceania,23424926,Oceania,Melanesia,8500560241,8487150173.0,9448584792,89.97,89.82
Peru,2005,300,South America,23424919,Americas,South America,17947062238,14831571956.0,184091308066,9.75,8.06
Philippines,2005,300,Asia,23424934,Asia,South-Eastern Asia,365836626131,365720471383.0,366914505733,99.71,99.67
Pitcairn Islands,2005,300,Oceania,23424918,Oceania,Polynesia,375830,,375830,100.0,
Portugal,2005,300,Europe,23424925,Europe,Southern Europe,2482132496,460001334.0,209629695890,1.18,0.22
Puerto Rico,2005,300,North America,23424935,Americas,Caribbean,6605678887,48503517.0,105737113731,6.25,0.05
Republic of Cabo Verde,2005,300,Africa,23424794,Africa,Western Africa,1699320867,1699320867.0,1699320867,100.0,100.0
Republic of Korea,2005,300,Asia,23424868,Asia,Eastern Asia,1180660055017,97345935020.0,1180743433103,99.99,8.24
Russian Federation,2005,300,Europe,23424936,Europe,Eastern Europe,56186303009,1430906210.0,1711211488360,3.28,0.08
Rwanda,2005,300,Africa,23424937,Africa,Eastern Africa,8145018010,8145018010.0,8145018010,100.0,100.0
Saint Helena,2005,300,Seven seas (open ocean),23424944,Africa,Western Africa,4535995,,25804021,17.58,
Saint Kitts and Nevis,2005,300,North America,23424940,Americas,Caribbean,791915663,791915663.0,791915663,100.0,100.0
Saint Lucia,2005,300,North America,23424951,Americas,Caribbean,1406049686,1406049686.0,1406049686,100.0,100.0
Saint Vincent and the Grenadines,2005,300,North America,23424981,Americas,Caribbean,641878376,641878376.0,641878376,100.0,100.0
Saint-Barthélemy,2005,300,North America,56042304,Americas,Caribbean,182012282,182012282.0,182012282,100.0,100.0
Saint-Martin,2005,300,North America,56042305,Americas,Caribbean,339112836,339112836.0,339112836,100.0,100.0
Samoa,2005,300,Oceania,23424992,Oceania,Polynesia,716614242,615696517.0,716614242,100.0,85.92
San Marino,2005,300,Europe,23424947,Europe,Southern Europe,1789178713,,1789178713,100.0,
Saudi Arabia,2005,300,Asia,23424938,Asia,Western Asia,552211175412,19951210255.0,1099446109471,50.23,1.81
Sint Maarten,2005,300,North America,-90,Americas,Caribbean,1122030011,1122030011.0,1122030011,100.0,100.0
Solomon Islands,2005,300,Oceania,23424766,Oceania,Melanesia,576540540,576540540.0,584735810,98.6,98.6
Somaliland,2005,300,Africa,-99,Africa,Eastern Africa,5889614028,3090364831.0,13829628450,42.59,22.35
South Africa,2005,300,Africa,23424942,Africa,Southern Africa,0,,467886030371,0.0,
South Georgia and the Islands,2005,300,Seven seas (open ocean),23424955,Seven seas (open ocean),Seven seas (open ocean),0,,0,,
South Sudan,2005,300,Africa,-99,Africa,Eastern Africa,493164117,,10448057195,4.72,
Spain,2005,300,Europe,23424950,Europe,Southern Europe,885115189056,35526051696.0,1189870368434,74.39,2.99
Sudan,2005,300,Africa,-90,Africa,Northern Africa,28905736028,,82583118154,35.0,
Switzerland,2005,300,Europe,23424957,Europe,Western Europe,92991281390,,305588081572,30.43,
Syria,2005,300,Asia,23424956,Asia,Western Asia,77523734134,,82132532418,94.39,
São Tomé and Principe,2005,300,Africa,23424966,Africa,Middle Africa,10048346,,319399971,3.15,
Taiwan,2005,300,Asia,23424971,Asia,Eastern Asia,478765240636,,478943268700,99.96,
Tanzania,2005,300,Africa,23424973,Africa,Eastern Africa,30643616081,19392465928.0,59973707410,51.1,32.33
Timor-Leste,2005,300,Asia,23424968,Asia,South-Eastern Asia,1371753296,1371753296.0,1371753296,100.0,100.0
Tonga,2005,300,Oceania,23424964,Oceania,Polynesia,356068336,356068336.0,356068336,100.0,100.0
Trinidad and Tobago,2005,300,North America,23424958,Americas,Caribbean,30104083907,30104083907.0,30104083907,100.0,100.0
Tunisia,2005,300,Africa,23424967,Africa,Northern Africa,63837792916,,71934941941,88.74,
Turkey,2005,300,Asia,23424969,Asia,Western Asia,758247531837,91138129209.0,773890485264,97.98,11.78
Turkmenistan,2005,300,Asia,23424972,Asia,Central Asia,70119323,,27688985695,0.25,
Uganda,2005,300,Africa,23424974,Africa,Eastern Africa,23527427064,4844619738.0,25815325626,91.14,18.77
United States,2005,300,North America,23424977,Americas,Northern America,4377459375863,319373611436.0,12731446668406,34.38,2.51
United States Virgin Islands,2005,300,North America,23424985,Americas,Caribbean,5560921476,5560921476.0,5560921476,100.0,100.0
Vanuatu,2005,300,Oceania,23424907,Oceania,Melanesia,400913275,400913275.0,400913275,100.0,100.0
Vatican,2005,300,Europe,23424986,Europe,Southern Europe,528565823,528565823.0,528565823,100.0,100.0
Venezuela,2005,300,South America,23424982,Americas,South America,7517454420,7281519289.0,382748439759,1.96,1.9
Vietnam,2005,300,Asia,23424984,Asia,South-Eastern Asia,148791998764,135543374539.0,246013652543,60.48,55.1
Wallis and Futuna Islands,2005,300,Oceania,23424989,Oceania,Polynesia,120156028,61504596.0,120156028,100.0,51.19
Yemen,2005,300,Asia,23425002,Asia,Western Asia,74414700400,72531622069.0,74450286740,99.95,97.42
Zambia,2005,300,Africa,23425003,Africa,Eastern Africa,918258131,815185627.0,25843956869,3.55,3.15
Algeria,2006,300,Africa,23424740,Africa,Northern Africa,2333872875,,368838386758,0.63,
American Samoa,2006,300,Oceania,23424746,Oceania,Polynesia,678838978,678838978.0,678838978,100.0,100.0
Andorra,2006,300,Europe,23424744,Europe,Southern Europe,5150079390,,5150079390,100.0,
Anguilla,2006,300,North America,23424751,Americas,Caribbean,144550645,144550645.0,144550645,100.0,100.0
Antarctica,2006,300,Antarctica,28289409,Antarctica,Antarctica,0,0.0,0,,
Antigua and Barbuda,2006,300,North America,23424737,Americas,Caribbean,1708586711,1708586711.0,1708586711,100.0,100.0
Argentina,2006,300,South America,23424747,Americas,South America,66054500602,10010207822.0,569497001228,11.6,1.76
Armenia,2006,300,Asia,23424743,Asia,Western Asia,18435258722,18435258722.0,18435258722,100.0,100.0
Australia,2006,300,Oceania,-90,Oceania,Australia and New Zealand,225468307300,,669919587242,33.66,
Azerbaijan,2006,300,Asia,23424741,Asia,Western Asia,15643533471,10868558662.0,78369305582,19.96,13.87
Bangladesh,2006,300,Asia,23424759,Asia,Southern Asia,16653674,,257119945270,0.01,
Barbados,2006,300,North America,23424754,Americas,Caribbean,3392989646,3392989646.0,3392989646,100.0,100.0
Belgium,2006,300,Europe,23424757,Europe,Western Europe,358156417052,,361776484926,99.0,
Belize,2006,300,North America,23424760,Americas,Central America,943547638,86580711.0,1387080797,68.02,6.24
Bolivia,2006,300,South America,23424762,Americas,South America,20698288325,17609653437.0,39522947014,52.37,44.56
British Virgin Islands,2006,300,North America,23424983,Americas,Caribbean,887346113,887346113.0,887346113,100.0,100.0
Burundi,2006,300,Africa,23424774,Africa,Eastern Africa,4479667514,4339452930.0,4479667514,100.0,96.87
Cambodia,2006,300,Asia,23424776,Asia,South-Eastern Asia,91002784,707906.0,25517159932,0.36,0.0
Cameroon,2006,300,Africa,23424785,Africa,Middle Africa,33129302646,32976218637.0,43343775373,76.43,76.08
Canada,2006,300,North America,23424775,Americas,Northern America,76713536118,5162079416.0,1140858165271,6.72,0.45
Central African Republic,2006,300,Africa,23424792,Africa,Middle Africa,1118760,,3171768298,0.04,
Chad,2006,300,Africa,23424777,Africa,Middle Africa,851269121,,15713942226,5.42,
Chile,2006,300,South America,23424782,Americas,South America,214438058556,202169131824.0,218317027405,98.22,92.6
China,2006,300,Asia,23424781,Asia,Eastern Asia,795353763430,60913442593.0,7463041931256,10.66,0.82
Colombia,2006,300,South America,23424787,Americas,South America,304950875168,304620811333.0,375086278138,81.3,81.21
Comoros,2006,300,Africa,23424786,Africa,Eastern Africa,1093051318,1093051318.0,1093051318,100.0,100.0
Costa Rica,2006,300,North America,23424791,Americas,Central America,45216424031,45216424031.0,45216424047,100.0,100.0
Dem. Rep. Korea,2006,300,Asia,23424865,Asia,Eastern Asia,43541407128,15145318281.0,44395944512,98.08,34.11
Democratic Republic of the Congo,2006,300,Africa,23424780,Africa,Middle Africa,2349706143,1690593800.0,30145308623,7.79,5.61
Djibouti,2006,300,Africa,23424797,Africa,Eastern Africa,1260624228,1260624228.0,1260624228,100.0,100.0
Dominica,2006,300,North America,23424798,Americas,Caribbean,527376884,527376884.0,527376884,100.0,100.0
Ecuador,2006,300,South America,23424801,Americas,South America,100554042708,100553958639.0,100629716133,99.92,99.92
Egypt,2006,300,Africa,23424802,Africa,Northern Africa,1187565,,552348900903,0.0,
El Salvador,2006,300,North America,23424807,Americas,Central America,32973438669,32973438669.0,32973438669,100.0,100.0
Equatorial Guinea,2006,300,Africa,23424804,Africa,Middle Africa,12970499835,9604729582.0,18680780298,69.43,51.42
Eritrea,2006,300,Africa,23424806,Africa,Eastern Africa,6088831480,1543852139.0,6731914299,90.45,22.93
Ethiopia,2006,300,Africa,23424808,Africa,Eastern Africa,49539177780,44888962479.0,54331963849,91.18,82.62
Fiji,2006,300,Oceania,23424813,Oceania,Melanesia,0,,5591131089,0.0,
France,2006,300,Europe,-90,Europe,Western Europe,837716730762,40144256298.0,1923728601357,43.55,2.09
French Polynesia,2006,300,Oceania,23424817,Oceania,Polynesia,5840289258,,5969865824,97.83,
French Southern and Antarctic Lands,2006,300,Seven seas (open ocean),28289406,Seven seas (open ocean),Seven seas (open ocean),0,,0,,
Gabon,2006,300,Africa,23424822,Africa,Middle Africa,581875,,17293163577,0.0,
Georgia,2006,300,Asia,23424823,Asia,Western Asia,23398683970,20873695682.0,23398683970,100.0,89.21
Germany,2006,300,Europe,23424829,Europe,Western Europe,1330985474380,,2691441784722,49.45,
Greece,2006,300,Europe,23424833,Europe,Southern Europe,233824254088,216134348900.0,290266411165,80.56,74.46
Grenada,2006,300,North America,23424826,Americas,Caribbean,923470292,923470292.0,923470292,100.0,100.0
Guam,2006,300,Oceania,23424832,Oceania,Micronesia,5831604872,,5831604872,100.0,
Guatemala,2006,300,North America,23424834,Americas,Central America,76599901907,76555764835.0,76624436697,99.97,99.91
Heard I. and McDonald Islands,2006,300,Seven seas (open ocean),28289411,Seven seas (open ocean),Seven seas (open ocean),0,,0,,
Honduras,2006,300,North America,23424841,Americas,Central America,25163388389,24007877946.0,25264934093,99.6,95.02
Iceland,2006,300,Europe,23424845,Europe,Northern Europe,10920997083,10920795538.0,10920997083,100.0,100.0
India,2006,300,Asia,23424848,Asia,Southern Asia,354269663,3612082.0,3596550448355,0.01,0.0
Indonesia,2006,300,Asia,23424846,Asia,South-Eastern Asia,1359050729153,1357645751512.0,1428570618224,95.13,95.04
Iran,2006,300,Asia,23424851,Asia,Southern Asia,642780298383,42444437271.0,1000054352427,64.27,4.24
Iraq,2006,300,Asia,23424855,Asia,Western Asia,8771671378,272948133.0,283547849419,3.09,0.1
Israel,2006,300,Asia,23424852,Asia,Western Asia,149553804150,,151208629570,98.91,
Italy,2006,300,Europe,23424853,Europe,Southern Europe,962975743477,848846068457.0,1765176298078,54.55,48.09
Japan,2006,300,Asia,23424856,Asia,Eastern Asia,4092029685773,4033464138766.0,4092074735183,100.0,98.57
Jordan,2006,300,Asia,23424860,Asia,Western Asia,49238257130,,50165359050,98.15,
Kenya,2006,300,Africa,23424863,Africa,Eastern Africa,63566611254,41570905684.0,64169867563,99.06,64.78
Lao PDR,2006,300,Asia,23424872,Asia,South-Eastern Asia,641724079,,15890942093,4.04,
Lebanon,2006,300,Asia,23424873,Asia,Western Asia,34156266782,,34156266782,100.0,
Libya,2006,300,Africa,23424882,Africa,Northern Africa,17112060,,146022640448,0.01,
Luxembourg,2006,300,Europe,23424881,Europe,Western Europe,32929300263,,32929300263,100.0,
Madagascar,2006,300,Africa,23424883,Africa,Eastern Africa,89100012,,26931558366,0.33,
Malawi,2006,300,Africa,23424889,Africa,Eastern Africa,811221982,811221982.0,9929731448,8.17,8.17
Malaysia,2006,300,Asia,23424901,Asia,South-Eastern Asia,2592092951,1068451581.0,430313282387,0.6,0.25
Malta,2006,300,Europe,23424897,Europe,Southern Europe,9106542389,9106542389.0,9106542389,100.0,100.0
Mauritius,2006,300,Seven seas (open ocean),23424894,Africa,Eastern Africa,14688981719,14688981719.0,14688981719,100.0,100.0
Mexico,2006,300,North America,23424900,Americas,Central America,1216373116591,1010594823924.0,1416056093505,85.9,71.37
Mongolia,2006,300,Asia,23424887,Asia,Eastern Asia,1557891943,,14867127136,10.48,
Montserrat,2006,300,North America,23424888,Americas,Caribbean,18815301,18815301.0,18815301,100.0,100.0
Morocco,2006,300,Africa,23424893,Africa,Northern Africa,419627755,292381668.0,162573213999,0.26,0.18
Mozambique,2006,300,Africa,23424902,Africa,Eastern Africa,283135,283135.0,15307020155,0.0,0.0
Myanmar,2006,300,Asia,23424763,Asia,South-Eastern Asia,49721820068,5040791150.0,98617043549,50.42,5.11
Netherlands,2006,300,Europe,-90,Europe,Western Europe,592718935769,28846212.0,632678193191,93.68,0.0
New Caledonia,2006,300,Oceania,23424903,Oceania,Melanesia,181578071,181578071.0,5115431211,3.55,3.55
New Zealand,2006,300,Oceania,23424916,Oceania,Australia and New Zealand,79705146572,78320142935.0,101651035443,78.41,77.05
Nicaragua,2006,300,North America,23424915,Americas,Central America,19026608305,19023674409.0,19192608174,99.14,99.12
Niger,2006,300,Africa,23424906,Africa,Western Africa,394782851,,12936671323,3.05,
Nigeria,2006,300,Africa,23424908,Africa,Western Africa,54739554890,53670229609.0,545473189549,10.04,9.84
Northern Cyprus,2006,300,Asia,-90,Asia,Western Asia,6504628,,5002194540,0.13,
Northern Mariana Islands,2006,300,Oceania,23424788,Oceania,Micronesia,1460719102,1453395403.0,1460719102,100.0,99.5
Norway,2006,300,Europe,-90,Europe,Northern Europe,725996,,217692396218,0.0,
Oman,2006,300,Asia,23424898,Asia,Western Asia,22657093,,101867776422,0.02,
Palestine,2006,300,Asia,28289408,Asia,Western Asia,26906927618,,30581271186,87.98,
Panama,2006,300,North America,23424924,Americas,Central America,4563540370,1657509373.0,37939918331,12.03,4.37
Papua New Guinea,2006,300,Oceania,23424926,Oceania,Melanesia,8990107855,8977082076.0,9963140729,90.23,90.1
Peru,2006,300,South America,23424919,Americas,South America,20569594704,17178172884.0,197845078973,10.4,8.68
Philippines,2006,300,Asia,23424934,Asia,South-Eastern Asia,386703930505,386593105903.0,387772330782,99.72,99.7
Pitcairn Islands,2006,300,Oceania,23424918,Oceania,Polynesia,375441,,375441,100.0,
Portugal,2006,300,Europe,23424925,Europe,Southern Europe,2972359039,411771942.0,210344894806,1.41,0.2
Puerto Rico,2006,300,North America,23424935,Americas,Caribbean,7174165165,91399664.0,104550343651,6.86,0.09
Republic of Cabo Verde,2006,300,Africa,23424794,Africa,Western Africa,1791700542,1791700542.0,1791700542,100.0,100.0
Republic of Korea,2006,300,Asia,23424868,Asia,Eastern Asia,1239154272326,94913011310.0,1239229225233,99.99,7.66
Russian Federation,2006,300,Europe,23424936,Europe,Eastern Europe,71797973077,1273715768.0,1852451032198,3.88,0.07
Rwanda,2006,300,Africa,23424937,Africa,Eastern Africa,8902219610,8902219610.0,8902219610,100.0,100.0
Saint Helena,2006,300,Seven seas (open ocean),23424944,Africa,Western Africa,4922547,,25566135,19.25,
Saint Kitts and Nevis,2006,300,North America,23424940,Americas,Caribbean,848989065,848989065.0,848989065,100.0,100.0
Saint Lucia,2006,300,North America,23424951,Americas,Caribbean,1417877548,1417877548.0,1417877548,100.0,100.0
Saint Vincent and the Grenadines,2006,300,North America,23424981,Americas,Caribbean,685351993,685351993.0,685351993,100.0,100.0
Saint-Barthélemy,2006,300,North America,56042304,Americas,Caribbean,191439470,191439470.0,191439470,100.0,100.0
Saint-Martin,2006,300,North America,56042305,Americas,Caribbean,307243194,307243194.0,307243194,100.0,100.0
Samoa,2006,300,Oceania,23424992,Oceania,Polynesia,726637753,623626098.0,726637753,100.0,85.82
San Marino,2006,300,Europe,23424947,Europe,Southern Europe,1828224973,,1828224973,100.0,
Saudi Arabia,2006,300,Asia,23424938,Asia,Western Asia,553135781843,22178496911.0,1131221602403,48.9,1.96
Sint Maarten,2006,300,North America,-90,Americas,Caribbean,1076126650,1076126650.0,1076126650,100.0,100.0
Solomon Islands,2006,300,Oceania,23424766,Oceania,Melanesia,612141072,612141072.0,620521134,98.65,98.65
Somaliland,2006,300,Africa,-99,Africa,Eastern Africa,6126186984,3170730186.0,14255323378,42.97,22.24
South Africa,2006,300,Africa,23424942,Africa,Southern Africa,0,,494001007936,0.0,
South Georgia and the Islands,2006,300,Seven seas (open ocean),23424955,Seven seas (open ocean),Seven seas (open ocean),0,,0,,
South Sudan,2006,300,Africa,-99,Africa,Eastern Africa,542855441,,10469755507,5.18,
Spain,2006,300,Europe,23424950,Europe,Southern Europe,897357424683,39631607965.0,1233190396050,72.77,3.21
Sudan,2006,300,Africa,-90,Africa,Northern Africa,29990736136,,91935715408,32.62,
Switzerland,2006,300,Europe,23424957,Europe,Western Europe,120212752673,,318044172953,37.8,
Syria,2006,300,Asia,23424956,Asia,Western Asia,77827775112,,83896297725,92.77,
São Tomé and Principe,2006,300,Africa,23424966,Africa,Middle Africa,14267752,,351353936,4.06,
Taiwan,2006,300,Asia,23424971,Asia,Eastern Asia,489914186164,,489985433743,99.99,
Tanzania,2006,300,Africa,23424973,Africa,Eastern Africa,25875606656,16386515131.0,64094874507,40.37,25.57
Timor-Leste,2006,300,Asia,23424968,Asia,South-Eastern Asia,1293480912,1293480912.0,1293480912,100.0,100.0
Tonga,2006,300,Oceania,23424964,Oceania,Polynesia,370438127,370438127.0,370438127,100.0,100.0
Trinidad and Tobago,2006,300,North America,23424958,Americas,Caribbean,34152522581,34152522581.0,34152522581,100.0,100.0
Tunisia,2006,300,Africa,23424967,Africa,Northern Africa,67966292433,,76654627789,88.67,
Turkey,2006,300,Asia,23424969,Asia,Western Asia,821541622618,88091611864.0,835047879191,98.38,10.55
Turkmenistan,2006,300,Asia,23424972,Asia,Central Asia,69188904,,30759991113,0.22,
Uganda,2006,300,Africa,23424974,Africa,Eastern Africa,25880960189,5677312822.0,28582244022,90.55,19.86
United States,2006,300,North America,23424977,Americas,Northern America,4377000313929,310070167733.0,13124752152990,33.35,2.36
United States Virgin Islands,2006,300,North America,23424985,Americas,Caribbean,5525563736,5525563736.0,5525563736,100.0,100.0
Vanuatu,2006,300,Oceania,23424907,Oceania,Melanesia,440045307,440045307.0,440045307,100.0,100.0
Vatican,2006,300,Europe,23424986,Europe,Southern Europe,450835187,450835187.0,450835187,100.0,100.0
Venezuela,2006,300,South America,23424982,Americas,South America,9591227635,9364895224.0,419554278873,2.29,2.23
Vietnam,2006,300,Asia,23424984,Asia,South-Eastern Asia,164696218006,150939757109.0,263528074312,62.5,57.28
Wallis and Futuna Islands,2006,300,Oceania,23424989,Oceania,Polynesia,116212954,56596648.0,116212954,100.0,48.7
Yemen,2006,300,Asia,23425002,Asia,Western Asia,76430383715,74369541517.0,76460537913,99.96,97.27
Zambia,2006,300,Africa,23425003,Africa,Eastern Africa,880385122,768517934.0,27895998950,3.16,2.75
Algeria,2007,300,Africa,23424740,Africa,Northern Africa,2500221953,,382053369039,0.65,
American Samoa,2007,300,Oceania,23424746,Oceania,Polynesia,694515512,694515512.0,694515512,100.0,100.0
Andorra,2007,300,Europe,23424744,Europe,Southern Europe,5159900712,,5159900712,100.0,
Anguilla,2007,300,North America,23424751,Americas,Caribbean,141628988,141628988.0,141628988,100.0,100.0
Antarctica,2007,300,Antarctica,28289409,Antarctica,Antarctica,0,0.0,0,,
Antigua and Barbuda,2007,300,North America,23424737,Americas,Caribbean,1933392966,1933392966.0,1933392966,100.0,100.0
Argentina,2007,300,South America,23424747,Americas,South America,76429302036,13055456984.0,620901264045,12.31,2.1
Armenia,2007,300,Asia,23424743,Asia,Western Asia,20952780777,20952780777.0,20952780777,100.0,100.0
Australia,2007,300,Oceania,-90,Oceania,Australia and New Zealand,267513568652,,705579445485,37.91,
Azerbaijan,2007,300,Asia,23424741,Asia,Western Asia,13998108675,9178985313.0,98306107784,14.24,9.34
Bangladesh,2007,300,Asia,23424759,Asia,Southern Asia,18483561,,275664805526,0.01,
Barbados,2007,300,North America,23424754,Americas,Caribbean,3507554562,3507554562.0,3507554562,100.0,100.0
Belgium,2007,300,Europe,23424757,Europe,Western Europe,371346346480,,375104000893,99.0,
Belize,2007,300,North America,23424760,Americas,Central America,865695394,77068224.0,1206491260,71.75,6.39
Bolivia,2007,300,South America,23424762,Americas,South America,22182937414,18830976331.0,41341087851,53.66,45.55
British Virgin Islands,2007,300,North America,23424983,Americas,Caribbean,910717821,910717821.0,910717821,100.0,100.0
Burundi,2007,300,Africa,23424774,Africa,Eastern Africa,4641375727,4501082952.0,4641375727,100.0,96.98
Cambodia,2007,300,Asia,23424776,Asia,South-Eastern Asia,103874801,891203.0,28088758080,0.37,0.0
Cameroon,2007,300,Africa,23424785,Africa,Middle Africa,34745145316,34582240872.0,45413283177,76.51,76.15
Canada,2007,300,North America,23424775,Americas,Northern America,102540870119,6863784058.0,1228879450734,8.34,0.56
Central African Republic,2007,300,Africa,23424792,Africa,Middle Africa,1206549,,3317016075,0.04,
Chad,2007,300,Africa,23424777,Africa,Middle Africa,871273210,,16237144683,5.37,
Chile,2007,300,South America,23424782,Americas,South America,225326021224,214223632290.0,229170655228,98.32,93.48
China,2007,300,Asia,23424781,Asia,Eastern Asia,930883380395,68906244318.0,8531367205089,10.91,0.81
Colombia,2007,300,South America,23424787,Americas,South America,322335554889,321981656664.0,400658174972,80.45,80.36
Comoros,2007,300,Africa,23424786,Africa,Eastern Africa,1096249796,1096249796.0,1096249796,100.0,100.0
Costa Rica,2007,300,North America,23424791,Americas,Central America,48945112349,48945112349.0,48945112364,100.0,100.0
Dem. Rep. Korea,2007,300,Asia,23424865,Asia,Eastern Asia,42896810526,15433106631.0,43942225151,97.62,35.12
Democratic Republic of the Congo,2007,300,Africa,23424780,Africa,Middle Africa,2815389710,2027682722.0,32084802081,8.77,6.32
Djibouti,2007,300,Africa,23424797,Africa,Eastern Africa,1361577904,1361577904.0,1361577904,100.0,100.0
Dominica,2007,300,North America,23424798,Americas,Caribbean,563268110,563268110.0,563268110,100.0,100.0
Ecuador,2007,300,South America,23424801,Americas,South America,105363104739,105362996970.0,105454968651,99.91,99.91
Egypt,2007,300,Africa,23424802,Africa,Northern Africa,1172579,,593080909113,0.0,
El Salvador,2007,300,North America,23424807,Americas,Central America,33582150924,33582150924.0,33582150924,100.0,100.0
Equatorial Guinea,2007,300,Africa,23424804,Africa,Middle Africa,14639674705,11050247403.0,20723861839,70.64,53.32
Eritrea,2007,300,Africa,23424806,Africa,Eastern Africa,6220816386,1551912410.0,6835288305,91.01,22.7
Ethiopia,2007,300,Africa,23424808,Africa,Eastern Africa,55092894005,49785658243.0,60561466940,90.97,82.21
Fiji,2007,300,Oceania,23424813,Oceania,Melanesia,0,,5282166961,0.0,
France,2007,300,Europe,-90,Europe,Western Europe,859027012700,40543250886.0,1972135423673,43.56,2.06
French Polynesia,2007,300,Oceania,23424817,Oceania,Polynesia,5991454609,,6105456024,98.13,
French Southern and Antarctic Lands,2007,300,Seven seas (open ocean),28289406,Seven seas (open ocean),Seven seas (open ocean),0,,0,,
Gabon,2007,300,Africa,23424822,Africa,Middle Africa,652831,,18100367412,0.0,
Georgia,2007,300,Asia,23424823,Asia,Western Asia,26463191840,24501610309.0,26463191840,100.0,92.59
Germany,2007,300,Europe,23424829,Europe,Western Europe,1351379793224,,2768748090059,48.81,
Greece,2007,300,Europe,23424833,Europe,Southern Europe,236315518809,218279831677.0,297529998068,79.43,73.36
Grenada,2007,300,North America,23424826,Americas,Caribbean,997204521,997204521.0,997204521,100.0,100.0
Guam,2007,300,Oceania,23424832,Oceania,Micronesia,5872366231,,5872366231,100.0,
Guatemala,2007,300,North America,23424834,Americas,Central America,81669812109,81624793985.0,81695186052,99.97,99.91
Heard I. and McDonald Islands,2007,300,Seven seas (open ocean),28289411,Seven seas (open ocean),Seven seas (open ocean),0,,0,,
Honduras,2007,300,North America,23424841,Americas,Central America,26787376831,25505657158.0,26898106454,99.59,94.82
Iceland,2007,300,Europe,23424845,Europe,Northern Europe,11599871987,11599532063.0,11599871987,100.0,100.0
India,2007,300,Asia,23424848,Asia,Southern Asia,426047513,3718588.0,3871818294292,0.01,0.0
Indonesia,2007,300,Asia,23424846,Asia,South-Eastern Asia,1448928524275,1447274580882.0,1520794376216,95.27,95.17
Iran,2007,300,Asia,23424851,Asia,Southern Asia,692823423831,44506148025.0,1082585834273,64.0,4.11
Iraq,2007,300,Asia,23424855,Asia,Western Asia,9668933234,314611863.0,289012147916,3.35,0.11
Israel,2007,300,Asia,23424852,Asia,Western Asia,160191852132,,161594091671,99.13,
Italy,2007,300,Europe,23424853,Europe,Southern Europe,933140367238,820489346056.0,1791121152227,52.1,45.81
Japan,2007,300,Asia,23424856,Asia,Eastern Asia,4154703809440,4099402188841.0,4154746451917,100.0,98.67
Jordan,2007,300,Asia,23424860,Asia,Western Asia,53092309551,,54267503327,97.83,
Kenya,2007,300,Africa,23424863,Africa,Eastern Africa,67728683777,42252355765.0,68490099511,98.89,61.69
Lao PDR,2007,300,Asia,23424872,Asia,South-Eastern Asia,656721745,,16881524852,3.89,
Lebanon,2007,300,Asia,23424873,Asia,Western Asia,37432117197,,37432117197,100.0,
Libya,2007,300,Africa,23424882,Africa,Northern Africa,17179899,,155198854866,0.01,
Luxembourg,2007,300,Europe,23424881,Europe,Western Europe,35784421793,,35784421793,100.0,
Madagascar,2007,300,Africa,23424883,Africa,Eastern Africa,107409206,,28443713827,0.38,
Malawi,2007,300,Africa,23424889,Africa,Eastern Africa,949041894,949041894.0,10874565250,8.73,8.73
Malaysia,2007,300,Asia,23424901,Asia,South-Eastern Asia,3088534691,1437704251.0,456706951266,0.68,0.31
Malta,2007,300,Europe,23424897,Europe,Southern Europe,9483738025,9483738025.0,9483738025,100.0,100.0
Mauritius,2007,300,Seven seas (open ocean),23424894,Africa,Eastern Africa,15517806936,15517806936.0,15517806936,100.0,100.0
Mexico,2007,300,North America,23424900,Americas,Central America,1239646852204,1024628742594.0,1447613852846,85.63,70.78
Mongolia,2007,300,Asia,23424887,Asia,Eastern Asia,1292844317,,16393835852,7.89,
Montserrat,2007,300,North America,23424888,Americas,Caribbean,18866903,18866903.0,18866903,100.0,100.0
Morocco,2007,300,Africa,23424893,Africa,Northern Africa,487451006,323981732.0,168480713144,0.29,0.19
Mozambique,2007,300,Africa,23424902,Africa,Eastern Africa,286951,286951.0,16216725953,0.0,0.0
Myanmar,2007,300,Asia,23424763,Asia,South-Eastern Asia,53975740762,5500133082.0,110674999107,48.77,4.97
Netherlands,2007,300,Europe,-90,Europe,Western Europe,619037607078,26916144.0,657001065109,94.22,0.0
New Caledonia,2007,300,Oceania,23424903,Oceania,Melanesia,195185323,195185323.0,4434848597,4.4,4.4
New Zealand,2007,300,Oceania,23424916,Oceania,Australia and New Zealand,79437403641,77968787155.0,105400768244,75.37,73.97
Nicaragua,2007,300,North America,23424915,Americas,Central America,19986866508,19983443294.0,20167156249,99.11,99.09
Niger,2007,300,Africa,23424906,Africa,Western Africa,423041452,,13344768256,3.17,
Nigeria,2007,300,Africa,23424908,Africa,Western Africa,56161799329,54960063359.0,582031303914,9.65,9.44
Northern Cyprus,2007,300,Asia,-90,Asia,Western Asia,6669774,,5517716269,0.12,
Northern Mariana Islands,2007,300,Oceania,23424788,Oceania,Micronesia,1367765876,1360004528.0,1367765876,100.0,99.43
Norway,2007,300,Europe,-90,Europe,Northern Europe,657451,,224588112285,0.0,
Oman,2007,300,Asia,23424898,Asia,Western Asia,23115497,,106648273427,0.02,
Palestine,2007,300,Asia,28289408,Asia,Western Asia,27396286515,,31628007319,86.62,
Panama,2007,300,North America,23424924,Americas,Central America,6257956353,2543853779.0,42458481329,14.74,5.99
Papua New Guinea,2007,300,Oceania,23424926,Oceania,Melanesia,9662321464,9647724515.0,10737199008,89.99,89.85
Peru,2007,300,South America,23424919,Americas,South America,26630699419,21901619389.0,214713020703,12.4,10.2
Philippines,2007,300,Asia,23424934,Asia,South-Eastern Asia,410618794614,410513801414.0,411693678762,99.74,99.71
Pitcairn Islands,2007,300,Oceania,23424918,Oceania,Polynesia,372297,,372297,100.0,
Portugal,2007,300,Europe,23424925,Europe,Southern Europe,3629318114,536997842.0,216379753938,1.68,0.25
Puerto Rico,2007,300,North America,23424935,Americas,Caribbean,7903635573,44986438.0,103657390555,7.62,0.04
Republic of Cabo Verde,2007,300,Africa,23424794,Africa,Western Africa,2048614332,2048614332.0,2048614332,100.0,100.0
Republic of Korea,2007,300,Asia,23424868,Asia,Eastern Asia,1307353251249,92586166974.0,1307416844814,100.0,7.08
Russian Federation,2007,300,Europe,23424936,Europe,Eastern Europe,72883987893,2155787752.0,2013214083798,3.62,0.11
Rwanda,2007,300,Africa,23424937,Africa,Eastern Africa,9572051557,9572051557.0,9572051557,100.0,100.0
Saint Helena,2007,300,Seven seas (open ocean),23424944,Africa,Western Africa,4902214,,25042968,19.58,
Saint Kitts and Nevis,2007,300,North America,23424940,Americas,Caribbean,839832725,839832725.0,839832725,100.0,100.0
Saint Lucia,2007,300,North America,23424951,Americas,Caribbean,1528733801,1528733801.0,1528733801,100.0,100.0
Saint Vincent and the Grenadines,2007,300,North America,23424981,Americas,Caribbean,721210398,721210398.0,721210398,100.0,100.0
Saint-Barthélemy,2007,300,North America,56042304,Americas,Caribbean,200977348,200977348.0,200977348,100.0,100.0
Saint-Martin,2007,300,North America,56042305,Americas,Caribbean,338346067,338346067.0,338346067,100.0,100.0
Samoa,2007,300,Oceania,23424992,Oceania,Polynesia,769445269,660598767.0,769445269,100.0,85.85
San Marino,2007,300,Europe,23424947,Europe,Southern Europe,2003931731,,2003931731,100.0,
Saudi Arabia,2007,300,Asia,23424938,Asia,Western Asia,566246508470,26578550158.0,1150798224952,49.2,2.31
Sint Maarten,2007,300,North America,-90,Americas,Caribbean,1171031540,1171031540.0,1171031540,100.0,100.0
Solomon Islands,2007,300,Oceania,23424766,Oceania,Melanesia,641992550,641992550.0,650804439,98.65,98.65
Somaliland,2007,300,Africa,-99,Africa,Eastern Africa,6218546844,3239777318.0,14548115046,42.74,22.27
South Africa,2007,300,Africa,23424942,Africa,Southern Africa,0,,520193352637,0.0,
South Georgia and the Islands,2007,300,Seven seas (open ocean),23424955,Seven seas (open ocean),Seven seas (open ocean),0,,0,,
South Sudan,2007,300,Africa,-99,Africa,Eastern Africa,656483919,,11501314823,5.71,
Spain,2007,300,Europe,23424950,Europe,Southern Europe,925016764210,42760613881.0,1271101321978,72.77,3.36
Sudan,2007,300,Africa,-90,Africa,Northern Africa,32794940722,,102605029768,31.96,
Switzerland,2007,300,Europe,23424957,Europe,Western Europe,118147335288,,331331423292,35.66,
Syria,2007,300,Asia,23424956,Asia,Western Asia,83668874344,,89778895181,93.19,
São Tomé and Principe,2007,300,Africa,23424966,Africa,Middle Africa,13280382,,358163065,3.71,
Taiwan,2007,300,Asia,23424971,Asia,Eastern Asia,500519906226,,500646820573,99.97,
Tanzania,2007,300,Africa,23424973,Africa,Eastern Africa,25605623005,16174558397.0,68392694091,37.44,23.65
Timor-Leste,2007,300,Asia,23424968,Asia,South-Eastern Asia,1437588087,1437588087.0,1437588087,100.0,100.0
Tonga,2007,300,Oceania,23424964,Oceania,Polynesia,372593789,372593789.0,372593789,100.0,100.0
Trinidad and Tobago,2007,300,North America,23424958,Americas,Caribbean,35755182597,35755182597.0,35755182597,100.0,100.0
Tunisia,2007,300,Africa,23424967,Africa,Northern Africa,70053497950,,80223932761,87.32,
Turkey,2007,300,Asia,23424969,Asia,Western Asia,860974995409,94972736544.0,875023543634,98.39,10.85
Turkmenistan,2007,300,Asia,23424972,Asia,Central Asia,54438490,,34210853078,0.16,
Uganda,2007,300,Africa,23424974,Africa,Eastern Africa,28270741845,5734631964.0,30996990584,91.2,18.5
United States,2007,300,North America,23424977,Americas,Northern America,4477104303397,331385863811.0,13378744872579,33.46,2.48
United States Virgin Islands,2007,300,North America,23424985,Americas,Caribbean,5779206050,5779206050.0,5779206050,100.0,100.0
Vanuatu,2007,300,Oceania,23424907,Oceania,Melanesia,451619951,451619951.0,451619951,100.0,100.0
Vatican,2007,300,Europe,23424986,Europe,Southern Europe,441122726,441122726.0,441122726,100.0,100.0
Venezuela,2007,300,South America,23424982,Americas,South America,10809591717,10547725702.0,455193486983,2.37,2.32
Vietnam,2007,300,Asia,23424984,Asia,South-Eastern Asia,180666252741,166250400666.0,282130530588,64.04,58.93
Wallis and Futuna Islands,2007,300,Oceania,23424989,Oceania,Polynesia,111226010,51969015.0,111226010,100.0,46.72
Yemen,2007,300,Asia,23425002,Asia,Western Asia,78959506166,76759937547.0,78990390991,99.96,97.18
Zambia,2007,300,Africa,23425003,Africa,Eastern Africa,986633856,850679261.0,30221880379,3.26,2.81
Algeria,2008,300,Africa,23424740,Africa,Northern Africa,2336513469,,389641533357,0.6,
American Samoa,2008,300,Oceania,23424746,Oceania,Polynesia,672292214,672292214.0,672292214,100.0,100.0
Andorra,2008,300,Europe,23424744,Europe,Southern Europe,4744009614,,4744009614,100.0,
Anguilla,2008,300,North America,23424751,Americas,Caribbean,145246454,145246454.0,145246454,100.0,100.0
Antarctica,2008,300,Antarctica,28289409,Antarctica,Antarctica,0,0.0,0,,
Antigua and Barbuda,2008,300,North America,23424737,Americas,Caribbean,1937761569,1937761569.0,1937761569,100.0,100.0
Argentina,2008,300,South America,23424747,Americas,South America,73812847349,11219680419.0,646293027594,11.42,1.74
Armenia,2008,300,Asia,23424743,Asia,Western Asia,22402814059,22402814059.0,22402814059,100.0,100.0
Australia,2008,300,Oceania,-90,Oceania,Australia and New Zealand,231379233888,,732472564551,31.59,
Azerbaijan,2008,300,Asia,23424741,Asia,Western Asia,16495944446,10637862368.0,107603000412,15.33,9.89
Bangladesh,2008,300,Asia,23424759,Asia,Southern Asia,20240553,,291981610738,0.01,
Barbados,2008,300,North America,23424754,Americas,Caribbean,3563606882,3563606882.0,3563606882,100.0,100.0
Belgium,2008,300,Europe,23424757,Europe,Western Europe,373076466372,,377177272111,98.91,
Belize,2008,300,North America,23424760,Americas,Central America,1166251539,112265786.0,1683156013,69.29,6.67
Bolivia,2008,300,South America,23424762,Americas,South America,23892517378,20379352393.0,43892235699,54.43,46.43
British Virgin Islands,2008,300,North America,23424983,Americas,Caribbean,954548591,954548591.0,954548591,100.0,100.0
Burundi,2008,300,Africa,23424774,Africa,Eastern Africa,4878808335,4729607485.0,4878808335,100.0,96.94
Cambodia,2008,300,Asia,23424776,Asia,South-Eastern Asia,145543530,1046920.0,29549786786,0.49,0.0
Cameroon,2008,300,Africa,23424785,Africa,Middle Africa,37288270863,37141447160.0,47125859774,79.12,78.81
Canada,2008,300,North America,23424775,Americas,Northern America,114485253345,6489341275.0,1241986802409,9.22,0.52
Central African Republic,2008,300,Africa,23424792,Africa,Middle Africa,1401852,,3381159122,0.04,
Chad,2008,300,Africa,23424777,Africa,Middle Africa,937171055,,16720946457,5.6,
Chile,2008,300,South America,23424782,Americas,South America,233965196226,222660296805.0,237402615822,98.55,93.79
China,2008,300,Asia,23424781,Asia,Eastern Asia,1030518604400,79580718053.0,9352073057381,11.02,0.85
Colombia,2008,300,South America,23424787,Americas,South America,332082205645,331688057024.0,413898616229,80.23,80.14
Comoros,2008,300,Africa,23424786,Africa,Eastern Africa,1141287951,1141287951.0,1141287951,100.0,100.0
Costa Rica,2008,300,North America,23424791,Americas,Central America,51261927756,51261927756.0,51261927777,100.0,100.0
Dem. Rep. Korea,2008,300,Asia,23424865,Asia,Eastern Asia,43759532999,15762690868.0,44867438366,97.53,35.13
Democratic Republic of the Congo,2008,300,Africa,23424780,Africa,Middle Africa,3289469921,2366794038.0,34123378021,9.64,6.94
Djibouti,2008,300,Africa,23424797,Africa,Eastern Africa,1235589510,1235589510.0,1235589510,100.0,100.0
Dominica,2008,300,North America,23424798,Americas,Caribbean,605470381,605470381.0,605470381,100.0,100.0
Ecuador,2008,300,South America,23424801,Americas,South America,108397503044,108397402370.0,108488209982,99.92,99.92
Egypt,2008,300,Africa,23424802,Africa,Northern Africa,1024012,,635421867974,0.0,
El Salvador,2008,300,North America,23424807,Americas,Central America,34448492727,34448492727.0,34448492727,100.0,100.0
Equatorial Guinea,2008,300,Africa,23424804,Africa,Middle Africa,18469451502,14360767356.0,25463235254,72.53,56.4
Eritrea,2008,300,Africa,23424806,Africa,Eastern Africa,5567067361,1487197279.0,6172130066,90.2,24.1
Ethiopia,2008,300,Africa,23424808,Africa,Eastern Africa,60567698299,54084725994.0,67068868285,90.31,80.64
Fiji,2008,300,Oceania,23424813,Oceania,Melanesia,0,,5555990434,0.0,
France,2008,300,Europe,-90,Europe,Western Europe,835645142720,40661570402.0,1977025155027,42.27,2.06
French Polynesia,2008,300,Oceania,23424817,Oceania,Polynesia,6165797878,,6267722158,98.37,
French Southern and Antarctic Lands,2008,300,Seven seas (open ocean),28289406,Seven seas (open ocean),Seven seas (open ocean),0,,0,,
Gabon,2008,300,Africa,23424822,Africa,Middle Africa,596976,,17105320666,0.0,
Georgia,2008,300,Asia,23424823,Asia,Western Asia,27014604776,22437789980.0,27014604776,100.0,83.06
Germany,2008,300,Europe,23424829,Europe,Western Europe,1500354905791,,2793540392744,53.71,
Greece,2008,300,Europe,23424833,Europe,Southern Europe,235468559671,219400123944.0,294581310942,79.93,74.48
Grenada,2008,300,North America,23424826,Americas,Caribbean,987594926,987594926.0,987594926,100.0,100.0
Guam,2008,300,Oceania,23424832,Oceania,Micronesia,5970730986,,5970730986,100.0,
Guatemala,2008,300,North America,23424834,Americas,Central America,84584340798,84532592974.0,84613329471,99.97,99.9
Heard I. and McDonald Islands,2008,300,Seven seas (open ocean),28289411,Seven seas (open ocean),Seven seas (open ocean),0,,0,,
Honduras,2008,300,North America,23424841,Americas,Central America,27986968924,26550728056.0,28122340909,99.52,94.41
Iceland,2008,300,Europe,23424845,Europe,Northern Europe,11792142064,11791731624.0,11792142064,100.0,100.0
India,2008,300,Asia,23424848,Asia,Southern Asia,397721415,4363819.0,4000309479406,0.01,0.0
Indonesia,2008,300,Asia,23424846,Asia,South-Eastern Asia,1527727459175,1525908496874.0,1613107213756,94.71,94.59
Iran,2008,300,Asia,23424851,Asia,Southern Asia,707036991758,44478861707.0,1085295592069,65.15,4.1
Iraq,2008,300,Asia,23424855,Asia,Western Asia,9303095258,345330647.0,312715749648,2.97,0.11
Israel,2008,300,Asia,23424852,Asia,Western Asia,164602906267,,165795051220,99.28,
Italy,2008,300,Europe,23424853,Europe,Southern Europe,911053265352,802731507745.0,1770397845341,51.46,45.34
Japan,2008,300,Asia,23424856,Asia,Eastern Asia,4109627197030,4056563344083.0,4109670901652,100.0,98.71
Jordan,2008,300,Asia,23424860,Asia,Western Asia,57101002146,,58161704587,98.18,
Kenya,2008,300,Africa,23424863,Africa,Eastern Africa,67901498492,43188009533.0,68690753690,98.85,62.87
Lao PDR,2008,300,Asia,23424872,Asia,South-Eastern Asia,753068334,,18317010483,4.11,
Lebanon,2008,300,Asia,23424873,Asia,Western Asia,40815776436,,40815776436,100.0,
Libya,2008,300,Africa,23424882,Africa,Northern Africa,23316973,,159493378192,0.01,
Luxembourg,2008,300,Europe,23424881,Europe,Western Europe,35566271286,,35566271286,100.0,
Madagascar,2008,300,Africa,23424883,Africa,Eastern Africa,124317984,,30355155325,0.41,
Malawi,2008,300,Africa,23424889,Africa,Eastern Africa,1015145061,1015145061.0,11711937717,8.67,8.67
Malaysia,2008,300,Asia,23424901,Asia,South-Eastern Asia,2444438279,1167957441.0,481696734308,0.51,0.24
Malta,2008,300,Europe,23424897,Europe,Southern Europe,9875738329,9875738329.0,9875738329,100.0,100.0
Mauritius,2008,300,Seven seas (open ocean),23424894,Africa,Eastern Africa,16362229518,16362229518.0,16362229518,100.0,100.0
Mexico,2008,300,North America,23424900,Americas,Central America,1243064963142,1024874770923.0,1463647877961,84.93,70.02
Mongolia,2008,300,Asia,23424887,Asia,Eastern Asia,1542312469,,17853118895,8.64,
Montserrat,2008,300,North America,23424888,Americas,Caribbean,18754407,18754407.0,18754407,100.0,100.0
Morocco,2008,300,Africa,23424893,Africa,Northern Africa,524912895,367189166.0,177947981710,0.29,0.21
Mozambique,2008,300,Africa,23424902,Africa,Eastern Africa,384204,384204.0,17525368311,0.0,0.0
Myanmar,2008,300,Asia,23424763,Asia,South-Eastern Asia,60620500077,6422728006.0,121932755112,49.72,5.27
Netherlands,2008,300,Europe,-90,Europe,Western Europe,631874860591,39573808.0,672876712983,93.91,0.01
New Caledonia,2008,300,Oceania,23424903,Oceania,Melanesia,234603458,234603458.0,4630535587,5.07,5.07
New Zealand,2008,300,Oceania,23424916,Oceania,Australia and New Zealand,82561145838,81216370448.0,104654282439,78.89,77.6
Nicaragua,2008,300,North America,23424915,Americas,Central America,20650993273,20646943106.0,20860384753,99.0,98.98
Niger,2008,300,Africa,23424906,Africa,Western Africa,479436167,,14402653202,3.33,
Nigeria,2008,300,Africa,23424908,Africa,Western Africa,65982092480,64592250510.0,621890340950,10.61,10.39
Northern Cyprus,2008,300,Asia,-90,Asia,Western Asia,7034593,,5969376463,0.12,
Northern Mariana Islands,2008,300,Oceania,23424788,Oceania,Micronesia,1198971802,1184864528.0,1198971802,100.0,98.82
Norway,2008,300,Europe,-90,Europe,Northern Europe,751783,,225674858837,0.0,
Oman,2008,300,Asia,23424898,Asia,Western Asia,26458059,,115062617390,0.02,
Palestine,2008,300,Asia,28289408,Asia,Western Asia,31836738577,,34917315305,91.18,
Panama,2008,300,North America,23424924,Americas,Central America,6402699436,2374878530.0,46686531516,13.71,5.09
Papua New Guinea,2008,300,Oceania,23424926,Oceania,Melanesia,9634991888,9619509451.0,10719911714,89.88,89.73
Peru,2008,300,South America,23424919,Americas,South America,21432435425,17458956816.0,234331351572,9.15,7.45
Philippines,2008,300,Asia,23424934,Asia,South-Eastern Asia,427491884099,427380439346.0,428692920979,99.72,99.69
Pitcairn Islands,2008,300,Oceania,23424918,Oceania,Polynesia,372171,,372171,100.0,
Portugal,2008,300,Europe,23424925,Europe,Southern Europe,3785154544,557053897.0,217682101176,1.74,0.26
Puerto Rico,2008,300,North America,23424935,Americas,Caribbean,7871559682,41468000.0,102166562953,7.7,0.04
Republic of Cabo Verde,2008,300,Africa,23424794,Africa,Western Africa,2202528394,2202528394.0,2202528394,100.0,100.0
Republic of Korea,2008,300,Asia,23424868,Asia,Eastern Asia,1341429172530,81695188826.0,1341517307054,99.99,6.09
Russian Federation,2008,300,Europe,23424936,Europe,Eastern Europe,95203630768,2376858409.0,2117643768519,4.5,0.11
Rwanda,2008,300,Africa,23424937,Africa,Eastern Africa,10628670802,10628670802.0,10628670802,100.0,100.0
Saint Helena,2008,300,Seven seas (open ocean),23424944,Africa,Western Africa,4890167,,24807915,19.71,
Saint Kitts and Nevis,2008,300,North America,23424940,Americas,Caribbean,880374777,880374777.0,880374777,100.0,100.0
Saint Lucia,2008,300,North America,23424951,Americas,Caribbean,1671023115,1671023115.0,1671023115,100.0,100.0
Saint Vincent and the Grenadines,2008,300,North America,23424981,Americas,Caribbean,745526388,745526388.0,745526388,100.0,100.0
Saint-Barthélemy,2008,300,North America,56042304,Americas,Caribbean,196690868,196690868.0,196690868,100.0,100.0
Saint-Martin,2008,300,North America,56042305,Americas,Caribbean,333958178,333958178.0,333958178,100.0,100.0
Samoa,2008,300,Oceania,23424992,Oceania,Polynesia,769153398,657067453.0,769153398,100.0,85.43
San Marino,2008,300,Europe,23424947,Europe,Southern Europe,1989804899,,1989804899,100.0,
Saudi Arabia,2008,300,Asia,23424938,Asia,Western Asia,596858786809,27804363509.0,1224632996096,48.74,2.27
Sint Maarten,2008,300,North America,-90,Americas,Caribbean,1146798436,1146798436.0,1146798436,100.0,100.0
Solomon Islands,2008,300,Oceania,23424766,Oceania,Melanesia,671528817,671528817.0,681033064,98.6,98.6
Somaliland,2008,300,Africa,-99,Africa,Eastern Africa,6282729107,3310593082.0,14799375834,42.45,22.37
South Africa,2008,300,Africa,23424942,Africa,Southern Africa,0,,537322786351,0.0,
South Georgia and the Islands,2008,300,Seven seas (open ocean),23424955,Seven seas (open ocean),Seven seas (open ocean),0,,0,,
South Sudan,2008,300,Africa,-99,Africa,Eastern Africa,827613098,,13168531431,6.28,
Spain,2008,300,Europe,23424950,Europe,Southern Europe,935467185779,44607599556.0,1281938533984,72.97,3.48
Sudan,2008,300,Africa,-90,Africa,Northern Africa,34048459122,,109886703600,30.99,
Switzerland,2008,300,Europe,23424957,Europe,Western Europe,123351645063,,339566805790,36.33,
Syria,2008,300,Asia,23424956,Asia,Western Asia,89151851877,,94694798428,94.15,
São Tomé and Principe,2008,300,Africa,23424966,Africa,Middle Africa,13515762,,386084480,3.5,
Taiwan,2008,300,Asia,23424971,Asia,Eastern Asia,510233016331,,510337980493,99.98,
Tanzania,2008,300,Africa,23424973,Africa,Eastern Africa,26840886940,16969042606.0,72358825342,37.09,23.45
Timor-Leste,2008,300,Asia,23424968,Asia,South-Eastern Asia,1616169761,1616169761.0,1616169761,100.0,100.0
Tonga,2008,300,Oceania,23424964,Oceania,Polynesia,360109166,360109166.0,360109166,100.0,100.0
Trinidad and Tobago,2008,300,North America,23424958,Americas,Caribbean,37016754977,37016754977.0,37016754977,100.0,100.0
Tunisia,2008,300,Africa,23424967,Africa,Northern Africa,75108284239,,83993334233,89.42,
Turkey,2008,300,Asia,23424969,Asia,Western Asia,871441071921,104555404317.0,884579431127,98.51,11.82
Turkmenistan,2008,300,Asia,23424972,Asia,Central Asia,67912877,,39238044240,0.17,
Uganda,2008,300,Africa,23424974,Africa,Eastern Africa,30867305099,5916181700.0,33708059182,91.57,17.55
United States,2008,300,North America,23424977,Americas,Northern America,4496281423462,341107081189.0,13369055063509,33.63,2.55
United States Virgin Islands,2008,300,North America,23424985,Americas,Caribbean,5585297304,5585297304.0,5585297304,100.0,100.0
Vanuatu,2008,300,Oceania,23424907,Oceania,Melanesia,482082849,482082849.0,482082849,100.0,100.0
Vatican,2008,300,Europe,23424986,Europe,Southern Europe,480913602,480913602.0,480913602,100.0,100.0
Venezuela,2008,300,South America,23424982,Americas,South America,10370960761,10083996533.0,480400616412,2.16,2.1
Vietnam,2008,300,Asia,23424984,Asia,South-Eastern Asia,178091082116,165947017390.0,297986398989,59.76,55.69
Wallis and Futuna Islands,2008,300,Oceania,23424989,Oceania,Polynesia,107918261,51914615.0,107918261,100.0,48.11
Yemen,2008,300,Asia,23425002,Asia,Western Asia,81442087977,79183214658.0,81476215355,99.96,97.19
Zambia,2008,300,Africa,23425003,Africa,Eastern Africa,1226730993,1081273686.0,32552003475,3.77,3.32
Algeria,2009,300,Africa,23424740,Africa,Northern Africa,2176596985,,399363625686,0.55,
American Samoa,2009,300,Oceania,23424746,Oceania,Polynesia,645439980,645439980.0,645439980,100.0,100.0
Andorra,2009,300,Europe,23424744,Europe,Southern Europe,4563741703,,4563741703,100.0,
Anguilla,2009,300,North America,23424751,Americas,Caribbean,123977329,123977329.0,123977329,100.0,100.0
Antarctica,2009,300,Antarctica,28289409,Antarctica,Antarctica,0,0.0,0,,
Antigua and Barbuda,2009,300,North America,23424737,Americas,Caribbean,1713513109,1713513109.0,1713513109,100.0,100.0
Argentina,2009,300,South America,23424747,Americas,South America,68793297176,10281946430.0,607651985110,11.32,1.69
Armenia,2009,300,Asia,23424743,Asia,Western Asia,19257548080,19257548080.0,19257548080,100.0,100.0
Australia,2009,300,Oceania,-90,Oceania,Australia and New Zealand,233795329091,,745744361734,31.35,
Azerbaijan,2009,300,Asia,23424741,Asia,Western Asia,19770014457,12786155986.0,116599951023,16.96,10.97
Bangladesh,2009,300,Asia,23424759,Asia,Southern Asia,22855168,,306114550859,0.01,
Barbados,2009,300,North America,23424754,Americas,Caribbean,3331790456,3331790456.0,3331790456,100.0,100.0
Belgium,2009,300,Europe,23424757,Europe,Western Europe,364888445743,,369366288939,98.79,
Belize,2009,300,North America,23424760,Americas,Central America,1208383052,112786910.0,1724478343,70.07,6.54
Bolivia,2009,300,South America,23424762,Americas,South America,23851406180,20143003284.0,45371404073,52.57,44.4
British Virgin Islands,2009,300,North America,23424983,Americas,Caribbean,1007447104,1007447104.0,1007447104,100.0,100.0
Burundi,2009,300,Africa,23424774,Africa,Eastern Africa,5060632395,4909222581.0,5060632395,100.0,97.01
Cambodia,2009,300,Asia,23424776,Asia,South-Eastern Asia,152947478,1140326.0,29717332657,0.51,0.0
Cameroon,2009,300,Africa,23424785,Africa,Middle Africa,38001785367,37855300927.0,48205123961,78.83,78.53
Canada,2009,300,North America,23424775,Americas,Northern America,109647444031,6183368084.0,1207963071127,9.08,0.51
Central African Republic,2009,300,Africa,23424792,Africa,Middle Africa,1623342,,3669252206,0.04,
Chad,2009,300,Africa,23424777,Africa,Middle Africa,1015759001,,17415163492,5.83,
Chile,2009,300,South America,23424782,Americas,South America,230348584175,218599122090.0,233707178932,98.56,93.54
China,2009,300,Asia,23424781,Asia,Eastern Asia,1114433995766,91850308487.0,10241931462250,10.88,0.9
Colombia,2009,300,South America,23424787,Americas,South America,336777317029,336315159098.0,418761195748,80.42,80.31
Comoros,2009,300,Africa,23424786,Africa,Eastern Africa,1176045016,1176045016.0,1176045016,100.0,100.0
Costa Rica,2009,300,North America,23424791,Americas,Central America,50808677157,50808677157.0,50808677195,100.0,100.0
Dem. Rep. Korea,2009,300,Asia,23424865,Asia,Eastern Asia,42919829900,15428810492.0,44350812542,96.77,34.79
Democratic Republic of the Congo,2009,300,Africa,23424780,Africa,Middle Africa,3374073760,2422947534.0,35082438598,9.62,6.91
Djibouti,2009,300,Africa,23424797,Africa,Eastern Africa,1606954924,1606954924.0,1606954924,100.0,100.0
Dominica,2009,300,North America,23424798,Americas,Caribbean,599559650,599559650.0,599559650,100.0,100.0
Ecuador,2009,300,South America,23424801,Americas,South America,110260592908,110260485607.0,110355388319,99.91,99.91
Egypt,2009,300,Africa,23424802,Africa,Northern Africa,1330979,,665615871976,0.0,
El Salvador,2009,300,North America,23424807,Americas,Central America,33718829602,33718829602.0,33718829602,100.0,100.0
Equatorial Guinea,2009,300,Africa,23424804,Africa,Middle Africa,19174565412,14562446630.0,26680266666,71.87,54.58
Eritrea,2009,300,Africa,23424806,Africa,Eastern Africa,5769547818,1475704887.0,6415622955,89.93,23.0
Ethiopia,2009,300,Africa,23424808,Africa,Eastern Africa,65531431808,58030415615.0,72940439058,89.84,79.56
Fiji,2009,300,Oceania,23424813,Oceania,Melanesia,0,,5556277438,0.0,
France,2009,300,Europe,-90,Europe,Western Europe,801942944073,40554933510.0,1919700194423,41.77,2.11
French Polynesia,2009,300,Oceania,23424817,Oceania,Polynesia,6149206348,,6264061601,98.17,
French Southern and Antarctic Lands,2009,300,Seven seas (open ocean),28289406,Seven seas (open ocean),Seven seas (open ocean),0,,0,,
Gabon,2009,300,Africa,23424822,Africa,Middle Africa,701989,,17943461005,0.0,
Georgia,2009,300,Asia,23424823,Asia,Western Asia,25769361456,22626616034.0,25769361456,100.0,87.8
Germany,2009,300,Europe,23424829,Europe,Western Europe,1297734335065,,2636011549739,49.23,
Greece,2009,300,Europe,23424833,Europe,Southern Europe,233003362061,215445825370.0,279773060222,83.28,77.01
Grenada,2009,300,North America,23424826,Americas,Caribbean,917890335,917890335.0,917890335,100.0,100.0
Guam,2009,300,Oceania,23424832,Oceania,Micronesia,5988863017,,5988863017,100.0,
Guatemala,2009,300,North America,23424834,Americas,Central America,85247954122,85193890867.0,85281424856,99.96,99.9
Heard I. and McDonald Islands,2009,300,Seven seas (open ocean),28289411,Seven seas (open ocean),Seven seas (open ocean),0,,0,,
Honduras,2009,300,North America,23424841,Americas,Central America,27344263554,26240798187.0,27467283640,99.55,95.53
Iceland,2009,300,Europe,23424845,Europe,Northern Europe,11753639776,11753366179.0,11753639776,100.0,100.0
India,2009,300,Asia,23424848,Asia,Southern Asia,597346175,5037927.0,4312417477240,0.01,0.0
Indonesia,2009,300,Asia,23424846,Asia,South-Eastern Asia,1585854417360,1583722290310.0,1686099200067,94.05,93.93
Iran,2009,300,Asia,23424851,Asia,Southern Asia,697038126601,47116605755.0,1095183030402,63.65,4.3
Iraq,2009,300,Asia,23424855,Asia,Western Asia,10208272583,307537637.0,323232992870,3.16,0.1
Israel,2009,300,Asia,23424852,Asia,Western Asia,166757001778,,168026164214,99.24,
Italy,2009,300,Europe,23424853,Europe,Southern Europe,856492118309,768834532424.0,1675117434237,51.13,45.9
Japan,2009,300,Asia,23424856,Asia,Eastern Asia,3889388426934,3843970590163.0,3889446685658,100.0,98.83
Jordan,2009,300,Asia,23424860,Asia,Western Asia,59897448092,,61093662039,98.04,
Kenya,2009,300,Africa,23424863,Africa,Eastern Africa,70230589085,48239389211.0,70979669094,98.94,67.96
Lao PDR,2009,300,Asia,23424872,Asia,South-Eastern Asia,805630641,,19897106506,4.05,
Lebanon,2009,300,Asia,23424873,Asia,Western Asia,43546184937,,43546184937,100.0,
Libya,2009,300,Africa,23424882,Africa,Northern Africa,21636268,,159179167104,0.01,
Luxembourg,2009,300,Europe,23424881,Europe,Western Europe,34090521322,,34090521322,100.0,
Madagascar,2009,300,Africa,23424883,Africa,Eastern Africa,124255986,,29132366261,0.43,
Malawi,2009,300,Africa,23424889,Africa,Eastern Africa,1124994651,1124994651.0,12684126557,8.87,8.87
Malaysia,2009,300,Asia,23424901,Asia,South-Eastern Asia,2750033629,1350264630.0,475430647055,0.58,0.28
Malta,2009,300,Europe,23424897,Europe,Southern Europe,9699287414,9699287414.0,9699287414,100.0,100.0
Mauritius,2009,300,Seven seas (open ocean),23424894,Africa,Eastern Africa,16906700658,16906700658.0,16906700658,100.0,100.0
Mexico,2009,300,North America,23424900,Americas,Central America,1189203014330,979857483564.0,1387223001286,85.73,70.63
Mongolia,2009,300,Asia,23424887,Asia,Eastern Asia,1535262102,,17631056676,8.71,
Montserrat,2009,300,North America,23424888,Americas,Caribbean,20974654,20974654.0,20974654,100.0,100.0
Morocco,2009,300,Africa,23424893,Africa,Northern Africa,428210588,310507016.0,185444633254,0.23,0.17
Mozambique,2009,300,Africa,23424902,Africa,Eastern Africa,411328,411328.0,18887670358,0.0,0.0
Myanmar,2009,300,Asia,23424763,Asia,South-Eastern Asia,66002156376,6875587800.0,134793497534,48.97,5.1
Netherlands,2009,300,Europe,-90,Europe,Western Europe,607701475796,40624998.0,648323228769,93.73,0.01
New Caledonia,2009,300,Oceania,23424903,Oceania,Melanesia,261123229,261123229.0,4497741177,5.81,5.81
New Zealand,2009,300,Oceania,23424916,Oceania,Australia and New Zealand,85704785812,84410439580.0,104988444046,81.63,80.4
Nicaragua,2009,300,North America,23424915,Americas,Central America,19969544760,19965428373.0,20171955078,99.0,98.98
Niger,2009,300,Africa,23424906,Africa,Western Africa,496964924,,14688552083,3.38,
Nigeria,2009,300,Africa,23424908,Africa,Western Africa,72586137312,71163733575.0,673110236990,10.78,10.57
Northern Cyprus,2009,300,Asia,-90,Asia,Western Asia,8162055,,5028135655,0.16,
Northern Mariana Islands,2009,300,Oceania,23424788,Oceania,Micronesia,992382981,975814908.0,992382981,100.0,98.33
Norway,2009,300,Europe,-90,Europe,Northern Europe,657657,,220879453381,0.0,
Oman,2009,300,Asia,23424898,Asia,Western Asia,27807333,,122264133024,0.02,
Palestine,2009,300,Asia,28289408,Asia,Western Asia,31271710826,,35636281796,87.75,
Panama,2009,300,North America,23424924,Americas,Central America,6996370382,2403502367.0,47264094531,14.8,5.09
Papua New Guinea,2009,300,Oceania,23424926,Oceania,Melanesia,10268821387,10252227058.0,11446432357,89.71,89.57
Peru,2009,300,South America,23424919,Americas,South America,21196245857,17506923972.0,236826577205,8.95,7.39
Philippines,2009,300,Asia,23424934,Asia,South-Eastern Asia,432570269207,432459470978.0,433846098259,99.71,99.68
Pitcairn Islands,2009,300,Oceania,23424918,Oceania,Polynesia,373524,,373524,100.0,
Portugal,2009,300,Europe,23424925,Europe,Southern Europe,3013937550,489327542.0,206864487641,1.46,0.24
Puerto Rico,2009,300,North America,23424935,Americas,Caribbean,8256175703,71218081.0,100513403461,8.21,0.07
Republic of Cabo Verde,2009,300,Africa,23424794,Africa,Western Africa,2193846508,2193846508.0,2193846508,100.0,100.0
Republic of Korea,2009,300,Asia,23424868,Asia,Eastern Asia,1347991960710,71608130969.0,1348138062506,99.99,5.31
Russian Federation,2009,300,Europe,23424936,Europe,Eastern Europe,69252887879,1984659744.0,1952197569837,3.55,0.1
Rwanda,2009,300,Africa,23424937,Africa,Eastern Africa,11321682848,11321682848.0,11321682848,100.0,100.0
Saint Helena,2009,300,Seven seas (open ocean),23424944,Africa,Western Africa,4868614,,24902359,19.55,
Saint Kitts and Nevis,2009,300,North America,23424940,Americas,Caribbean,838425520,838425520.0,838425520,100.0,100.0
Saint Lucia,2009,300,North America,23424951,Americas,Caribbean,1674454366,1674454366.0,1674454366,100.0,100.0
Saint Vincent and the Grenadines,2009,300,North America,23424981,Americas,Caribbean,721310456,721310456.0,721310456,100.0,100.0
Saint-Barthélemy,2009,300,North America,56042304,Americas,Caribbean,203790180,203790180.0,203790180,100.0,100.0
Saint-Martin,2009,300,North America,56042305,Americas,Caribbean,325930815,325930815.0,325930815,100.0,100.0
Samoa,2009,300,Oceania,23424992,Oceania,Polynesia,738317768,633403351.0,738317768,100.0,85.79
San Marino,2009,300,Europe,23424947,Europe,Southern Europe,1825064904,,1825064904,100.0,
Saudi Arabia,2009,300,Asia,23424938,Asia,Western Asia,578828353549,28991807687.0,1199098676885,48.27,2.42
Sint Maarten,2009,300,North America,-90,Americas,Caribbean,1062015653,1062015653.0,1062015653,100.0,100.0
Solomon Islands,2009,300,Oceania,23424766,Oceania,Melanesia,689802481,689802481.0,699827248,98.57,98.57
Somaliland,2009,300,Africa,-99,Africa,Eastern Africa,6504704799,3376762258.0,15233366694,42.7,22.17
South Africa,2009,300,Africa,23424942,Africa,Southern Africa,0,,528729415388,0.0,
South Georgia and the Islands,2009,300,Seven seas (open ocean),23424955,Seven seas (open ocean),Seven seas (open ocean),0,,0,,
South Sudan,2009,300,Africa,-99,Africa,Eastern Africa,931825564,,13479378169,6.91,
Spain,2009,300,Europe,23424950,Europe,Southern Europe,900775551083,41830503322.0,1234523924840,72.97,3.39
Sudan,2009,300,Africa,-90,Africa,Northern Africa,33680208896,,113583758678,29.65,
Switzerland,2009,300,Europe,23424957,Europe,Western Europe,113323234163,,331831388237,34.15,
Syria,2009,300,Asia,23424956,Asia,Western Asia,92188831459,,98079208171,93.99,
São Tomé and Principe,2009,300,Africa,23424966,Africa,Middle Africa,15963533,,401194924,3.98,
Taiwan,2009,300,Asia,23424971,Asia,Eastern Asia,519653758985,,519731513075,99.99,
Tanzania,2009,300,Africa,23424973,Africa,Eastern Africa,30655141844,19028186323.0,76088795838,40.29,25.01
Timor-Leste,2009,300,Asia,23424968,Asia,South-Eastern Asia,1783985665,1783985665.0,1783985665,100.0,100.0
Tonga,2009,300,Oceania,23424964,Oceania,Polynesia,334597305,334597305.0,334597305,100.0,100.0
Trinidad and Tobago,2009,300,North America,23424958,Americas,Caribbean,35373369445,35373369445.0,35373369445,100.0,100.0
Tunisia,2009,300,Africa,23424967,Africa,Northern Africa,76430330782,,86319595049,88.54,
Turkey,2009,300,Asia,23424969,Asia,Western Asia,823637595269,105023417928.0,839509927811,98.11,12.51
Turkmenistan,2009,300,Asia,23424972,Asia,Central Asia,73518536,,41577660709,0.18,
Uganda,2009,300,Africa,23424974,Africa,Eastern Africa,32906213809,6390445787.0,35996055397,91.42,17.75
United States,2009,300,North America,23424977,Americas,Northern America,4357439609438,313458881798.0,13035969291113,33.43,2.4
United States Virgin Islands,2009,300,North America,23424985,Americas,Caribbean,4854093535,4854093535.0,4854093535,100.0,100.0
Vanuatu,2009,300,Oceania,23424907,Oceania,Melanesia,492451533,492451533.0,492451533,100.0,100.0
Vatican,2009,300,Europe,23424986,Europe,Southern Europe,370497503,370497503.0,370497503,100.0,100.0
Venezuela,2009,300,South America,23424982,Americas,South America,12686182900,12377667034.0,464215966426,2.73,2.67
Vietnam,2009,300,Asia,23424984,Asia,South-Eastern Asia,198107287560,182126122415.0,313973147925,63.1,58.01
Wallis and Futuna Islands,2009,300,Oceania,23424989,Oceania,Polynesia,104057129,49809874.0,104057129,100.0,47.87
Yemen,2009,300,Asia,23425002,Asia,Western Asia,82978279646,80499438641.0,83018123311,99.95,96.97
Zambia,2009,300,Africa,23425003,Africa,Eastern Africa,1292005134,1130260696.0,35557765844,3.63,3.18
Algeria,2010,300,Africa,23424740,Africa,Northern Africa,1788461625,,418511737164,0.43,
American Samoa,2010,300,Oceania,23424746,Oceania,Polynesia,639300267,639300267.0,639300267,100.0,100.0
Andorra,2010,300,Europe,23424744,Europe,Southern Europe,4328010735,,4328010735,100.0,
Anguilla,2010,300,North America,23424751,Americas,Caribbean,123310570,123310570.0,123310570,100.0,100.0
Antarctica,2010,300,Antarctica,28289409,Antarctica,Antarctica,0,0.0,0,,
Antigua and Barbuda,2010,300,North America,23424737,Americas,Caribbean,1557226049,1557226049.0,1557226049,100.0,100.0
Argentina,2010,300,South America,23424747,Americas,South America,79713493263,12938792442.0,671162653571,11.88,1.93
Armenia,2010,300,Asia,23424743,Asia,Western Asia,19681095040,19681095040.0,19681095040,100.0,100.0
Australia,2010,300,Oceania,-90,Oceania,Australia and New Zealand,236130209053,,759687510184,31.08,
Azerbaijan,2010,300,Asia,23424741,Asia,Western Asia,24066933637,16551155769.0,122260485337,19.68,13.54
Bangladesh,2010,300,Asia,23424759,Asia,Southern Asia,27353631,,322833006738,0.01,
Barbados,2010,300,North America,23424754,Americas,Caribbean,2668517081,2668517081.0,2668517081,100.0,100.0
Belgium,2010,300,Europe,23424757,Europe,Western Europe,374296049570,,378463492908,98.9,
Belize,2010,300,North America,23424760,Americas,Central America,1193706984,102184407.0,1724473094,69.22,5.93
Bolivia,2010,300,South America,23424762,Americas,South America,22750321366,19204392053.0,47180375434,48.22,40.7
British Virgin Islands,2010,300,North America,23424983,Americas,Caribbean,1034886752,1034886752.0,1034886752,100.0,100.0
Burundi,2010,300,Africa,23424774,Africa,Eastern Africa,5306338442,5156472395.0,5306338442,100.0,97.18
Cambodia,2010,300,Asia,23424776,Asia,South-Eastern Asia,192481738,706280.0,31464261970,0.61,0.0
Cameroon,2010,300,Africa,23424785,Africa,Middle Africa,39840786113,39717561451.0,49697749483,80.17,79.92
Canada,2010,300,North America,23424775,Americas,Northern America,121372748278,6632925856.0,1238657655881,9.8,0.54
Central African Republic,2010,300,Africa,23424792,Africa,Middle Africa,1401702,,3849159587,0.04,
Chad,2010,300,Africa,23424777,Africa,Middle Africa,1043016721,,19781062684,5.27,
Chile,2010,300,South America,23424782,Americas,South America,243228172289,229122392194.0,246729434674,98.58,92.86
China,2010,300,Asia,23424781,Asia,Eastern Asia,1267181186163,101726640594.0,11292800614482,11.22,0.9
Colombia,2010,300,South America,23424787,Americas,South America,350012889794,349479262355.0,438419619148,79.84,79.71
Comoros,2010,300,Africa,23424786,Africa,Eastern Africa,1205695221,1205695221.0,1205695221,100.0,100.0
Costa Rica,2010,300,North America,23424791,Americas,Central America,53532094737,53532094737.0,53532094854,100.0,100.0
Dem. Rep. Korea,2010,300,Asia,23424865,Asia,Eastern Asia,42941001990,14983514262.0,44248309436,97.05,33.86
Democratic Republic of the Congo,2010,300,Africa,23424780,Africa,Middle Africa,3795154650,2719255676.0,37476424264,10.13,7.26
Djibouti,2010,300,Africa,23424797,Africa,Eastern Africa,2138306145,2138306145.0,2138306145,100.0,100.0
Dominica,2010,300,North America,23424798,Americas,Caribbean,588117911,588117911.0,588117911,100.0,100.0
Ecuador,2010,300,South America,23424801,Americas,South America,115487569574,115487466097.0,115590085853,99.91,99.91
Egypt,2010,300,Africa,23424802,Africa,Northern Africa,1697945,,701820705475,0.0,
El Salvador,2010,300,North America,23424807,Americas,Central America,34384711964,34384711964.0,34384711964,100.0,100.0
Equatorial Guinea,2010,300,Africa,23424804,Africa,Middle Africa,19014495177,15655325096.0,24482544065,77.67,63.94
Eritrea,2010,300,Africa,23424806,Africa,Eastern Africa,5917461495,1560768388.0,6565998341,90.12,23.77
Ethiopia,2010,300,Africa,23424808,Africa,Eastern Africa,73262832454,64513549624.0,82040046462,89.3,78.64
Fiji,2010,300,Oceania,23424813,Oceania,Melanesia,0,,5595462983,0.0,
France,2010,300,Europe,-90,Europe,Western Europe,888582805130,39412363944.0,1948767009143,45.6,2.02
French Polynesia,2010,300,Oceania,23424817,Oceania,Polynesia,6233107531,,6350043615,98.16,
French Southern and Antarctic Lands,2010,300,Seven seas (open ocean),28289406,Seven seas (open ocean),Seven seas (open ocean),0,,0,,
Gabon,2010,300,Africa,23424822,Africa,Middle Africa,1257987,,18329069288,0.01,
Georgia,2010,300,Asia,23424823,Asia,Western Asia,26720526270,22496294168.0,26720526270,100.0,84.19
Germany,2010,300,Europe,23424829,Europe,Western Europe,1447587950227,,2746934406553,52.7,
Greece,2010,300,Europe,23424833,Europe,Southern Europe,213292691432,196408337918.0,259453237440,82.21,75.7
Grenada,2010,300,North America,23424826,Americas,Caribbean,854118368,854118368.0,854118368,100.0,100.0
Guam,2010,300,Oceania,23424832,Oceania,Micronesia,5996940865,,5996940865,100.0,
Guatemala,2010,300,North America,23424834,Americas,Central America,87949382658,87872611821.0,87996058674,99.95,99.86
Heard I. and McDonald Islands,2010,300,Seven seas (open ocean),28289411,Seven seas (open ocean),Seven seas (open ocean),0,,0,,
Honduras,2010,300,North America,23424841,Americas,Central America,28305952508,26766005316.0,28454281143,99.48,94.07
Iceland,2010,300,Europe,23424845,Europe,Northern Europe,11111733571,11111248062.0,11111733571,100.0,100.0
India,2010,300,Asia,23424848,Asia,Southern Asia,585087461,5966838.0,4665526727398,0.01,0.0
Indonesia,2010,300,Asia,23424846,Asia,South-Eastern Asia,1690543766320,1688225203762.0,1805257644331,93.65,93.52
Iran,2010,300,Asia,23424851,Asia,Southern Asia,720966445780,58988915144.0,1157096081123,62.31,5.1
Iraq,2010,300,Asia,23424855,Asia,Western Asia,14111038238,344625861.0,343722235327,4.11,0.1
Israel,2010,300,Asia,23424852,Asia,Western Asia,174877208981,,176375328809,99.15,
Italy,2010,300,Europe,23424853,Europe,Southern Europe,932446316511,820836837687.0,1687530194087,55.26,48.64
Japan,2010,300,Asia,23424856,Asia,Eastern Asia,4039712710326,3976642772204.0,4039829481525,100.0,98.44
Jordan,2010,300,Asia,23424860,Asia,Western Asia,61114848409,,62457534150,97.85,
Kenya,2010,300,Africa,23424863,Africa,Eastern Africa,75877515254,49007789168.0,76841648794,98.75,63.78
Lao PDR,2010,300,Asia,23424872,Asia,South-Eastern Asia,773281784,,21265549348,3.64,
Lebanon,2010,300,Asia,23424873,Asia,Western Asia,53193180740,,53193180740,100.0,
Libya,2010,300,Africa,23424882,Africa,Northern Africa,22205312,,167749046820,0.01,
Luxembourg,2010,300,Europe,23424881,Europe,Western Europe,35889795722,,35889795722,100.0,
Madagascar,2010,300,Africa,23424883,Africa,Eastern Africa,118149860,,29260546421,0.4,
Malawi,2010,300,Africa,23424889,Africa,Eastern Africa,1222495998,1222495998.0,13571055180,9.01,9.01
Malaysia,2010,300,Asia,23424901,Asia,South-Eastern Asia,4671762533,1785332971.0,504773822022,0.93,0.35
Malta,2010,300,Europe,23424897,Europe,Southern Europe,10272121459,10272121459.0,10272121459,100.0,100.0
Mauritius,2010,300,Seven seas (open ocean),23424894,Africa,Eastern Africa,17653674354,17653674354.0,17653674354,100.0,100.0
Mexico,2010,300,North America,23424900,Americas,Central America,1224505771539,1014559839163.0,1453330819231,84.26,69.81
Mongolia,2010,300,Asia,23424887,Asia,Eastern Asia,1479106706,,18754074783,7.89,
Montserrat,2010,300,North America,23424888,Americas,Caribbean,28416418,28416418.0,28416418,100.0,100.0
Morocco,2010,300,Africa,23424893,Africa,Northern Africa,442832849,316138711.0,192415935644,0.23,0.16
Mozambique,2010,300,Africa,23424902,Africa,Eastern Africa,485040,485040.0,20077071442,0.0,0.0
Myanmar,2010,300,Asia,23424763,Asia,South-Eastern Asia,73730050603,7658711700.0,147619068041,49.95,5.19
Netherlands,2010,300,Europe,-90,Europe,Western Europe,607658696515,31705392.0,653607201173,92.97,0.0
New Caledonia,2010,300,Oceania,23424903,Oceania,Melanesia,225250609,225250609.0,4776352825,4.72,4.72
New Zealand,2010,300,Oceania,23424916,Oceania,Australia and New Zealand,83539227565,80957948929.0,106765467788,78.25,75.83
Nicaragua,2010,300,North America,23424915,Americas,Central America,20773576929,20768429552.0,21034005780,98.76,98.74
Niger,2010,300,Africa,23424906,Africa,Western Africa,505584261,,15957811879,3.17,
Nigeria,2010,300,Africa,23424908,Africa,Western Africa,90191818409,88348965839.0,725534615202,12.43,12.18
Northern Cyprus,2010,300,Asia,-90,Asia,Western Asia,6691692,,5226909691,0.13,
Northern Mariana Islands,2010,300,Oceania,23424788,Oceania,Micronesia,1017812266,1007125569.0,1017812266,100.0,98.95
Norway,2010,300,Europe,-90,Europe,Northern Europe,760458,,218322487996,0.0,
Oman,2010,300,Asia,23424898,Asia,Western Asia,29587009,,123735025118,0.02,
Palestine,2010,300,Asia,28289408,Asia,Western Asia,34803705160,,39820606153,87.4,
Panama,2010,300,North America,23424924,Americas,Central America,7604458410,2706181714.0,50071432969,15.19,5.4
Papua New Guinea,2010,300,Oceania,23424926,Oceania,Melanesia,11291747144,11275703983.0,12556566130,89.93,89.8
Peru,2010,300,South America,23424919,Americas,South America,23698340161,19492969351.0,255800708304,9.26,7.62
Philippines,2010,300,Asia,23424934,Asia,South-Eastern Asia,457695239979,457571924771.0,459471809009,99.61,99.59
Pitcairn Islands,2010,300,Oceania,23424918,Oceania,Polynesia,362658,,362658,100.0,
Portugal,2010,300,Europe,23424925,Europe,Southern Europe,2512680565,598894195.0,204219756063,1.23,0.29
Puerto Rico,2010,300,North America,23424935,Americas,Caribbean,10892859415,120273387.0,99952384514,10.9,0.12
Republic of Cabo Verde,2010,300,Africa,23424794,Africa,Western Africa,2098333773,2098333773.0,2098333773,100.0,100.0
Republic of Korea,2010,300,Asia,23424868,Asia,Eastern Asia,1429893792523,108393666596.0,1430174716049,99.98,7.58
Russian Federation,2010,300,Europe,23424936,Europe,Eastern Europe,88243251020,2254645614.0,2035194284725,4.34,0.11
Rwanda,2010,300,Africa,23424937,Africa,Eastern Africa,12230782691,12230782691.0,12230782691,100.0,100.0
Saint Helena,2010,300,Seven seas (open ocean),23424944,Africa,Western Africa,6466301,,12463008,51.88,
Saint Kitts and Nevis,2010,300,North America,23424940,Americas,Caribbean,844768872,844768872.0,844768872,100.0,100.0
Saint Lucia,2010,300,North America,23424951,Americas,Caribbean,1708169498,1708169498.0,1708169498,100.0,100.0
Saint Vincent and the Grenadines,2010,300,North America,23424981,Americas,Caribbean,389222231,389222231.0,389222231,100.0,100.0
Saint-Barthélemy,2010,300,North America,56042304,Americas,Caribbean,215771676,215771676.0,215771676,100.0,100.0
Saint-Martin,2010,300,North America,56042305,Americas,Caribbean,412245587,412245587.0,412245587,100.0,100.0
Samoa,2010,300,Oceania,23424992,Oceania,Polynesia,796427572,693885643.0,796427572,100.0,87.12
San Marino,2010,300,Europe,23424947,Europe,Southern Europe,1756198192,,1756198192,100.0,
Saudi Arabia,2010,300,Asia,23424938,Asia,Western Asia,594900923853,35929044529.0,1262847565600,47.11,2.85
Sint Maarten,2010,300,North America,-90,Americas,Caribbean,904373698,904373698.0,904373698,100.0,100.0
Solomon Islands,2010,300,Oceania,23424766,Oceania,Melanesia,763221855,763221855.0,772065095,98.85,98.85
Somaliland,2010,300,Africa,-99,Africa,Eastern Africa,6622325235,3373964634.0,15587173490,42.49,21.65
South Africa,2010,300,Africa,23424942,Africa,Southern Africa,0,,543708209165,0.0,
South Georgia and the Islands,2010,300,Seven seas (open ocean),23424955,Seven seas (open ocean),Seven seas (open ocean),0,,0,,
South Sudan,2010,300,Africa,-99,Africa,Eastern Africa,1132891478,,14871600016,7.62,
Spain,2010,300,Europe,23424950,Europe,Southern Europe,900129035203,43494278827.0,1232566963373,73.03,3.53
Sudan,2010,300,Africa,-90,Africa,Northern Africa,31890542909,,116605572898,27.35,
Switzerland,2010,300,Europe,23424957,Europe,Western Europe,98750469700,,345334452824,28.6,
Syria,2010,300,Asia,23424956,Asia,Western Asia,93982783915,,103044302227,91.21,
São Tomé and Principe,2010,300,Africa,23424966,Africa,Middle Africa,15592340,,433492512,3.6,
Taiwan,2010,300,Asia,23424971,Asia,Eastern Asia,528709573590,,528796280456,99.98,
Tanzania,2010,300,Africa,23424973,Africa,Eastern Africa,33798889746,20777352080.0,81170554867,41.64,25.6
Timor-Leste,2010,300,Asia,23424968,Asia,South-Eastern Asia,1969645525,1969645525.0,1969645525,100.0,100.0
Tonga,2010,300,Oceania,23424964,Oceania,Polynesia,363761106,363761106.0,363761106,100.0,100.0
Trinidad and Tobago,2010,300,North America,23424958,Americas,Caribbean,36286228329,36286228329.0,36286228329,100.0,100.0
Tunisia,2010,300,Africa,23424967,Africa,Northern Africa,77740753656,,88952743300,87.4,
Turkey,2010,300,Asia,23424969,Asia,Western Asia,885237849671,104805608411.0,910768933048,97.2,11.51
Turkmenistan,2010,300,Asia,23424972,Asia,Central Asia,88841596,,45318067991,0.2,
Uganda,2010,300,Africa,23424974,Africa,Eastern Africa,34905573924,6508149680.0,38044573578,91.75,17.11
United States,2010,300,North America,23424977,Americas,Northern America,4346112994401,325613622214.0,13341506959840,32.58,2.44
United States Virgin Islands,2010,300,North America,23424985,Americas,Caribbean,4420734140,4420734140.0,4420734140,100.0,100.0
Vanuatu,2010,300,Oceania,23424907,Oceania,Melanesia,469604587,469604587.0,469604587,100.0,100.0
Vatican,2010,300,Europe,23424986,Europe,Southern Europe,477844323,477844323.0,477844323,100.0,100.0
Venezuela,2010,300,South America,23424982,Americas,South America,12049194679,11639066746.0,459258666890,2.62,2.53
Vietnam,2010,300,Asia,23424984,Asia,South-Eastern Asia,204681341519,182531909279.0,333596603849,61.36,54.72
Wallis and Futuna Islands,2010,300,Oceania,23424989,Oceania,Polynesia,111813948,42225413.0,111813948,100.0,37.76
Yemen,2010,300,Asia,23425002,Asia,Western Asia,88230515208,84041705737.0,88281700993,99.94,95.2
Zambia,2010,300,Africa,23425003,Africa,Eastern Africa,1288611618,1116944393.0,39221138689,3.29,2.85
Algeria,2011,300,Africa,23424740,Africa,Northern Africa,1748781986,,428392028062,0.41,
American Samoa,2011,300,Oceania,23424746,Oceania,Polynesia,672370864,672370864.0,672370864,100.0,100.0
Andorra,2011,300,Europe,23424744,Europe,Southern Europe,4148752570,,4148752570,100.0,
Anguilla,2011,300,North America,23424751,Americas,Caribbean,144602334,144602334.0,144602334,100.0,100.0
Antarctica,2011,300,Antarctica,28289409,Antarctica,Antarctica,0,0.0,0,,
Antigua and Barbuda,2011,300,North America,23424737,Americas,Caribbean,1568318402,1568318402.0,1568318402,100.0,100.0
Argentina,2011,300,South America,23424747,Americas,South America,62509267667,9785709836.0,710800006984,8.79,1.38
Armenia,2011,300,Asia,23424743,Asia,Western Asia,20602856613,20602856613.0,20602856613,100.0,100.0
Australia,2011,300,Oceania,-90,Oceania,Australia and New Zealand,238351783433,,784638037966,30.38,
Azerbaijan,2011,300,Asia,23424741,Asia,Western Asia,18118524421,11307861596.0,120279208931,15.06,9.4
Bangladesh,2011,300,Asia,23424759,Asia,Southern Asia,24231088,,344657925529,0.01,
Barbados,2011,300,North America,23424754,Americas,Caribbean,3266906502,3266906502.0,3266906502,100.0,100.0
Belgium,2011,300,Europe,23424757,Europe,Western Europe,380457887424,,383273363935,99.27,
Belize,2011,300,North America,23424760,Americas,Central America,1034465694,82691002.0,1429177332,72.38,5.79
Bolivia,2011,300,South America,23424762,Americas,South America,23522724935,20414832469.0,49687385416,47.34,41.09
British Virgin Islands,2011,300,North America,23424983,Americas,Caribbean,1030155174,1030155174.0,1030155174,100.0,100.0
Burundi,2011,300,Africa,23424774,Africa,Eastern Africa,5518146884,5353043252.0,5518146884,100.0,97.01
Cambodia,2011,300,Asia,23424776,Asia,South-Eastern Asia,164606660,988552.0,33638354573,0.49,0.0
Cameroon,2011,300,Africa,23424785,Africa,Middle Africa,42782385397,42665631537.0,51832659004,82.54,82.31
Canada,2011,300,North America,23424775,Americas,Northern America,99334877476,7693244510.0,1273292110103,7.8,0.6
Central African Republic,2011,300,Africa,23424792,Africa,Middle Africa,1559154,,3986916978,0.04,
Chad,2011,300,Africa,23424777,Africa,Middle Africa,999523342,,19776341232,5.05,
Chile,2011,300,South America,23424782,Americas,South America,260701664111,250113111241.0,262825771666,99.19,95.16
China,2011,300,Asia,23424781,Asia,Eastern Asia,1399324323284,108300647314.0,12429783448598,11.26,0.87
Colombia,2011,300,South America,23424787,Americas,South America,352074995638,351732034161.0,469621881904,74.97,74.9
Comoros,2011,300,Africa,23424786,Africa,Eastern Africa,1273557510,1273557510.0,1273557510,100.0,100.0
Costa Rica,2011,300,North America,23424791,Americas,Central America,55903656760,55903656760.0,55903656780,100.0,100.0
Dem. Rep. Korea,2011,300,Asia,23424865,Asia,Eastern Asia,42746696557,14234598893.0,44291499530,96.51,32.14
Democratic Republic of the Congo,2011,300,Africa,23424780,Africa,Middle Africa,2968564996,2136434846.0,39988367023,7.42,5.34
Djibouti,2011,300,Africa,23424797,Africa,Eastern Africa,1745760479,1745760479.0,1745760479,100.0,100.0
Dominica,2011,300,North America,23424798,Americas,Caribbean,603500459,603500459.0,603500459,100.0,100.0
Ecuador,2011,300,South America,23424801,Americas,South America,123552471709,123552384696.0,123632824073,99.94,99.93
Egypt,2011,300,Africa,23424802,Africa,Northern Africa,979022,,713220856115,0.0,
El Salvador,2011,300,North America,23424807,Americas,Central America,35709037036,35709037036.0,35709037036,100.0,100.0
Equatorial Guinea,2011,300,Africa,23424804,Africa,Middle Africa,22197784607,19294744364.0,26874313257,82.6,71.8
Eritrea,2011,300,Africa,23424806,Africa,Eastern Africa,6408060303,1671278768.0,7118522605,90.02,23.48
Ethiopia,2011,300,Africa,23424808,Africa,Eastern Africa,83043372060,74923415238.0,91236452152,91.02,82.12
Fiji,2011,300,Oceania,23424813,Oceania,Melanesia,0,,5818046958,0.0,
France,2011,300,Europe,-90,Europe,Western Europe,815882056337,39428463955.0,2002561794744,40.74,1.97
French Polynesia,2011,300,Oceania,23424817,Oceania,Polynesia,6564035473,,6675045577,98.34,
French Southern and Antarctic Lands,2011,300,Seven seas (open ocean),28289406,Seven seas (open ocean),Seven seas (open ocean),0,,0,,
Gabon,2011,300,Africa,23424822,Africa,Middle Africa,555960,,20550729256,0.0,
Georgia,2011,300,Asia,23424823,Asia,Western Asia,27861863485,23379025569.0,27861863485,100.0,83.91
Germany,2011,300,Europe,23424829,Europe,Western Europe,1493116971210,,2908315449121,51.34,
Greece,2011,300,Europe,23424833,Europe,Southern Europe,194683995981,186767345272.0,236285699513,82.39,79.04
Grenada,2011,300,North America,23424826,Americas,Caribbean,926204099,926204099.0,926204099,100.0,100.0
Guam,2011,300,Oceania,23424832,Oceania,Micronesia,6052967002,,6052967002,100.0,
Guatemala,2011,300,North America,23424834,Americas,Central America,91951907691,91893254470.0,91989203017,99.96,99.9
Heard I. and McDonald Islands,2011,300,Seven seas (open ocean),28289411,Seven seas (open ocean),Seven seas (open ocean),0,,0,,
Honduras,2011,300,North America,23424841,Americas,Central America,29498302031,27873150826.0,29604631919,99.64,94.15
Iceland,2011,300,Europe,23424845,Europe,Northern Europe,11820464121,11820058297.0,11820464121,100.0,100.0
India,2011,300,Asia,23424848,Asia,Southern Asia,523088151,4251699.0,4919872278679,0.01,0.0
Indonesia,2011,300,Asia,23424846,Asia,South-Eastern Asia,1803646840888,1801767736738.0,1912563332437,94.31,94.21
Iran,2011,300,Asia,23424851,Asia,Southern Asia,723134970778,53347498402.0,1186182492925,60.96,4.5
Iraq,2011,300,Asia,23424855,Asia,Western Asia,12156410385,293195031.0,369711518524,3.29,0.08
Israel,2011,300,Asia,23424852,Asia,Western Asia,181756631716,,183028357329,99.31,
Italy,2011,300,Europe,23424853,Europe,Southern Europe,957833680171,834329893297.0,1720749407008,55.66,48.49
Japan,2011,300,Asia,23424856,Asia,Eastern Asia,4051836778698,3997275094690.0,4051919676816,100.0,98.65
Jordan,2011,300,Asia,23424860,Asia,Western Asia,62627411296,,64142285257,97.64,
Kenya,2011,300,Africa,23424863,Africa,Eastern Africa,80491123666,53108517083.0,81504331954,98.76,65.16
Lao PDR,2011,300,Asia,23424872,Asia,South-Eastern Asia,895179713,,22944017090,3.9,
Lebanon,2011,300,Asia,23424873,Asia,Western Asia,49335267763,,49335267763,100.0,
Libya,2011,300,Africa,23424882,Africa,Northern Africa,7756580,,63572494605,0.01,
Luxembourg,2011,300,Europe,23424881,Europe,Western Europe,36900086794,,36900086794,100.0,
Madagascar,2011,300,Africa,23424883,Africa,Eastern Africa,125782017,,29765530407,0.42,
Malawi,2011,300,Africa,23424889,Africa,Eastern Africa,1091628047,1091628047.0,14200154620,7.69,7.69
Malaysia,2011,300,Asia,23424901,Asia,South-Eastern Asia,2579863982,1287409292.0,541244524359,0.48,0.24
Malta,2011,300,Europe,23424897,Europe,Southern Europe,10314948837,10314948837.0,10314948837,100.0,100.0
Mauritius,2011,300,Seven seas (open ocean),23424894,Africa,Eastern Africa,18443023025,18443023025.0,18443023025,100.0,100.0
Mexico,2011,300,North America,23424900,Americas,Central America,1256390035081,1034269431546.0,1516055922122,82.87,68.22
Mongolia,2011,300,Asia,23424887,Asia,Eastern Asia,1386682383,,22002448046,6.3,
Montserrat,2011,300,North America,23424888,Americas,Caribbean,19090713,19090713.0,19090713,100.0,100.0
Morocco,2011,300,Africa,23424893,Africa,Northern Africa,555282589,319514859.0,203134364361,0.27,0.16
Mozambique,2011,300,Africa,23424902,Africa,Eastern Africa,402243,402243.0,21412520620,0.0,0.0
Myanmar,2011,300,Asia,23424763,Asia,South-Eastern Asia,70658471151,7983142055.0,156590647610,45.12,5.1
Netherlands,2011,300,Europe,-90,Europe,Western Europe,629182954191,56823585.0,663946079217,94.76,0.01
New Caledonia,2011,300,Oceania,23424903,Oceania,Melanesia,163624119,163624119.0,4192020819,3.9,3.9
New Zealand,2011,300,Oceania,23424916,Oceania,Australia and New Zealand,82041119790,81074613689.0,102632417226,79.94,79.0
Nicaragua,2011,300,North America,23424915,Americas,Central America,22168506468,22163917997.0,22386951849,99.02,99.0
Niger,2011,300,Africa,23424906,Africa,Western Africa,499377107,,16317675638,3.06,
Nigeria,2011,300,Africa,23424908,Africa,Western Africa,84652288944,81940222428.0,764034241355,11.08,10.72
Northern Cyprus,2011,300,Asia,-90,Asia,Western Asia,5656421,,5863253069,0.1,
Northern Mariana Islands,2011,300,Oceania,23424788,Oceania,Micronesia,945975041,933930548.0,945975041,100.0,98.73
Norway,2011,300,Europe,-90,Europe,Northern Europe,793721,,224761778565,0.0,
Oman,2011,300,Asia,23424898,Asia,Western Asia,18238073,,127433095671,0.01,
Palestine,2011,300,Asia,28289408,Asia,Western Asia,38944374262,,42904108473,90.77,
Panama,2011,300,North America,23424924,Americas,Central America,6510372143,1817207860.0,55729032211,11.68,3.26
Papua New Guinea,2011,300,Oceania,23424926,Oceania,Melanesia,11506568513,11489971149.0,12763097960,90.15,90.02
Peru,2011,300,South America,23424919,Americas,South America,23190560928,20170962572.0,272832299191,8.5,7.39
Philippines,2011,300,Asia,23424934,Asia,South-Eastern Asia,480088555041,480006472019.0,481164263936,99.78,99.76
Pitcairn Islands,2011,300,Oceania,23424918,Oceania,Polynesia,365739,,365739,100.0,
Portugal,2011,300,Europe,23424925,Europe,Southern Europe,1730496351,415259858.0,200527480076,0.86,0.21
Puerto Rico,2011,300,North America,23424935,Americas,Caribbean,6333020526,33780385.0,99984692267,6.33,0.03
Republic of Cabo Verde,2011,300,Africa,23424794,Africa,Western Africa,2280331010,2280331010.0,2280331010,100.0,100.0
Republic of Korea,2011,300,Asia,23424868,Asia,Eastern Asia,1486463645828,118379446104.0,1486651265055,99.99,7.96
Russian Federation,2011,300,Europe,23424936,Europe,Eastern Europe,81462511521,2474452324.0,2125075838423,3.83,0.12
Rwanda,2011,300,Africa,23424937,Africa,Eastern Africa,13172962722,13172962722.0,13172962722,100.0,100.0
Saint Helena,2011,300,Seven seas (open ocean),23424944,Africa,Western Africa,5578374,,28414067,19.63,
Saint Kitts and Nevis,2011,300,North America,23424940,Americas,Caribbean,880968265,880968265.0,880968265,100.0,100.0
Saint Lucia,2011,300,North America,23424951,Americas,Caribbean,1828953677,1828953677.0,1828953677,100.0,100.0
Saint Vincent and the Grenadines,2011,300,North America,23424981,Americas,Caribbean,656810152,656810152.0,656810152,100.0,100.0
Saint-Barthélemy,2011,300,North America,56042304,Americas,Caribbean,209450938,209450938.0,209450938,100.0,100.0
Saint-Martin,2011,300,North America,56042305,Americas,Caribbean,399949735,399949735.0,399949735,100.0,100.0
Samoa,2011,300,Oceania,23424992,Oceania,Polynesia,773706648,667021621.0,773706648,100.0,86.21
San Marino,2011,300,Europe,23424947,Europe,Southern Europe,1582805183,,1582805183,100.0,
Saudi Arabia,2011,300,Asia,23424938,Asia,Western Asia,599132080013,33433240517.0,1388140506412,43.16,2.41
Sint Maarten,2011,300,North America,-90,Americas,Caribbean,1113828648,1113828648.0,1113828648,100.0,100.0
Solomon Islands,2011,300,Oceania,23424766,Oceania,Melanesia,820455728,820455728.0,831857669,98.63,98.63
Somaliland,2011,300,Africa,-99,Africa,Eastern Africa,6933970064,3555418337.0,16069349828,43.15,22.13
South Africa,2011,300,Africa,23424942,Africa,Southern Africa,0,,562647117453,0.0,
South Georgia and the Islands,2011,300,Seven seas (open ocean),23424955,Seven seas (open ocean),Seven seas (open ocean),0,,0,,
South Sudan,2011,300,Africa,-99,Africa,Eastern Africa,1071223864,,12744360871,8.41,
Spain,2011,300,Europe,23424950,Europe,Southern Europe,930795608323,32249986899.0,1236161714272,75.3,2.61
Sudan,2011,300,Africa,-90,Africa,Northern Africa,32329699067,,118731978155,27.23,
Switzerland,2011,300,Europe,23424957,Europe,Western Europe,135781497183,,351068949730,38.68,
Syria,2011,300,Asia,23424956,Asia,Western Asia,97899869582,,104892585412,93.33,
São Tomé and Principe,2011,300,Africa,23424966,Africa,Middle Africa,16864975,,447503585,3.77,
Taiwan,2011,300,Asia,23424971,Asia,Eastern Asia,531279504893,,531388329944,99.98,
Tanzania,2011,300,Africa,23424973,Africa,Eastern Africa,29788455321,18560088109.0,86782098626,34.33,21.39
Timor-Leste,2011,300,Asia,23424968,Asia,South-Eastern Asia,2023604572,2023604572.0,2023604572,100.0,100.0
Tonga,2011,300,Oceania,23424964,Oceania,Polynesia,383410779,383410779.0,383410779,100.0,100.0
Trinidad and Tobago,2011,300,North America,23424958,Americas,Caribbean,36543623860,36543623860.0,36543623860,100.0,100.0
Tunisia,2011,300,Africa,23424967,Africa,Northern Africa,80150465074,,88686349725,90.38,
Turkey,2011,300,Asia,23424969,Asia,Western Asia,987025032622,126989482104.0,1004620725853,98.25,12.64
Turkmenistan,2011,300,Asia,23424972,Asia,Central Asia,55681636,,52160441717,0.11,
Uganda,2011,300,Africa,23424974,Africa,Eastern Africa,38179455912,7016885776.0,41581443746,91.82,16.88
United States,2011,300,North America,23424977,Americas,Northern America,4091497602704,265822704368.0,13509555640604,30.29,1.97
United States Virgin Islands,2011,300,North America,23424985,Americas,Caribbean,4844243851,4844243851.0,4844243851,100.0,100.0
Vanuatu,2011,300,Oceania,23424907,Oceania,Melanesia,512906538,512906538.0,512906538,100.0,100.0
Vatican,2011,300,Europe,23424986,Europe,Southern Europe,490141577,490141577.0,490141577,100.0,100.0
Venezuela,2011,300,South America,23424982,Americas,South America,6286044105,6100605883.0,480989374021,1.31,1.27
Vietnam,2011,300,Asia,23424984,Asia,South-Eastern Asia,224158793745,210777571669.0,355604915258,63.04,59.27
Wallis and Futuna Islands,2011,300,Oceania,23424989,Oceania,Polynesia,109523693,54366830.0,109523693,100.0,49.64
Yemen,2011,300,Asia,23425002,Asia,Western Asia,76634095137,73433528921.0,76674785239,99.95,95.77
Zambia,2011,300,Africa,23425003,Africa,Eastern Africa,1019059543,871190782.0,41435112135,2.46,2.1
Algeria,2012,300,Africa,23424740,Africa,Northern Africa,1857359332,,437483011123,0.42,
American Samoa,2012,300,Oceania,23424746,Oceania,Polynesia,671022221,671022221.0,671022221,100.0,100.0
Andorra,2012,300,Europe,23424744,Europe,Southern Europe,4085600351,,4085600351,100.0,
Anguilla,2012,300,North America,23424751,Americas,Caribbean,194967580,194967580.0,194967580,100.0,100.0
Antarctica,2012,300,Antarctica,28289409,Antarctica,Antarctica,0,0.0,0,,
Antigua and Barbuda,2012,300,North America,23424737,Americas,Caribbean,1503971115,1503971115.0,1503971115,100.0,100.0
Argentina,2012,300,South America,23424747,Americas,South America,80545186514,16266325104.0,702279764713,11.47,2.32
Armenia,2012,300,Asia,23424743,Asia,Western Asia,22066650521,22066650521.0,22066650521,100.0,100.0
Australia,2012,300,Oceania,-90,Oceania,Australia and New Zealand,238344426610,,812162750696,29.35,
Azerbaijan,2012,300,Asia,23424741,Asia,Western Asia,17392615223,12593942050.0,122784414596,14.17,10.26
Bangladesh,2012,300,Asia,23424759,Asia,Southern Asia,23895694,,365599637243,0.01,
Barbados,2012,300,North America,23424754,Americas,Caribbean,3308620852,3308620852.0,3308620852,100.0,100.0
Belgium,2012,300,Europe,23424757,Europe,Western Europe,380895724899,,385869715019,98.71,
Belize,2012,300,North America,23424760,Americas,Central America,1262115265,77069622.0,1747802944,72.21,4.41
Bolivia,2012,300,South America,23424762,Americas,South America,24735914011,21048449841.0,52177258197,47.41,40.34
British Virgin Islands,2012,300,North America,23424983,Americas,Caribbean,864971952,864971952.0,864971952,100.0,100.0
Burundi,2012,300,Africa,23424774,Africa,Eastern Africa,5748814987,5586281511.0,5748814987,100.0,97.17
Cambodia,2012,300,Asia,23424776,Asia,South-Eastern Asia,148275275,1020404.0,36252920591,0.41,0.0
Cameroon,2012,300,Africa,23424785,Africa,Middle Africa,45636122274,45523544508.0,54206216754,84.19,83.98
Canada,2012,300,North America,23424775,Americas,Northern America,92947383588,8455103209.0,1304133472871,7.13,0.65
Central African Republic,2012,300,Africa,23424792,Africa,Middle Africa,1455461,,4195794790,0.03,
Chad,2012,300,Africa,23424777,Africa,Middle Africa,992150201,,21527652611,4.61,
Chile,2012,300,South America,23424782,Americas,South America,270088750817,255442093944.0,275513057279,98.03,92.72
China,2012,300,Asia,23424781,Asia,Eastern Asia,1556186543727,114610684279.0,13414982046414,11.6,0.85
Colombia,2012,300,South America,23424787,Americas,South America,360554139857,360202962284.0,485613326965,74.25,74.17
Comoros,2012,300,Africa,23424786,Africa,Eastern Africa,1312974090,1312974090.0,1312974090,100.0,100.0
Costa Rica,2012,300,North America,23424791,Americas,Central America,58620053915,58620053915.0,58620053929,100.0,100.0
Dem. Rep. Korea,2012,300,Asia,23424865,Asia,Eastern Asia,44498048845,15449680920.0,45469886103,97.86,33.98
Democratic Republic of the Congo,2012,300,Africa,23424780,Africa,Middle Africa,3298762240,2422155100.0,42481576654,7.77,5.7
Djibouti,2012,300,Africa,23424797,Africa,Eastern Africa,1564643228,1564643228.0,1564643228,100.0,100.0
Dominica,2012,300,North America,23424798,Americas,Caribbean,610682545,610682545.0,610682545,100.0,100.0
Ecuador,2012,300,South America,23424801,Americas,South America,132719783180,132719717720.0,132782865501,99.95,99.95
Egypt,2012,300,Africa,23424802,Africa,Northern Africa,1025009,,725332890742,0.0,
El Salvador,2012,300,North America,23424807,Americas,Central America,36728397582,36728397582.0,36728397582,100.0,100.0
Equatorial Guinea,2012,300,Africa,23424804,Africa,Middle Africa,22338078661,19726756934.0,26731367832,83.57,73.8
Eritrea,2012,300,Africa,23424806,Africa,Eastern Africa,6534251223,1562871614.0,7198011547,90.78,21.71
Ethiopia,2012,300,Africa,23424808,Africa,Eastern Africa,89672813597,80688967427.0,99100319860,90.49,81.42
Fiji,2012,300,Oceania,23424813,Oceania,Melanesia,0,,5984059715,0.0,
France,2012,300,Europe,-90,Europe,Western Europe,867684211880,39735512215.0,2008639598483,43.2,1.98
French Polynesia,2012,300,Oceania,23424817,Oceania,Polynesia,6995793751,,7067510450,98.99,
French Southern and Antarctic Lands,2012,300,Seven seas (open ocean),28289406,Seven seas (open ocean),Seven seas (open ocean),0,,0,,
Gabon,2012,300,Africa,23424822,Africa,Middle Africa,567395,,21794477487,0.0,
Georgia,2012,300,Asia,23424823,Asia,Western Asia,29233687128,25061962146.0,29233687128,100.0,85.73
Germany,2012,300,Europe,23424829,Europe,Western Europe,1576721903443,,2918807789281,54.02,
Greece,2012,300,Europe,23424833,Europe,Southern Europe,180532407271,170859564661.0,218607222884,82.58,78.16
Grenada,2012,300,North America,23424826,Americas,Caribbean,958106071,958106071.0,958106071,100.0,100.0
Guam,2012,300,Oceania,23424832,Oceania,Micronesia,6221513457,,6221513457,100.0,
Guatemala,2012,300,North America,23424834,Americas,Central America,95054888238,95002133334.0,95085942296,99.97,99.91
Heard I. and McDonald Islands,2012,300,Seven seas (open ocean),28289411,Seven seas (open ocean),Seven seas (open ocean),0,,0,,
Honduras,2012,300,North America,23424841,Americas,Central America,30588017192,29045362034.0,30671577291,99.73,94.7
Iceland,2012,300,Europe,23424845,Europe,Northern Europe,11344736378,11344031622.0,11344736378,100.0,99.99
India,2012,300,Asia,23424848,Asia,Southern Asia,522775690,4327228.0,5191000217423,0.01,0.0
Indonesia,2012,300,Asia,23424846,Asia,South-Eastern Asia,1909990814943,1908324638406.0,2029229974717,94.12,94.04
Iran,2012,300,Asia,23424851,Asia,Southern Asia,657529274217,52646487326.0,1097471461397,59.91,4.8
Iraq,2012,300,Asia,23424855,Asia,Western Asia,16161991909,289801184.0,421382279980,3.84,0.07
Israel,2012,300,Asia,23424852,Asia,Western Asia,184032203003,,185715760149,99.09,
Italy,2012,300,Europe,23424853,Europe,Southern Europe,894272535047,772277287002.0,1669300196615,53.57,46.26
Japan,2012,300,Asia,23424856,Asia,Eastern Asia,4112620711712,4074222020457.0,4112664912324,100.0,99.07
Jordan,2012,300,Asia,23424860,Asia,Western Asia,63967202324,,65703321203,97.36,
Kenya,2012,300,Africa,23424863,Africa,Eastern Africa,84300882121,55060654341.0,85298961507,98.83,64.55
Lao PDR,2012,300,Asia,23424872,Asia,South-Eastern Asia,928013939,,24826755091,3.74,
Lebanon,2012,300,Asia,23424873,Asia,Western Asia,49458711907,,49458711907,100.0,
Libya,2012,300,Africa,23424882,Africa,Northern Africa,14353056,,141344783019,0.01,
Luxembourg,2012,300,Europe,23424881,Europe,Western Europe,36648061433,,36648061433,100.0,
Madagascar,2012,300,Africa,23424883,Africa,Eastern Africa,115475211,,30689383940,0.38,
Malawi,2012,300,Africa,23424889,Africa,Eastern Africa,1131518018,1131518018.0,14457807274,7.83,7.83
Malaysia,2012,300,Asia,23424901,Asia,South-Eastern Asia,2686238194,1310054936.0,568525308596,0.47,0.23
Malta,2012,300,Europe,23424897,Europe,Southern Europe,10596756286,10596756286.0,10596756286,100.0,100.0
Mauritius,2012,300,Seven seas (open ocean),23424894,Africa,Eastern Africa,19037259977,19037259977.0,19037259977,100.0,100.0
Mexico,2012,300,North America,23424900,Americas,Central America,1293623644301,1068317916697.0,1569862379801,82.4,68.05
Mongolia,2012,300,Asia,23424887,Asia,Eastern Asia,1183393546,,24708028438,4.79,
Montserrat,2012,300,North America,23424888,Americas,Caribbean,17921066,17921066.0,17921066,100.0,100.0
Morocco,2012,300,Africa,23424893,Africa,Northern Africa,425803597,281222452.0,208835304934,0.2,0.13
Mozambique,2012,300,Africa,23424902,Africa,Eastern Africa,364017,364017.0,22686459866,0.0,0.0
Myanmar,2012,300,Asia,23424763,Asia,South-Eastern Asia,75352784887,7254698410.0,168369389737,44.75,4.31
Netherlands,2012,300,Europe,-90,Europe,Western Europe,621652800642,84179870.0,656032336136,94.76,0.01
New Caledonia,2012,300,Oceania,23424903,Oceania,Melanesia,80545277,80545277.0,4979751067,1.62,1.62
New Zealand,2012,300,Oceania,23424916,Oceania,Australia and New Zealand,85511481570,84101529253.0,107076714156,79.86,78.54
Nicaragua,2012,300,North America,23424915,Americas,Central America,23667688958,23663545714.0,23847252535,99.25,99.23
Niger,2012,300,Africa,23424906,Africa,Western Africa,533130795,,18041277190,2.96,
Nigeria,2012,300,Africa,23424908,Africa,Western Africa,87627908583,84815334656.0,795826181898,11.01,10.66
Northern Cyprus,2012,300,Asia,-90,Asia,Western Asia,6413144,,6802615526,0.09,
Northern Mariana Islands,2012,300,Oceania,23424788,Oceania,Micronesia,941973583,935611020.0,941973583,100.0,99.32
Norway,2012,300,Europe,-90,Europe,Northern Europe,818624,,231891587193,0.0,
Oman,2012,300,Asia,23424898,Asia,Western Asia,18566821,,139120165676,0.01,
Palestine,2012,300,Asia,28289408,Asia,Western Asia,40970468188,,45559897633,89.93,
Panama,2012,300,North America,23424924,Americas,Central America,7942612864,2584378938.0,60637585311,13.1,4.26
Papua New Guinea,2012,300,Oceania,23424926,Oceania,Melanesia,12120497069,12104374926.0,13366896829,90.68,90.55
Peru,2012,300,South America,23424919,Americas,South America,25603032256,21688776478.0,289523557841,8.84,7.49
Philippines,2012,300,Asia,23424934,Asia,South-Eastern Asia,517199579017,517109279299.0,518457422841,99.76,99.74
Pitcairn Islands,2012,300,Oceania,23424918,Oceania,Polynesia,365228,,365228,100.0,
Portugal,2012,300,Europe,23424925,Europe,Southern Europe,3354432469,574711632.0,195342602021,1.72,0.29
Puerto Rico,2012,300,North America,23424935,Americas,Caribbean,7330754132,36118650.0,100399052967,7.3,0.04
Republic of Cabo Verde,2012,300,Africa,23424794,Africa,Western Africa,2336918484,2336918484.0,2336918484,100.0,100.0
Republic of Korea,2012,300,Asia,23424868,Asia,Eastern Asia,1530387720613,111988683477.0,1530519002085,99.99,7.32
Russian Federation,2012,300,Europe,23424936,Europe,Eastern Europe,113378134493,2168249085.0,2211736085159,5.13,0.1
Rwanda,2012,300,Africa,23424937,Africa,Eastern Africa,14429328937,14429328937.0,14429328937,100.0,100.0
Saint Helena,2012,300,Seven seas (open ocean),23424944,Africa,Western Africa,5683937,,32313716,17.59,
Saint Kitts and Nevis,2012,300,North America,23424940,Americas,Caribbean,863572910,863572910.0,863572910,100.0,100.0
Saint Lucia,2012,300,North America,23424951,Americas,Caribbean,1611330227,1611330227.0,1611330227,100.0,100.0
Saint Vincent and the Grenadines,2012,300,North America,23424981,Americas,Caribbean,631695914,631695914.0,631695914,100.0,100.0
Saint-Barthélemy,2012,300,North America,56042304,Americas,Caribbean,212080265,212080265.0,212080265,100.0,100.0
Saint-Martin,2012,300,North America,56042305,Americas,Caribbean,374873250,374873250.0,374873250,100.0,100.0
Samoa,2012,300,Oceania,23424992,Oceania,Polynesia,710762857,613520661.0,710762857,100.0,86.32
San Marino,2012,300,Europe,23424947,Europe,Southern Europe,1402578887,,1402578887,100.0,
Saudi Arabia,2012,300,Asia,23424938,Asia,Western Asia,597495536518,40252589863.0,1465316469977,40.78,2.75
Sint Maarten,2012,300,North America,-90,Americas,Caribbean,1236101223,1236101223.0,1236101223,100.0,100.0
Solomon Islands,2012,300,Oceania,23424766,Oceania,Melanesia,890935502,890935502.0,899902993,99.0,99.0
Somaliland,2012,300,Africa,-99,Africa,Eastern Africa,7021782552,3647234609.0,16430837614,42.74,22.2
South Africa,2012,300,Africa,23424942,Africa,Southern Africa,0,,575167744180,0.0,
South Georgia and the Islands,2012,300,Seven seas (open ocean),23424955,Seven seas (open ocean),Seven seas (open ocean),0,,0,,
South Sudan,2012,300,Africa,-99,Africa,Eastern Africa,1229914291,,13279861127,9.26,
Spain,2012,300,Europe,23424950,Europe,Southern Europe,881128983017,31845370262.0,1196336345066,73.65,2.66
Sudan,2012,300,Africa,-90,Africa,Northern Africa,37327318308,,119123261127,31.34,
Switzerland,2012,300,Europe,23424957,Europe,Western Europe,118526716813,,355276441857,33.36,
Syria,2012,300,Asia,23424956,Asia,Western Asia,80104591851,,86862140115,92.22,
São Tomé and Principe,2012,300,Africa,23424966,Africa,Middle Africa,13006903,,464388484,2.8,
Taiwan,2012,300,Asia,23424971,Asia,Eastern Asia,531876198742,,531962940711,99.98,
Tanzania,2012,300,Africa,23424973,Africa,Eastern Africa,32313812477,19961944411.0,90515468514,35.7,22.05
Timor-Leste,2012,300,Asia,23424968,Asia,South-Eastern Asia,2101647308,2101647308.0,2101647308,100.0,100.0
Tonga,2012,300,Oceania,23424964,Oceania,Polynesia,394545771,394545771.0,394545771,100.0,100.0
Trinidad and Tobago,2012,300,North America,23424958,Americas,Caribbean,36888671127,36888671127.0,36888671127,100.0,100.0
Tunisia,2012,300,Africa,23424967,Africa,Northern Africa,84697958082,,93160167933,90.92,
Turkey,2012,300,Asia,23424969,Asia,Western Asia,1028883112906,114760285469.0,1056411235737,97.39,10.86
Turkmenistan,2012,300,Asia,23424972,Asia,Central Asia,34197912,,57921443305,0.06,
Uganda,2012,300,Africa,23424974,Africa,Eastern Africa,39835121264,6880388494.0,43185394929,92.24,15.93
United States,2012,300,North America,23424977,Americas,Northern America,3827839594244,285744973499.0,13842892289775,27.65,2.06
United States Virgin Islands,2012,300,North America,23424985,Americas,Caribbean,4675219699,4675219699.0,4675219699,100.0,100.0
Vanuatu,2012,300,Oceania,23424907,Oceania,Melanesia,528270953,528270953.0,528270953,100.0,100.0
Vatican,2012,300,Europe,23424986,Europe,Southern Europe,389325024,389325024.0,389325024,100.0,100.0
Venezuela,2012,300,South America,23424982,Americas,South America,7091612304,6876835493.0,506005413512,1.4,1.36
Vietnam,2012,300,Asia,23424984,Asia,South-Eastern Asia,247009973061,224509258700.0,373627826666,66.11,60.09
Wallis and Futuna Islands,2012,300,Oceania,23424989,Oceania,Polynesia,126703183,66501279.0,126703183,100.0,52.49
Yemen,2012,300,Asia,23425002,Asia,Western Asia,82604927312,78821755907.0,82640294892,99.96,95.38
Zambia,2012,300,Africa,23425003,Africa,Eastern Africa,847949224,681856715.0,44599274371,1.9,1.53
Algeria,2013,300,Africa,23424740,Africa,Northern Africa,1881400022,,450619265943,0.42,
American Samoa,2013,300,Oceania,23424746,Oceania,Polynesia,653133667,653133667.0,653133667,100.0,100.0
Andorra,2013,300,Europe,23424744,Europe,Southern Europe,4096380971,,4096380971,100.0,
Anguilla,2013,300,North America,23424751,Americas,Caribbean,208613946,208613946.0,208613946,100.0,100.0
Antarctica,2013,300,Antarctica,28289409,Antarctica,Antarctica,0,0.0,0,,
Antigua and Barbuda,2013,300,North America,23424737,Americas,Caribbean,1518846167,1518846167.0,1518846167,100.0,100.0
Argentina,2013,300,South America,23424747,Americas,South America,89628021917,16834428797.0,718160665589,12.48,2.34
Armenia,2013,300,Asia,23424743,Asia,Western Asia,22771002900,22771002900.0,22771002900,100.0,100.0
Australia,2013,300,Oceania,-90,Oceania,Australia and New Zealand,237920368644,,830115703630,28.66,
Azerbaijan,2013,300,Asia,23424741,Asia,Western Asia,24321788463,16723715600.0,129965261958,18.71,12.87
Bangladesh,2013,300,Asia,23424759,Asia,Southern Asia,31851913,,385603706437,0.01,
Barbados,2013,300,North America,23424754,Americas,Caribbean,3067625811,3067625811.0,3067625811,100.0,100.0
Belgium,2013,300,Europe,23424757,Europe,Western Europe,383280355473,,388341847759,98.7,
Belize,2013,300,North America,23424760,Americas,Central America,1069444443,60827844.0,1525097268,70.12,3.99
Bolivia,2013,300,South America,23424762,Americas,South America,25309099724,20554713458.0,55692118618,45.44,36.91
British Virgin Islands,2013,300,North America,23424983,Americas,Caribbean,904614049,904614049.0,904614049,100.0,100.0
Burundi,2013,300,Africa,23424774,Africa,Eastern Africa,6017157156,5841592432.0,6017157156,100.0,97.08
Cambodia,2013,300,Asia,23424776,Asia,South-Eastern Asia,185806274,1126348.0,39036433325,0.48,0.0
Cameroon,2013,300,Africa,23424785,Africa,Middle Africa,48035444459,47923714842.0,57167879882,84.03,83.83
Canada,2013,300,North America,23424775,Americas,Northern America,97658560944,6831941502.0,1338602597655,7.3,0.51
Central African Republic,2013,300,Africa,23424792,Africa,Middle Africa,881065,,2691913756,0.03,
Chad,2013,300,Africa,23424777,Africa,Middle Africa,1075827866,,22784189236,4.72,
Chile,2013,300,South America,23424782,Americas,South America,280646184022,264511613777.0,286711037531,97.88,92.26
China,2013,300,Asia,23424781,Asia,Eastern Asia,1712699583119,147391286337.0,14437383251778,11.86,1.02
Colombia,2013,300,South America,23424787,Americas,South America,376608757105,376111162052.0,510815875138,73.73,73.63
Comoros,2013,300,Africa,23424786,Africa,Eastern Africa,1367126215,1367126215.0,1367126215,100.0,100.0
Costa Rica,2013,300,North America,23424791,Americas,Central America,60050958791,60050958791.0,60050958806,100.0,100.0
Dem. Rep. Korea,2013,300,Asia,23424865,Asia,Eastern Asia,44249019310,15406592795.0,45459091817,97.34,33.89
Democratic Republic of the Congo,2013,300,Africa,23424780,Africa,Middle Africa,3673757989,2740017329.0,46018636951,7.98,5.95
Djibouti,2013,300,Africa,23424797,Africa,Eastern Africa,2264296348,2264296348.0,2264296348,100.0,100.0
Dominica,2013,300,North America,23424798,Americas,Caribbean,610570778,610570778.0,610570778,100.0,100.0
Ecuador,2013,300,South America,23424801,Americas,South America,140027873344,140027807451.0,140102817256,99.95,99.95
Egypt,2013,300,Africa,23424802,Africa,Northern Africa,1015888,,739756763308,0.0,
El Salvador,2013,300,North America,23424807,Americas,Central America,37544623350,37544623350.0,37544623350,100.0,100.0
Equatorial Guinea,2013,300,Africa,23424804,Africa,Middle Africa,21959842143,19355389901.0,26307535941,83.47,73.57
Eritrea,2013,300,Africa,23424806,Africa,Eastern Africa,6559791812,1627421128.0,7280547565,90.1,22.35
Ethiopia,2013,300,Africa,23424808,Africa,Eastern Africa,97592389334,87464281363.0,109586598709,89.06,79.81
Fiji,2013,300,Oceania,23424813,Oceania,Melanesia,0,,6038115086,0.0,
France,2013,300,Europe,-90,Europe,Western Europe,891993739635,39479935098.0,2017620827761,44.21,1.96
French Polynesia,2013,300,Oceania,23424817,Oceania,Polynesia,7241629542,,7310246145,99.06,
French Southern and Antarctic Lands,2013,300,Seven seas (open ocean),28289406,Seven seas (open ocean),Seven seas (open ocean),0,,0,,
Gabon,2013,300,Africa,23424822,Africa,Middle Africa,710247,,23051509246,0.0,
Georgia,2013,300,Asia,23424823,Asia,Western Asia,30591714518,24658995242.0,30591714518,100.0,80.61
Germany,2013,300,Europe,23424829,Europe,Western Europe,1636572718603,,2927650255215,55.9,
Greece,2013,300,Europe,23424833,Europe,Southern Europe,173710699975,158963292809.0,211524172202,82.12,75.15
Grenada,2013,300,North America,23424826,Americas,Caribbean,953911960,953911960.0,953911960,100.0,100.0
Guam,2013,300,Oceania,23424832,Oceania,Micronesia,6307648120,,6307648120,100.0,
Guatemala,2013,300,North America,23424834,Americas,Central America,98924566939,98872879785.0,98957018380,99.97,99.91
Heard I. and McDonald Islands,2013,300,Seven seas (open ocean),28289411,Seven seas (open ocean),Seven seas (open ocean),0,,0,,
Honduras,2013,300,North America,23424841,Americas,Central America,31464705650,28774575567.0,31539864756,99.76,91.23
Iceland,2013,300,Europe,23424845,Europe,Northern Europe,11752907572,11749238742.0,11752907572,100.0,99.97
India,2013,300,Asia,23424848,Asia,Southern Asia,782833368,4762291.0,5513651913063,0.01,0.0
Indonesia,2013,300,Asia,23424846,Asia,South-Eastern Asia,1989711579362,1987599554359.0,2135815313410,93.16,93.06
Iran,2013,300,Asia,23424851,Asia,Southern Asia,615602332462,57772338779.0,1093908763139,56.28,5.28
Iraq,2013,300,Asia,23424855,Asia,Western Asia,22387126460,332299964.0,453543230899,4.94,0.07
Israel,2013,300,Asia,23424852,Asia,Western Asia,194146146871,,195922720928,99.09,
Italy,2013,300,Europe,23424853,Europe,Southern Europe,922460697391,804084888050.0,1622242485527,56.86,49.57
Japan,2013,300,Asia,23424856,Asia,Eastern Asia,4185952777064,4139396831998.0,4186018437018,100.0,98.89
Jordan,2013,300,Asia,23424860,Asia,Western Asia,65822930586,,67388726765,97.68,
Kenya,2013,300,Africa,23424863,Africa,Eastern Africa,89383508332,63957123309.0,90286313637,99.0,70.84
Lao PDR,2013,300,Asia,23424872,Asia,South-Eastern Asia,932224720,,27027555211,3.45,
Lebanon,2013,300,Asia,23424873,Asia,Western Asia,50425592118,,50425592118,100.0,
Libya,2013,300,Africa,23424882,Africa,Northern Africa,10480901,,121560003737,0.01,
Luxembourg,2013,300,Europe,23424881,Europe,Western Europe,37926361151,,37926361151,100.0,
Madagascar,2013,300,Africa,23424883,Africa,Eastern Africa,131740289,,31357286631,0.42,
Malawi,2013,300,Africa,23424889,Africa,Eastern Africa,1197033657,1197033657.0,15208256216,7.87,7.87
Malaysia,2013,300,Asia,23424901,Asia,South-Eastern Asia,2490780144,1095824262.0,596130232755,0.42,0.18
Malta,2013,300,Europe,23424897,Europe,Southern Europe,10910628326,10910628326.0,10910628326,100.0,100.0
Mauritius,2013,300,Seven seas (open ocean),23424894,Africa,Eastern Africa,19646476281,19646476281.0,19646476281,100.0,100.0
Mexico,2013,300,North America,23424900,Americas,Central America,1291883206313,1071923405245.0,1589104356513,81.3,67.45
Mongolia,2013,300,Asia,23424887,Asia,Eastern Asia,1665783870,,27587779248,6.04,
Montserrat,2013,300,North America,23424888,Americas,Caribbean,21354348,21354348.0,21354348,100.0,100.0
Morocco,2013,300,Africa,23424893,Africa,Northern Africa,431990676,235994390.0,219394405597,0.2,0.11
Mozambique,2013,300,Africa,23424902,Africa,Eastern Africa,334175,334175.0,24431670688,0.0,0.0
Myanmar,2013,300,Asia,23424763,Asia,South-Eastern Asia,75954146848,8412192929.0,182192089870,41.69,4.62
Netherlands,2013,300,Europe,-90,Europe,Western Europe,620627135621,107078934.0,656185086879,94.58,0.02
New Caledonia,2013,300,Oceania,23424903,Oceania,Melanesia,78164726,78164726.0,5038345042,1.55,1.55
New Zealand,2013,300,Oceania,23424916,Oceania,Australia and New Zealand,88108491346,86557478550.0,110494181744,79.74,78.34
Nicaragua,2013,300,North America,23424915,Americas,Central America,24824598434,24820330232.0,25009441662,99.26,99.24
Niger,2013,300,Africa,23424906,Africa,Western Africa,570606141,,19048625700,3.0,
Nigeria,2013,300,Africa,23424908,Africa,Western Africa,117292726539,111693486477.0,849940245623,13.8,13.14
Northern Cyprus,2013,300,Asia,-90,Asia,Western Asia,7382267,,6130494651,0.12,
Northern Mariana Islands,2013,300,Oceania,23424788,Oceania,Micronesia,957209324,947723194.0,957209324,100.0,99.01
Norway,2013,300,Europe,-90,Europe,Northern Europe,763812,,234927711942,0.0,
Oman,2013,300,Asia,23424898,Asia,Western Asia,22946257,,146649082999,0.02,
Palestine,2013,300,Asia,28289408,Asia,Western Asia,39419528413,,44421183154,88.74,
Panama,2013,300,North America,23424924,Americas,Central America,10327343713,3313476156.0,64923894951,15.91,5.1
Papua New Guinea,2013,300,Oceania,23424926,Oceania,Melanesia,12600682405,12584439230.0,13897665808,90.67,90.55
Peru,2013,300,South America,23424919,Americas,South America,37397008919,31423966549.0,306371911188,12.21,10.26
Philippines,2013,300,Asia,23424934,Asia,South-Eastern Asia,540551413065,540446043082.0,542239781959,99.69,99.67
Pitcairn Islands,2013,300,Oceania,23424918,Oceania,Polynesia,368536,,368536,100.0,
Portugal,2013,300,Europe,23424925,Europe,Southern Europe,3878782748,672429531.0,192221957050,2.02,0.35
Puerto Rico,2013,300,North America,23424935,Americas,Caribbean,6814806979,50194390.0,100299259151,6.79,0.05
Republic of Cabo Verde,2013,300,Africa,23424794,Africa,Western Africa,2331272959,2331272959.0,2331272959,100.0,100.0
Republic of Korea,2013,300,Asia,23424868,Asia,Eastern Asia,1574275113136,116275789045.0,1574606682633,99.98,7.38
Russian Federation,2013,300,Europe,23424936,Europe,Eastern Europe,187935283842,3240887106.0,2251693301456,8.35,0.14
Rwanda,2013,300,Africa,23424937,Africa,Eastern Africa,15125257930,15125257930.0,15125257930,100.0,100.0
Saint Helena,2013,300,Seven seas (open ocean),23424944,Africa,Western Africa,7265980,,38252028,19.0,
Saint Kitts and Nevis,2013,300,North America,23424940,Americas,Caribbean,910618148,910618148.0,910618148,100.0,100.0
Saint Lucia,2013,300,North America,23424951,Americas,Caribbean,1634937529,1634937529.0,1634937529,100.0,100.0
Saint Vincent and the Grenadines,2013,300,North America,23424981,Americas,Caribbean,593414648,593414648.0,593414648,100.0,100.0
Saint-Barthélemy,2013,300,North America,56042304,Americas,Caribbean,205071758,205071758.0,205071758,100.0,100.0
Saint-Martin,2013,300,North America,56042305,Americas,Caribbean,380922712,380922712.0,380922712,100.0,100.0
Samoa,2013,300,Oceania,23424992,Oceania,Polynesia,714897512,619564294.0,714897512,100.0,86.66
San Marino,2013,300,Europe,23424947,Europe,Southern Europe,1413229682,,1413229682,100.0,
Saudi Arabia,2013,300,Asia,23424938,Asia,Western Asia,590659541846,44971120395.0,1504735643245,39.25,2.99
Sint Maarten,2013,300,North America,-90,Americas,Caribbean,1119732452,1119732452.0,1119732452,100.0,100.0
Solomon Islands,2013,300,Oceania,23424766,Oceania,Melanesia,952490855,952490855.0,961480507,99.07,99.07
Somaliland,2013,300,Africa,-99,Africa,Eastern Africa,6927688578,3571756545.0,16034401193,43.21,22.28
South Africa,2013,300,Africa,23424942,Africa,Southern Africa,0,,588168764164,0.0,
South Georgia and the Islands,2013,300,Seven seas (open ocean),23424955,Seven seas (open ocean),Seven seas (open ocean),0,,0,,
South Sudan,2013,300,Africa,-99,Africa,Eastern Africa,1892302806,,18532626430,10.21,
Spain,2013,300,Europe,23424950,Europe,Southern Europe,852747543812,29106912723.0,1173254540828,72.68,2.48
Sudan,2013,300,Africa,-90,Africa,Northern Africa,37026751604,,122661182628,30.19,
Switzerland,2013,300,Europe,23424957,Europe,Western Europe,138293353084,,362928020232,38.1,
Syria,2013,300,Asia,23424956,Asia,Western Asia,63829476658,,71524742859,89.24,
São Tomé and Principe,2013,300,Africa,23424966,Africa,Middle Africa,7417286,,493392932,1.5,
Taiwan,2013,300,Asia,23424971,Asia,Eastern Asia,533104375186,,533325542251,99.96,
Tanzania,2013,300,Africa,23424973,Africa,Eastern Africa,39963530636,24587823455.0,96295071537,41.5,25.53
Timor-Leste,2013,300,Asia,23424968,Asia,South-Eastern Asia,2217545723,2217545723.0,2217545723,100.0,100.0
Tonga,2013,300,Oceania,23424964,Oceania,Polynesia,394532477,394532477.0,394532477,100.0,100.0
Trinidad and Tobago,2013,300,North America,23424958,Americas,Caribbean,37521184457,37521184457.0,37521184457,100.0,100.0
Tunisia,2013,300,Africa,23424967,Africa,Northern Africa,83850049541,,93981802670,89.22,
Turkey,2013,300,Asia,23424969,Asia,Western Asia,1109739517731,126878040361.0,1151625223907,96.36,11.02
Turkmenistan,2013,300,Asia,23424972,Asia,Central Asia,54077488,,63721292557,0.08,
Uganda,2013,300,Africa,23424974,Africa,Eastern Africa,41231579751,7207109947.0,44740032484,92.16,16.11
United States,2013,300,North America,23424977,Americas,Northern America,3553245757340,284133601165.0,14098133203496,25.2,2.02
United States Virgin Islands,2013,300,North America,23424985,Americas,Caribbean,4242016585,4242016585.0,4242016585,100.0,100.0
Vanuatu,2013,300,Oceania,23424907,Oceania,Melanesia,530829894,530829894.0,530829894,100.0,100.0
Vatican,2013,300,Europe,23424986,Europe,Southern Europe,371590218,371590218.0,371590218,100.0,100.0
Venezuela,2013,300,South America,23424982,Americas,South America,8950184826,8590002668.0,512659250907,1.75,1.68
Vietnam,2013,300,Asia,23424984,Asia,South-Eastern Asia,251514374425,228937281312.0,393293883952,63.95,58.21
Wallis and Futuna Islands,2013,300,Oceania,23424989,Oceania,Polynesia,146653880,79958347.0,146653880,100.0,54.52
Yemen,2013,300,Asia,23425002,Asia,Western Asia,86124448288,80955605346.0,86158905686,99.96,93.96
Zambia,2013,300,Africa,23425003,Africa,Eastern Africa,902560213,714661418.0,46844425534,1.93,1.53
Algeria,2014,300,Africa,23424740,Africa,Northern Africa,1831896991,,467847923714,0.39,
American Samoa,2014,300,Oceania,23424746,Oceania,Polynesia,659366713,659366713.0,659366713,100.0,100.0
Andorra,2014,300,Europe,23424744,Europe,Southern Europe,4176105203,,4176105203,100.0,
Anguilla,2014,300,North America,23424751,Americas,Caribbean,247535349,247535349.0,247535349,100.0,100.0
Antarctica,2014,300,Antarctica,28289409,Antarctica,Antarctica,0,0.0,0,,
Antigua and Barbuda,2014,300,North America,23424737,Americas,Caribbean,1562563786,1562563786.0,1562563786,100.0,100.0
Argentina,2014,300,South America,23424747,Americas,South America,87027699608,15576772027.0,699841499888,12.44,2.23
Armenia,2014,300,Asia,23424743,Asia,Western Asia,23590375429,23590375429.0,23590375429,100.0,100.0
Australia,2014,300,Oceania,-90,Oceania,Australia and New Zealand,242890533384,,850867268273,28.55,
Azerbaijan,2014,300,Asia,23424741,Asia,Western Asia,26510617922,18468184861.0,133575844575,19.85,13.83
Bangladesh,2014,300,Asia,23424759,Asia,Southern Asia,31871128,,408581431590,0.01,
Barbados,2014,300,North America,23424754,Americas,Caribbean,3072804940,3072804940.0,3072804940,100.0,100.0
Belgium,2014,300,Europe,23424757,Europe,Western Europe,389917014363,,394723508610,98.78,
Belize,2014,300,North America,23424760,Americas,Central America,1122128305,64314610.0,1576011407,71.2,4.08
Bolivia,2014,300,South America,23424762,Americas,South America,27721370567,22461384376.0,58746649940,47.19,38.23
British Virgin Islands,2014,300,North America,23424983,Americas,Caribbean,894812082,894812082.0,894812082,100.0,100.0
Burundi,2014,300,Africa,23424774,Africa,Eastern Africa,6264361722,6073157203.0,6264361722,100.0,96.95
Cambodia,2014,300,Asia,23424776,Asia,South-Eastern Asia,171810208,926763.0,41904245736,0.41,0.0
Cameroon,2014,300,Africa,23424785,Africa,Middle Africa,51548781724,51446232064.0,60532497493,85.16,84.99
Canada,2014,300,North America,23424775,Americas,Northern America,115656263236,7693452195.0,1375336647102,8.41,0.56
Central African Republic,2014,300,Africa,23424792,Africa,Middle Africa,892359,,2699638432,0.03,
Chad,2014,300,Africa,23424777,Africa,Middle Africa,1144802646,,24336254505,4.7,
Chile,2014,300,South America,23424782,Americas,South America,285782377332,268968206904.0,291853601321,97.92,92.16
China,2014,300,Asia,23424781,Asia,Eastern Asia,1806771022331,153487473317.0,15512945599373,11.65,0.99
Colombia,2014,300,South America,23424787,Americas,South America,396069974972,395596009336.0,534233044001,74.14,74.05
Comoros,2014,300,Africa,23424786,Africa,Eastern Africa,1398354326,1398354326.0,1398354326,100.0,100.0
Costa Rica,2014,300,North America,23424791,Americas,Central America,62177811236,62177811236.0,62177811254,100.0,100.0
Dem. Rep. Korea,2014,300,Asia,23424865,Asia,Eastern Asia,44683340825,15751078171.0,45755250783,97.66,34.42
Democratic Republic of the Congo,2014,300,Africa,23424780,Africa,Middle Africa,3884071310,2835708107.0,50365735978,7.71,5.63
Djibouti,2014,300,Africa,23424797,Africa,Eastern Africa,2402627716,2402627716.0,2402627716,100.0,100.0
Dominica,2014,300,North America,23424798,Americas,Caribbean,637614821,637614821.0,637614821,100.0,100.0
Ecuador,2014,300,South America,23424801,Americas,South America,145117518156,145117449825.0,145185816976,99.95,99.95
Egypt,2014,300,Africa,23424802,Africa,Northern Africa,1075284,,762155591735,0.0,
El Salvador,2014,300,North America,23424807,Americas,Central America,38165372923,38165372923.0,38165372923,100.0,100.0
Equatorial Guinea,2014,300,Africa,23424804,Africa,Middle Africa,22031124340,19400984730.0,26410938952,83.42,73.46
Eritrea,2014,300,Africa,23424806,Africa,Eastern Africa,6605930888,1738718641.0,7346628911,89.92,23.67
Ethiopia,2014,300,Africa,23424808,Africa,Eastern Africa,108315994285,97227901671.0,120806828109,89.66,80.48
Fiji,2014,300,Oceania,23424813,Oceania,Melanesia,0,,6418516931,0.0,
France,2014,300,Europe,-90,Europe,Western Europe,919707478292,39178199236.0,2036364852856,45.16,1.92
French Polynesia,2014,300,Oceania,23424817,Oceania,Polynesia,7471811990,,7544980424,99.03,
French Southern and Antarctic Lands,2014,300,Seven seas (open ocean),28289406,Seven seas (open ocean),Seven seas (open ocean),0,,0,,
Gabon,2014,300,Africa,23424822,Africa,Middle Africa,818401,,24126970928,0.0,
Georgia,2014,300,Asia,23424823,Asia,Western Asia,31792586001,24476987154.0,31792586001,100.0,76.99
Germany,2014,300,Europe,23424829,Europe,Western Europe,1481040236946,,2990082167263,49.53,
Greece,2014,300,Europe,23424833,Europe,Southern Europe,178391584828,163581980098.0,213454793472,83.57,76.64
Grenada,2014,300,North America,23424826,Americas,Caribbean,1020224410,1020224410.0,1020224410,100.0,100.0
Guam,2014,300,Oceania,23424832,Oceania,Micronesia,6417454014,,6417454014,100.0,
Guatemala,2014,300,North America,23424834,Americas,Central America,103677767407,103623072608.0,103712383780,99.97,99.91
Heard I. and McDonald Islands,2014,300,Seven seas (open ocean),28289411,Seven seas (open ocean),Seven seas (open ocean),0,,0,,
Honduras,2014,300,North America,23424841,Americas,Central America,32448030726,29907120808.0,32521571585,99.77,91.96
Iceland,2014,300,Europe,23424845,Europe,Northern Europe,12493464461,12492089276.0,12493464461,100.0,99.99
India,2014,300,Asia,23424848,Asia,Southern Asia,1097253346,4855216.0,5917960948890,0.02,0.0
Indonesia,2014,300,Asia,23424846,Asia,South-Eastern Asia,2062012060319,2060115689613.0,2241355484784,92.0,91.91
Iran,2014,300,Asia,23424851,Asia,Southern Asia,661755062327,60889417974.0,1145137516839,57.79,5.32
Iraq,2014,300,Asia,23424855,Asia,Western Asia,16138472086,278690876.0,454546663283,3.55,0.06
Israel,2014,300,Asia,23424852,Asia,Western Asia,200795033359,,202569169551,99.12,
Italy,2014,300,Europe,23424853,Europe,Southern Europe,915155486611,795085167396.0,1613924950392,56.7,49.26
Japan,2014,300,Asia,23424856,Asia,Eastern Asia,4202434442659,4156720449428.0,4202497820042,100.0,98.91
Jordan,2014,300,Asia,23424860,Asia,Western Asia,68167836836,,69660980765,97.86,
Kenya,2014,300,Africa,23424863,Africa,Eastern Africa,94306665170,69887347171.0,95188438361,99.07,73.42
Lao PDR,2014,300,Asia,23424872,Asia,South-Eastern Asia,966952317,,28946053142,3.34,
Lebanon,2014,300,Asia,23424873,Asia,Western Asia,52031870940,,52031870940,100.0,
Libya,2014,300,Africa,23424882,Africa,Northern Africa,8709027,,92360517895,0.01,
Luxembourg,2014,300,Europe,23424881,Europe,Western Europe,39513774911,,39513774911,100.0,
Madagascar,2014,300,Africa,23424883,Africa,Eastern Africa,139865214,,32409751690,0.43,
Malawi,2014,300,Africa,23424889,Africa,Eastern Africa,1273887247,1273887247.0,16073517269,7.93,7.93
Malaysia,2014,300,Asia,23424901,Asia,South-Eastern Asia,5246568839,2249747168.0,627147542846,0.84,0.36
Malta,2014,300,Europe,23424897,Europe,Southern Europe,11503435296,11503435296.0,11503435296,100.0,100.0
Mauritius,2014,300,Seven seas (open ocean),23424894,Africa,Eastern Africa,20380600374,20380600374.0,20380600374,100.0,100.0
Mexico,2014,300,North America,23424900,Americas,Central America,1322686979747,1102171688310.0,1634986865139,80.9,67.41
Mongolia,2014,300,Asia,23424887,Asia,Eastern Asia,1544546006,,29759155364,5.19,
Montserrat,2014,300,North America,23424888,Americas,Caribbean,23680247,23680247.0,23680247,100.0,100.0
Morocco,2014,300,Africa,23424893,Africa,Northern Africa,459078147,279126266.0,225684239721,0.2,0.12
Mozambique,2014,300,Africa,23424902,Africa,Eastern Africa,299774,299774.0,26277323827,0.0,0.0
Myanmar,2014,300,Asia,23424763,Asia,South-Eastern Asia,76413216903,8377604112.0,196630939875,38.86,4.26
Netherlands,2014,300,Europe,-90,Europe,Western Europe,630021945775,143167649.0,665928031922,94.61,0.02
New Caledonia,2014,300,Oceania,23424903,Oceania,Melanesia,68073626,68073626.0,5183301221,1.31,1.31
New Zealand,2014,300,Oceania,23424916,Oceania,Australia and New Zealand,90989558925,89397078825.0,114304432013,79.6,78.21
Nicaragua,2014,300,North America,23424915,Americas,Central America,26024139662,26019993096.0,26204534794,99.31,99.3
Niger,2014,300,Africa,23424906,Africa,Western Africa,601177771,,20305880118,2.96,
Nigeria,2014,300,Africa,23424908,Africa,Western Africa,121075549855,115472787456.0,903356040070,13.4,12.78
Northern Cyprus,2014,300,Asia,-90,Asia,Western Asia,6524519,,6016921292,0.11,
Northern Mariana Islands,2014,300,Oceania,23424788,Oceania,Micronesia,992913827,983799096.0,992913827,100.0,99.08
Norway,2014,300,Europe,-90,Europe,Northern Europe,736299,,239851746400,0.0,
Oman,2014,300,Asia,23424898,Asia,Western Asia,22709215,,148434144392,0.02,
Palestine,2014,300,Asia,28289408,Asia,Western Asia,41384167176,,45594704450,90.77,
Panama,2014,300,North America,23424924,Americas,Central America,11227553878,3636226841.0,68267398816,16.45,5.33
Papua New Guinea,2014,300,Oceania,23424926,Oceania,Melanesia,14301754909,14285579272.0,15755878517,90.77,90.67
Peru,2014,300,South America,23424919,Americas,South America,45883400817,38525527934.0,313638671752,14.63,12.28
Philippines,2014,300,Asia,23424934,Asia,South-Eastern Asia,574379265611,574279357251.0,576169758093,99.69,99.67
Pitcairn Islands,2014,300,Oceania,23424918,Oceania,Polynesia,366786,,366786,100.0,
Portugal,2014,300,Europe,23424925,Europe,Southern Europe,4379923749,792889277.0,194176744917,2.26,0.41
Puerto Rico,2014,300,North America,23424935,Americas,Caribbean,6552583314,46689012.0,99286867253,6.6,0.05
Republic of Cabo Verde,2014,300,Africa,23424794,Africa,Western Africa,2351082612,2351082612.0,2351082612,100.0,100.0
Republic of Korea,2014,300,Asia,23424868,Asia,Eastern Asia,1623954891739,115444675432.0,1624260444571,99.98,7.11
Russian Federation,2014,300,Europe,23424936,Europe,Eastern Europe,131141704878,2275641790.0,2267579503281,5.78,0.1
Rwanda,2014,300,Africa,23424937,Africa,Eastern Africa,16034848274,16034848274.0,16034848274,100.0,100.0
Saint Helena,2014,300,Seven seas (open ocean),23424944,Africa,Western Africa,9292703,,46180854,20.12,
Saint Kitts and Nevis,2014,300,North America,23424940,Americas,Caribbean,975714593,975714593.0,975714593,100.0,100.0
Saint Lucia,2014,300,North America,23424951,Americas,Caribbean,1671505988,1671505988.0,1671505988,100.0,100.0
Saint Vincent and the Grenadines,2014,300,North America,23424981,Americas,Caribbean,592932503,592932503.0,592932503,100.0,100.0
Saint-Barthélemy,2014,300,North America,56042304,Americas,Caribbean,210556596,210556596.0,210556596,100.0,100.0
Saint-Martin,2014,300,North America,56042305,Americas,Caribbean,394544145,394544145.0,394544145,100.0,100.0
Samoa,2014,300,Oceania,23424992,Oceania,Polynesia,725741910,634353697.0,725741910,100.0,87.41
San Marino,2014,300,Europe,23424947,Europe,Southern Europe,1406878939,,1406878939,100.0,
Saudi Arabia,2014,300,Asia,23424938,Asia,Western Asia,613886252657,49061041897.0,1560377283927,39.34,3.14
Sint Maarten,2014,300,North America,-90,Americas,Caribbean,1125727726,1125727726.0,1125727726,100.0,100.0
Solomon Islands,2014,300,Oceania,23424766,Oceania,Melanesia,953120216,953120216.0,962458885,99.03,99.03
Somaliland,2014,300,Africa,-99,Africa,Eastern Africa,6981705951,3546664869.0,16013093059,43.6,22.15
South Africa,2014,300,Africa,23424942,Africa,Southern Africa,0,,599143619117,0.0,
South Georgia and the Islands,2014,300,Seven seas (open ocean),23424955,Seven seas (open ocean),Seven seas (open ocean),0,,0,,
South Sudan,2014,300,Africa,-99,Africa,Eastern Africa,2213345121,,19695308101,11.24,
Spain,2014,300,Europe,23424950,Europe,Southern Europe,862827160923,30639808603.0,1188489738661,72.6,2.58
Sudan,2014,300,Africa,-90,Africa,Northern Africa,40724917969,,131474044707,30.98,
Switzerland,2014,300,Europe,23424957,Europe,Western Europe,137328331759,,371975523644,36.92,
Syria,2014,300,Asia,23424956,Asia,Western Asia,57040282551,,64235373272,88.8,
São Tomé and Principe,2014,300,Africa,23424966,Africa,Middle Africa,7359372,,524748348,1.4,
Taiwan,2014,300,Asia,23424971,Asia,Eastern Asia,534549731649,,534725967375,99.97,
Tanzania,2014,300,Africa,23424973,Africa,Eastern Africa,40684438559,24929354306.0,102807093937,39.57,24.25
Timor-Leste,2014,300,Asia,23424968,Asia,South-Eastern Asia,2310553301,2310553301.0,2310553301,100.0,100.0
Tonga,2014,300,Oceania,23424964,Oceania,Polynesia,397554031,397554031.0,397554031,100.0,100.0
Trinidad and Tobago,2014,300,North America,23424958,Americas,Caribbean,37119951414,37119951414.0,37119951414,100.0,100.0
Tunisia,2014,300,Africa,23424967,Africa,Northern Africa,87494814603,,96887443824,90.31,
Turkey,2014,300,Asia,23424969,Asia,Western Asia,1171012587221,130202688209.0,1212674431220,96.56,10.74
Turkmenistan,2014,300,Asia,23424972,Asia,Central Asia,67418729,,70334787448,0.1,
Uganda,2014,300,Africa,23424974,Africa,Eastern Africa,43325557156,7636866639.0,47026161095,92.13,16.24
United States,2014,300,North America,23424977,Americas,Northern America,3647487757796,299593043189.0,14450921943280,25.24,2.07
United States Virgin Islands,2014,300,North America,23424985,Americas,Caribbean,4183667068,4183667068.0,4183667068,100.0,100.0
Vanuatu,2014,300,Oceania,23424907,Oceania,Melanesia,550452067,550452067.0,550452067,100.0,100.0
Vatican,2014,300,Europe,23424986,Europe,Southern Europe,382638014,382638014.0,382638014,100.0,100.0
Venezuela,2014,300,South America,23424982,Americas,South America,8243418308,7794328587.0,491852361727,1.68,1.58
Vietnam,2014,300,Asia,23424984,Asia,South-Eastern Asia,279842556090,257550665984.0,416932303411,67.12,61.77
Wallis and Futuna Islands,2014,300,Oceania,23424989,Oceania,Polynesia,170334498,87888421.0,170334498,100.0,51.6
Yemen,2014,300,Asia,23425002,Asia,Western Asia,85135896321,79367507183.0,85178012722,99.95,93.18
Zambia,2014,300,Africa,23425003,Africa,Eastern Africa,947118679,773455406.0,49027389223,1.93,1.58
Algeria,2015,300,Africa,23424740,Africa,Northern Africa,1490874312,,485376309272,0.31,
American Samoa,2015,300,Oceania,23424746,Oceania,Polynesia,667730997,667730997.0,667730997,100.0,100.0
Andorra,2015,300,Europe,23424744,Europe,Southern Europe,4205772759,,4205772759,100.0,
Anguilla,2015,300,North America,23424751,Americas,Caribbean,251178145,251178145.0,251178145,100.0,100.0
Antarctica,2015,300,Antarctica,28289409,Antarctica,Antarctica,0,0.0,0,,
Antigua and Barbuda,2015,300,North America,23424737,Americas,Caribbean,1614072702,1614072702.0,1614072702,100.0,100.0
Argentina,2015,300,South America,23424747,Americas,South America,88879076322,15991499219.0,718520562358,12.37,2.23
Armenia,2015,300,Asia,23424743,Asia,Western Asia,24350713982,24350713982.0,24350713982,100.0,100.0
Australia,2015,300,Oceania,-90,Oceania,Australia and New Zealand,252907326343,,869317174502,29.09,
Azerbaijan,2015,300,Asia,23424741,Asia,Western Asia,28278660311,20221709067.0,135044346173,20.94,14.97
Bangladesh,2015,300,Asia,23424759,Asia,Southern Asia,33214436,,436178816371,0.01,
Barbados,2015,300,North America,23424754,Americas,Caribbean,3170409340,3170409340.0,3170409340,100.0,100.0
Belgium,2015,300,Europe,23424757,Europe,Western Europe,398600548892,,402775039735,98.96,
Belize,2015,300,North America,23424760,Americas,Central America,1178804659,68806638.0,1669859392,70.59,4.12
Bolivia,2015,300,South America,23424762,Americas,South America,28497096518,22676141264.0,61588954801,46.27,36.82
British Virgin Islands,2015,300,North America,23424983,Americas,Caribbean,910701935,910701935.0,910701935,100.0,100.0
Burundi,2015,300,Africa,23424774,Africa,Eastern Africa,6045246994,5860178419.0,6045246994,100.0,96.94
Cambodia,2015,300,Asia,23424776,Asia,South-Eastern Asia,172414078,916273.0,44789331762,0.38,0.0
Cameroon,2015,300,Africa,23424785,Africa,Middle Africa,55327549080,55233721363.0,63985098334,86.47,86.32
Canada,2015,300,North America,23424775,Americas,Northern America,88236078749,7119126854.0,1391358254246,6.34,0.51
Central African Republic,2015,300,Africa,23424792,Africa,Middle Africa,903993,,2814359036,0.03,
Chad,2015,300,Africa,23424777,Africa,Middle Africa,1182028995,,24996527614,4.73,
Chile,2015,300,South America,23424782,Americas,South America,292866671554,277639538784.0,298667366911,98.06,92.96
China,2015,300,Asia,23424781,Asia,Eastern Asia,1864457049091,157871632550.0,16610887604695,11.22,0.95
Colombia,2015,300,South America,23424787,Americas,South America,411814819735,411345017474.0,550391717743,74.82,74.74
Comoros,2015,300,Africa,23424786,Africa,Eastern Africa,1412878663,1412878663.0,1412878663,100.0,100.0
Costa Rica,2015,300,North America,23424791,Americas,Central America,64441379172,64441379172.0,64441379189,100.0,100.0
Dem. Rep. Korea,2015,300,Asia,23424865,Asia,Eastern Asia,44435915609,15912225867.0,45460202282,97.75,35.0
Democratic Republic of the Congo,2015,300,Africa,23424780,Africa,Middle Africa,4239571202,3112272002.0,53833166113,7.88,5.78
Djibouti,2015,300,Africa,23424797,Africa,Eastern Africa,2597139037,2597139037.0,2597139037,100.0,100.0
Dominica,2015,300,North America,23424798,Americas,Caribbean,621862080,621862080.0,621862080,100.0,100.0
Ecuador,2015,300,South America,23424801,Americas,South America,145354413367,145354347520.0,145418849367,99.96,99.96
Egypt,2015,300,Africa,23424802,Africa,Northern Africa,1168488,,796651745185,0.0,
El Salvador,2015,300,North America,23424807,Americas,Central America,39078861773,39078861773.0,39078861773,100.0,100.0
Equatorial Guinea,2015,300,Africa,23424804,Africa,Middle Africa,19947026434,17133411109.0,24503038282,81.41,69.92
Eritrea,2015,300,Africa,23424806,Africa,Eastern Africa,6629988337,1845794974.0,7412100593,89.45,24.9
Ethiopia,2015,300,Africa,23424808,Africa,Eastern Africa,119656168316,107269953570.0,133333673480,89.74,80.45
Fiji,2015,300,Oceania,23424813,Oceania,Melanesia,0,,6781053095,0.0,
France,2015,300,Europe,-90,Europe,Western Europe,917869579281,39273554236.0,2059383991879,44.57,1.91
French Polynesia,2015,300,Oceania,23424817,Oceania,Polynesia,7640557019,,7725609940,98.9,
French Southern and Antarctic Lands,2015,300,Seven seas (open ocean),28289406,Seven seas (open ocean),Seven seas (open ocean),0,,0,,
Gabon,2015,300,Africa,23424822,Africa,Middle Africa,855801,,25005157429,0.0,
Georgia,2015,300,Asia,23424823,Asia,Western Asia,32580406898,25560615658.0,32580406898,100.0,78.45
Germany,2015,300,Europe,23424829,Europe,Western Europe,1554995646464,,3022775049562,51.44,
Greece,2015,300,Europe,23424833,Europe,Southern Europe,176534343887,161724509247.0,213088822198,82.85,75.9
Grenada,2015,300,North America,23424826,Americas,Caribbean,1082096479,1082096479.0,1082096479,100.0,100.0
Guam,2015,300,Oceania,23424832,Oceania,Micronesia,6471689021,,6471689021,100.0,
Guatemala,2015,300,North America,23424834,Americas,Central America,108287362122,108226351282.0,108327138844,99.96,99.91
Heard I. and McDonald Islands,2015,300,Seven seas (open ocean),28289411,Seven seas (open ocean),Seven seas (open ocean),0,,0,,
Honduras,2015,300,North America,23424841,Americas,Central America,33711606313,31121334730.0,33785141984,99.78,92.12
Iceland,2015,300,Europe,23424845,Europe,Northern Europe,12305787157,12301370093.0,12305787157,100.0,99.96
India,2015,300,Asia,23424848,Asia,Southern Asia,1250905312,4978980.0,6396079929961,0.02,0.0
Indonesia,2015,300,Asia,23424846,Asia,South-Eastern Asia,2178288483535,2176468158835.0,2355116780886,92.49,92.41
Iran,2015,300,Asia,23424851,Asia,Southern Asia,642627228114,58969429309.0,1130160929660,56.86,5.22
Iraq,2015,300,Asia,23424855,Asia,Western Asia,14156266734,334367400.0,475934947848,2.97,0.07
Israel,2015,300,Asia,23424852,Asia,Western Asia,203867497000,,205605948640,99.15,
Italy,2015,300,Europe,23424853,Europe,Southern Europe,934201907916,811124209330.0,1632176181828,57.24,49.7
Japan,2015,300,Asia,23424856,Asia,Eastern Asia,4250087539265,4203041281486.0,4250152725604,100.0,98.89
Jordan,2015,300,Asia,23424860,Asia,Western Asia,69964595825,,71403794168,97.98,
Kenya,2015,300,Africa,23424863,Africa,Eastern Africa,99785166750,75798227063.0,100661919626,99.13,75.3
Lao PDR,2015,300,Asia,23424872,Asia,South-Eastern Asia,1060929891,,30913042651,3.43,
Lebanon,2015,300,Asia,23424873,Asia,Western Asia,52764669765,,52764669765,100.0,
Libya,2015,300,Africa,23424882,Africa,Northern Africa,8821191,,84285846788,0.01,
Luxembourg,2015,300,Europe,23424881,Europe,Western Europe,41106926002,,41106926002,100.0,
Madagascar,2015,300,Africa,23424883,Africa,Eastern Africa,149889926,,33408067921,0.45,
Malawi,2015,300,Africa,23424889,Africa,Eastern Africa,1302572994,1302572994.0,16532460830,7.88,7.88
Malaysia,2015,300,Asia,23424901,Asia,South-Eastern Asia,5319280492,2315662205.0,657442908290,0.81,0.35
Malta,2015,300,Europe,23424897,Europe,Southern Europe,12418987080,12418987080.0,12418987080,100.0,100.0
Mauritius,2015,300,Seven seas (open ocean),23424894,Africa,Eastern Africa,21102973455,21102973455.0,21102973455,100.0,100.0
Mexico,2015,300,North America,23424900,Americas,Central America,1377178696524,1160014945647.0,1688687147556,81.55,68.69
Mongolia,2015,300,Asia,23424887,Asia,Eastern Asia,1420185354,,30468440607,4.66,
Montserrat,2015,300,North America,23424888,Americas,Caribbean,25363862,25363862.0,25363862,100.0,100.0
Morocco,2015,300,Africa,23424893,Africa,Northern Africa,450491559,275376245.0,236194503829,0.19,0.12
Mozambique,2015,300,Africa,23424902,Africa,Eastern Africa,325435,325435.0,27929958772,0.0,0.0
Myanmar,2015,300,Asia,23424763,Asia,South-Eastern Asia,79116387732,8970015824.0,210228093974,37.63,4.27
Netherlands,2015,300,Europe,-90,Europe,Western Europe,642030149010,142279120.0,677482502348,94.77,0.02
New Caledonia,2015,300,Oceania,23424903,Oceania,Melanesia,73846608,73846608.0,5408895630,1.37,1.37
New Zealand,2015,300,Oceania,23424916,Oceania,Australia and New Zealand,92574523182,91015467930.0,117997139114,78.45,77.13
Nicaragua,2015,300,North America,23424915,Americas,Central America,27271453483,27266836741.0,27461849887,99.31,99.29
Niger,2015,300,Africa,23424906,Africa,Western Africa,642028128,,21177735066,3.03,
Nigeria,2015,300,Africa,23424908,Africa,Western Africa,128193842052,121489306967.0,925677073427,13.85,13.12
Northern Cyprus,2015,300,Asia,-90,Asia,Western Asia,6557609,,6096970234,0.11,
Northern Mariana Islands,2015,300,Oceania,23424788,Oceania,Micronesia,1026004184,1014207108.0,1026004184,100.0,98.85
Norway,2015,300,Europe,-90,Europe,Northern Europe,852001,,237864450613,0.0,
Oman,2015,300,Asia,23424898,Asia,Western Asia,24002589,,154923510774,0.02,
Palestine,2015,300,Asia,28289408,Asia,Western Asia,43233993023,,47704005388,90.63,
Panama,2015,300,North America,23424924,Americas,Central America,11861241358,3811593285.0,72108358397,16.45,5.29
Papua New Guinea,2015,300,Oceania,23424926,Oceania,Melanesia,15249507441,15231566995.0,16809052992,90.72,90.62
Peru,2015,300,South America,23424919,Americas,South America,46325565222,38955116160.0,323764300132,14.31,12.03
Philippines,2015,300,Asia,23424934,Asia,South-Eastern Asia,610767846902,610674229016.0,612618169412,99.7,99.68
Pitcairn Islands,2015,300,Oceania,23424918,Oceania,Polynesia,367182,,367182,100.0,
Portugal,2015,300,Europe,23424925,Europe,Southern Europe,4156741347,806912873.0,198891643947,2.09,0.41
Puerto Rico,2015,300,North America,23424935,Americas,Caribbean,6422597939,45515532.0,97929329014,6.56,0.05
Republic of Cabo Verde,2015,300,Africa,23424794,Africa,Western Africa,2359369799,2359369799.0,2359369799,100.0,100.0
Republic of Korea,2015,300,Asia,23424868,Asia,Eastern Asia,1667188426922,121775677677.0,1667476985557,99.98,7.3
Russian Federation,2015,300,Europe,23424936,Europe,Eastern Europe,203798126107,2182217103.0,2223010594915,9.17,0.1
Rwanda,2015,300,Africa,23424937,Africa,Eastern Africa,17433760146,17433760146.0,17433760146,100.0,100.0
Saint Helena,2015,300,Seven seas (open ocean),23424944,Africa,Western Africa,10412010,,47629625,21.86,
Saint Kitts and Nevis,2015,300,North America,23424940,Americas,Caribbean,980189960,980189960.0,980189960,100.0,100.0
Saint Lucia,2015,300,North America,23424951,Americas,Caribbean,1657894524,1657894524.0,1657894524,100.0,100.0
Saint Vincent and the Grenadines,2015,300,North America,23424981,Americas,Caribbean,572630079,572630079.0,572630079,100.0,100.0
Saint-Barthélemy,2015,300,North America,56042304,Americas,Caribbean,215564026,215564026.0,215564026,100.0,100.0
Saint-Martin,2015,300,North America,56042305,Americas,Caribbean,390697065,390697065.0,390697065,100.0,100.0
Samoa,2015,300,Oceania,23424992,Oceania,Polynesia,749094183,657555106.0,749094183,100.0,87.78
San Marino,2015,300,Europe,23424947,Europe,Southern Europe,1439488187,,1439488187,100.0,
Saudi Arabia,2015,300,Asia,23424938,Asia,Western Asia,635536605608,51514894790.0,1626095305505,39.08,3.17
Sint Maarten,2015,300,North America,-90,Americas,Caribbean,1133132614,1133132614.0,1133132614,100.0,100.0
Solomon Islands,2015,300,Oceania,23424766,Oceania,Melanesia,978740536,978740536.0,987774072,99.09,99.09
Somaliland,2015,300,Africa,-99,Africa,Eastern Africa,7128410841,3660804644.0,16461674147,43.3,22.24
South Africa,2015,300,Africa,23424942,Africa,Southern Africa,0,,606302459213,0.0,
South Georgia and the Islands,2015,300,Seven seas (open ocean),23424955,Seven seas (open ocean),Seven seas (open ocean),0,,0,,
South Sudan,2015,300,Africa,-99,Africa,Eastern Africa,2412009179,,19631687178,12.29,
Spain,2015,300,Europe,23424950,Europe,Southern Europe,867770007224,33052386364.0,1230889663335,70.5,2.69
Sudan,2015,300,Africa,-90,Africa,Northern Africa,41950992270,,137634324080,30.48,
Switzerland,2015,300,Europe,23424957,Europe,Western Europe,148186128199,,378556641624,39.15,
Syria,2015,300,Asia,23424956,Asia,Western Asia,54189832181,,59835167880,90.57,
São Tomé and Principe,2015,300,Africa,23424966,Africa,Middle Africa,6399698,,543584508,1.18,
Taiwan,2015,300,Asia,23424971,Asia,Eastern Asia,536098145244,,536277571544,99.97,
Tanzania,2015,300,Africa,23424973,Africa,Eastern Africa,42281860328,25732441185.0,109188317001,38.72,23.57
Timor-Leste,2015,300,Asia,23424968,Asia,South-Eastern Asia,2368266431,2368266431.0,2368266431,100.0,100.0
Tonga,2015,300,Oceania,23424964,Oceania,Polynesia,402653108,402653108.0,402653108,100.0,100.0
Trinidad and Tobago,2015,300,North America,23424958,Americas,Caribbean,37685709627,37685709627.0,37685709627,100.0,100.0
Tunisia,2015,300,Africa,23424967,Africa,Northern Africa,88610744972,,98072705838,90.35,
Turkey,2015,300,Asia,23424969,Asia,Western Asia,1242550861490,135988402628.0,1285404415727,96.67,10.58
Turkmenistan,2015,300,Asia,23424972,Asia,Central Asia,55993892,,74948422105,0.07,
Uganda,2015,300,Africa,23424974,Africa,Eastern Africa,45596204505,7916044922.0,49466380941,92.18,16.0
United States,2015,300,North America,23424977,Americas,Northern America,3794086350431,277118984520.0,14882181772999,25.49,1.86
United States Virgin Islands,2015,300,North America,23424985,Americas,Caribbean,4198894820,4198894820.0,4198894820,100.0,100.0
Vanuatu,2015,300,Oceania,23424907,Oceania,Melanesia,554766224,554766224.0,554766224,100.0,100.0
Vatican,2015,300,Europe,23424986,Europe,Southern Europe,398024401,398024401.0,398024401,100.0,100.0
Venezuela,2015,300,South America,23424982,Americas,South America,7872158284,7497452201.0,445634359247,1.77,1.68
Vietnam,2015,300,Asia,23424984,Asia,South-Eastern Asia,299228525861,275782339926.0,444789280162,67.27,62.0
Wallis and Futuna Islands,2015,300,Oceania,23424989,Oceania,Polynesia,165463294,89967490.0,165463294,100.0,54.37
Yemen,2015,300,Asia,23425002,Asia,Western Asia,69975087343,57271960789.0,70079821182,99.85,81.72
Zambia,2015,300,Africa,23425003,Africa,Eastern Africa,980851257,772968740.0,50431430112,1.94,1.53
Algeria,2016,300,Africa,23424740,Africa,Northern Africa,1649354083,,500915600940,0.33,
American Samoa,2016,300,Oceania,23424746,Oceania,Polynesia,651817546,651817546.0,651817546,100.0,100.0
Andorra,2016,300,Europe,23424744,Europe,Southern Europe,4276483667,,4276483667,100.0,
Anguilla,2016,300,North America,23424751,Americas,Caribbean,254251505,254251505.0,254251505,100.0,100.0
Antarctica,2016,300,Antarctica,28289409,Antarctica,Antarctica,0,0.0,0,,
Antigua and Barbuda,2016,300,North America,23424737,Americas,Caribbean,1710917448,1710917448.0,1710917448,100.0,100.0
Argentina,2016,300,South America,23424747,Americas,South America,89562934048,17021775760.0,703138083426,12.74,2.42
Armenia,2016,300,Asia,23424743,Asia,Western Asia,24403584787,24403584787.0,24403584787,100.0,100.0
Australia,2016,300,Oceania,-90,Oceania,Australia and New Zealand,250614890077,,891938259039,28.1,
Azerbaijan,2016,300,Asia,23424741,Asia,Western Asia,29886907566,21324191695.0,130921553167,22.83,16.29
Bangladesh,2016,300,Asia,23424759,Asia,Southern Asia,35156590,,467378028875,0.01,
Barbados,2016,300,North America,23424754,Americas,Caribbean,3231649210,3231649210.0,3231649210,100.0,100.0
Belgium,2016,300,Europe,23424757,Europe,Western Europe,403696335926,,408249963604,98.88,
Belize,2016,300,North America,23424760,Americas,Central America,1172865617,64316164.0,1618250845,72.48,3.97
Bolivia,2016,300,South America,23424762,Americas,South America,29923223127,23167605535.0,64243065389,46.58,36.06
British Virgin Islands,2016,300,North America,23424983,Americas,Caribbean,934048951,934048951.0,934048951,100.0,100.0
Burundi,2016,300,Africa,23424774,Africa,Eastern Africa,6014111575,5830679031.0,6014111575,100.0,96.95
Cambodia,2016,300,Asia,23424776,Asia,South-Eastern Asia,189173129,954458.0,47894874018,0.39,0.0
Cameroon,2016,300,Africa,23424785,Africa,Middle Africa,58106978706,58013048610.0,66879371197,86.88,86.74
Canada,2016,300,North America,23424775,Americas,Northern America,114595100098,7889053747.0,1402153811134,8.17,0.56
Central African Republic,2016,300,Africa,23424792,Africa,Middle Africa,1164623,,2937881566,0.04,
Chad,2016,300,Africa,23424777,Africa,Middle Africa,1116095342,,23457811730,4.76,
Chile,2016,300,South America,23424782,Americas,South America,297260255745,280476316738.0,303704008335,97.88,92.35
China,2016,300,Asia,23424781,Asia,Eastern Asia,1848739947241,164783011567.0,17738724306240,10.42,0.93
Colombia,2016,300,South America,23424787,Americas,South America,421735251463,421237356147.0,561531268028,75.1,75.02
Comoros,2016,300,Africa,23424786,Africa,Eastern Africa,1455714174,1455714174.0,1455714174,100.0,100.0
Costa Rica,2016,300,North America,23424791,Americas,Central America,67156449119,67156449119.0,67156449140,100.0,100.0
Dem. Rep. Korea,2016,300,Asia,23424865,Asia,Eastern Asia,44993675709,15951190076.0,46048087574,97.71,34.64
Democratic Republic of the Congo,2016,300,Africa,23424780,Africa,Middle Africa,4656233870,3462795258.0,55144088609,8.44,6.28
Djibouti,2016,300,Africa,23424797,Africa,Eastern Africa,2953329335,2953329335.0,2953329335,100.0,100.0
Dominica,2016,300,North America,23424798,Americas,Caribbean,636058954,636058954.0,636058954,100.0,100.0
Ecuador,2016,300,South America,23424801,Americas,South America,143583343039,143583287439.0,143645338150,99.96,99.96
Egypt,2016,300,Africa,23424802,Africa,Northern Africa,1102192,,832772952363,0.0,
El Salvador,2016,300,North America,23424807,Americas,Central America,40087408101,40087408101.0,40087408101,100.0,100.0
Equatorial Guinea,2016,300,Africa,23424804,Africa,Middle Africa,17990774618,16232083814.0,21094943498,85.28,76.95
Eritrea,2016,300,Africa,23424806,Africa,Eastern Africa,6700244747,1871840687.0,7485891194,89.5,25.0
Ethiopia,2016,300,Africa,23424808,Africa,Eastern Africa,130709533690,116707355666.0,145884693361,89.6,80.0
Fiji,2016,300,Oceania,23424813,Oceania,Melanesia,0,,6953327097,0.0,
France,2016,300,Europe,-90,Europe,Western Europe,918400281285,39403951840.0,2084426454014,44.06,1.89
French Polynesia,2016,300,Oceania,23424817,Oceania,Polynesia,7867675930,,7956277565,98.89,
French Southern and Antarctic Lands,2016,300,Seven seas (open ocean),28289406,Seven seas (open ocean),Seven seas (open ocean),0,,0,,
Gabon,2016,300,Africa,23424822,Africa,Middle Africa,713225,,25369893621,0.0,
Georgia,2016,300,Asia,23424823,Asia,Western Asia,33230285073,26772822098.0,33230285073,100.0,80.57
Germany,2016,300,Europe,23424829,Europe,Western Europe,1576715598553,,3079421129288,51.2,
Greece,2016,300,Europe,23424833,Europe,Southern Europe,174508172490,159515989414.0,211955537695,82.33,75.26
Grenada,2016,300,North America,23424826,Americas,Caribbean,1121299664,1121299664.0,1121299664,100.0,100.0
Guam,2016,300,Oceania,23424832,Oceania,Micronesia,6493993124,,6493993124,100.0,
Guatemala,2016,300,North America,23424834,Americas,Central America,111592423020,111532678704.0,111631448421,99.97,99.91
Heard I. and McDonald Islands,2016,300,Seven seas (open ocean),28289411,Seven seas (open ocean),Seven seas (open ocean),0,,0,,
Honduras,2016,300,North America,23424841,Americas,Central America,35002158092,32259687969.0,35084335465,99.77,91.95
Iceland,2016,300,Europe,23424845,Europe,Northern Europe,13497216058,13496469455.0,13497216058,100.0,99.99
India,2016,300,Asia,23424848,Asia,Southern Asia,1392382317,5363979.0,6922031448921,0.02,0.0
Indonesia,2016,300,Asia,23424846,Asia,South-Eastern Asia,2286589984572,2284608787020.0,2473623601239,92.44,92.36
Iran,2016,300,Asia,23424851,Asia,Southern Asia,741741629524,67996494983.0,1282885644149,57.82,5.3
Iraq,2016,300,Asia,23424855,Asia,Western Asia,14958093327,342373883.0,541482763693,2.76,0.06
Israel,2016,300,Asia,23424852,Asia,Western Asia,211649759168,,213581985185,99.1,
Italy,2016,300,Europe,23424853,Europe,Southern Europe,939054622512,814351521649.0,1657908109660,56.64,49.12
Japan,2016,300,Asia,23424856,Asia,Eastern Asia,4270322467425,4218651626936.0,4270390834959,100.0,98.79
Jordan,2016,300,Asia,23424860,Asia,Western Asia,71401582864,,72837326046,98.03,
Kenya,2016,300,Africa,23424863,Africa,Eastern Africa,105403804534,78226592743.0,106450145673,99.02,73.49
Lao PDR,2016,300,Asia,23424872,Asia,South-Eastern Asia,1097494745,,33087141819,3.32,
Lebanon,2016,300,Asia,23424873,Asia,Western Asia,55177652159,,55177652159,100.0,
Libya,2016,300,Africa,23424882,Africa,Northern Africa,7739710,,81998564146,0.01,
Luxembourg,2016,300,Europe,23424881,Europe,Western Europe,43053428744,,43053428744,100.0,
Madagascar,2016,300,Africa,23424883,Africa,Eastern Africa,163543023,,34744898550,0.47,
Malawi,2016,300,Africa,23424889,Africa,Eastern Africa,1347047827,1347047827.0,16941870575,7.95,7.95
Malaysia,2016,300,Asia,23424901,Asia,South-Eastern Asia,5874280543,2542607407.0,687981158415,0.85,0.37
Malta,2016,300,Europe,23424897,Europe,Southern Europe,12697260081,12697260081.0,12697260081,100.0,100.0
Mauritius,2016,300,Seven seas (open ocean),23424894,Africa,Eastern Africa,21945549957,21945549957.0,21945549957,100.0,100.0
Mexico,2016,300,North America,23424900,Americas,Central America,1407750066198,1187726199682.0,1734686880247,81.15,68.47
Mongolia,2016,300,Asia,23424887,Asia,Eastern Asia,1234754911,,30822390301,4.01,
Montserrat,2016,300,North America,23424888,Americas,Caribbean,25944551,25944551.0,25944551,100.0,100.0
Morocco,2016,300,Africa,23424893,Africa,Northern Africa,467629342,290458852.0,238371541260,0.2,0.12
Mozambique,2016,300,Africa,23424902,Africa,Eastern Africa,343895,343895.0,29127510178,0.0,0.0
Myanmar,2016,300,Asia,23424763,Asia,South-Eastern Asia,81631166750,9583933052.0,222270188181,36.73,4.31
Netherlands,2016,300,Europe,-90,Europe,Western Europe,650911091179,126214575.0,689837281886,94.36,0.02
New Caledonia,2016,300,Oceania,23424903,Oceania,Melanesia,66781862,66781862.0,5634432312,1.19,1.19
New Zealand,2016,300,Oceania,23424916,Oceania,Australia and New Zealand,95948328329,94235483110.0,120814633132,79.42,78.0
Nicaragua,2016,300,North America,23424915,Americas,Central America,28522028234,28516853878.0,28726253328,99.29,99.27
Niger,2016,300,Africa,23424906,Africa,Western Africa,659742456,,22391604142,2.95,
Nigeria,2016,300,Africa,23424908,Africa,Western Africa,136205303063,128414848858.0,909383878657,14.98,14.12
Northern Cyprus,2016,300,Asia,-90,Asia,Western Asia,7591195,,6078262256,0.12,
Northern Mariana Islands,2016,300,Oceania,23424788,Oceania,Micronesia,1291115693,1278261300.0,1291115693,100.0,99.0
Norway,2016,300,Europe,-90,Europe,Northern Europe,818462,,248813911220,0.0,
Oman,2016,300,Asia,23424898,Asia,Western Asia,30105065,,163082973933,0.02,
Palestine,2016,300,Asia,28289408,Asia,Western Asia,44962633084,,49582492041,90.68,
Panama,2016,300,North America,23424924,Americas,Central America,12541981961,3865607213.0,75601280478,16.59,5.11
Papua New Guinea,2016,300,Oceania,23424926,Oceania,Melanesia,16066028014,16046544911.0,17724634965,90.64,90.53
Peru,2016,300,South America,23424919,Americas,South America,36837741742,30849479147.0,336613635210,10.94,9.16
Philippines,2016,300,Asia,23424934,Asia,South-Eastern Asia,655256467179,655169090332.0,657224229315,99.7,99.69
Pitcairn Islands,2016,300,Oceania,23424918,Oceania,Polynesia,368159,,368159,100.0,
Portugal,2016,300,Europe,23424925,Europe,Southern Europe,4028290079,766777298.0,202343230578,1.99,0.38
Puerto Rico,2016,300,North America,23424935,Americas,Caribbean,6216108988,41614519.0,95735111542,6.49,0.04
Republic of Cabo Verde,2016,300,Africa,23424794,Africa,Western Africa,2465990629,2465990629.0,2465990629,100.0,100.0
Republic of Korea,2016,300,Asia,23424868,Asia,Eastern Asia,1716318946143,120264839345.0,1716599150706,99.98,7.01
Russian Federation,2016,300,Europe,23424936,Europe,Eastern Europe,153835312397,2546686636.0,2227555934989,6.91,0.11
Rwanda,2016,300,Africa,23424937,Africa,Eastern Africa,18477535076,18477535076.0,18477535076,100.0,100.0
Saint Helena,2016,300,Seven seas (open ocean),23424944,Africa,Western Africa,9898574,,47895491,20.67,
Saint Kitts and Nevis,2016,300,North America,23424940,Americas,Caribbean,1007114942,1007114942.0,1007114942,100.0,100.0
Saint Lucia,2016,300,North America,23424951,Americas,Caribbean,1706026489,1706026489.0,1706026489,100.0,100.0
Saint Vincent and the Grenadines,2016,300,North America,23424981,Americas,Caribbean,607986627,607986627.0,607986627,100.0,100.0
Saint-Barthélemy,2016,300,North America,56042304,Americas,Caribbean,217282649,217282649.0,217282649,100.0,100.0
Saint-Martin,2016,300,North America,56042305,Americas,Caribbean,396261462,396261462.0,396261462,100.0,100.0
Samoa,2016,300,Oceania,23424992,Oceania,Polynesia,816676326,722657610.0,816676326,100.0,88.49
San Marino,2016,300,Europe,23424947,Europe,Southern Europe,1478158248,,1478158248,100.0,
Saudi Arabia,2016,300,Asia,23424938,Asia,Western Asia,633845771406,52237578844.0,1653147777294,38.34,3.16
Sint Maarten,2016,300,North America,-90,Americas,Caribbean,1136521351,1136521351.0,1136521351,100.0,100.0
Solomon Islands,2016,300,Oceania,23424766,Oceania,Melanesia,1054492017,1054492017.0,1062692278,99.23,99.23
Somaliland,2016,300,Africa,-99,Africa,Eastern Africa,7730660355,3826272611.0,17318243222,44.64,22.09
South Africa,2016,300,Africa,23424942,Africa,Southern Africa,0,,608812141293,0.0,
South Georgia and the Islands,2016,300,Seven seas (open ocean),23424955,Seven seas (open ocean),Seven seas (open ocean),0,,0,,
South Sudan,2016,300,Africa,-99,Africa,Eastern Africa,2728763392,,20277970494,13.46,
Spain,2016,300,Europe,23424950,Europe,Southern Europe,891633781218,34999518345.0,1265129275268,70.48,2.77
Sudan,2016,300,Africa,-90,Africa,Northern Africa,44030180416,,142613524530,30.87,
Switzerland,2016,300,Europe,23424957,Europe,Western Europe,145889769478,,385888332797,37.81,
Syria,2016,300,Asia,23424956,Asia,Western Asia,52072060677,,57815414051,90.07,
São Tomé and Principe,2016,300,Africa,23424966,Africa,Middle Africa,6191347,,567910769,1.09,
Taiwan,2016,300,Asia,23424971,Asia,Eastern Asia,537482792006,,537632722210,99.97,
Tanzania,2016,300,Africa,23424973,Africa,Eastern Africa,42853644814,26107458574.0,116758560136,36.7,22.36
Timor-Leste,2016,300,Asia,23424968,Asia,South-Eastern Asia,2450557786,2450557786.0,2450557786,100.0,100.0
Tonga,2016,300,Oceania,23424964,Oceania,Polynesia,435346289,435346289.0,435346289,100.0,100.0
Trinidad and Tobago,2016,300,North America,23424958,Americas,Caribbean,35588881227,35588881227.0,35588881227,100.0,100.0
Tunisia,2016,300,Africa,23424967,Africa,Northern Africa,89743424754,,99653851334,90.06,
Turkey,2016,300,Asia,23424969,Asia,Western Asia,1284809200735,136692859026.0,1330220993854,96.59,10.28
Turkmenistan,2016,300,Asia,23424972,Asia,Central Asia,37304937,,79523671491,0.05,
Uganda,2016,300,Africa,23424974,Africa,Eastern Africa,47669686719,8437322316.0,51814852463,92.0,16.28
United States,2016,300,North America,23424977,Americas,Northern America,3954381439716,317097002202.0,15119089748880,26.15,2.1
United States Virgin Islands,2016,300,North America,23424985,Americas,Caribbean,4248693145,4248693145.0,4248693145,100.0,100.0
Vanuatu,2016,300,Oceania,23424907,Oceania,Melanesia,591014235,591014235.0,591014235,100.0,100.0
Vatican,2016,300,Europe,23424986,Europe,Southern Europe,394098899,394098899.0,394098899,100.0,100.0
Venezuela,2016,300,South America,23424982,Americas,South America,7286580065,6954736447.0,393926006112,1.85,1.77
Vietnam,2016,300,Asia,23424984,Asia,South-Eastern Asia,319619322788,296888764125.0,472466707157,67.65,62.84
Wallis and Futuna Islands,2016,300,Oceania,23424989,Oceania,Polynesia,163334569,87476345.0,163334569,100.0,53.56
Yemen,2016,300,Asia,23425002,Asia,Western Asia,60141164708,49286963692.0,60234246248,99.85,81.83
Zambia,2016,300,Africa,23425003,Africa,Eastern Africa,1079496845,820497163.0,52330434879,2.06,1.57
Algeria,2017,300,Africa,23424740,Africa,Northern Africa,1800707266,,506675029457,0.36,
American Samoa,2017,300,Oceania,23424746,Oceania,Polynesia,617171218,617171218.0,617171218,100.0,100.0
Andorra,2017,300,Europe,23424744,Europe,Southern Europe,4341509361,,4341509361,100.0,
Anguilla,2017,300,North America,23424751,Americas,Caribbean,255412235,255412235.0,255412235,100.0,100.0
Antarctica,2017,300,Antarctica,28289409,Antarctica,Antarctica,0,0.0,0,,
Antigua and Barbuda,2017,300,North America,23424737,Americas,Caribbean,1768048852,1768048852.0,1768048852,100.0,100.0
Argentina,2017,300,South America,23424747,Americas,South America,98721104593,18884427073.0,722598204567,13.66,2.61
Armenia,2017,300,Asia,23424743,Asia,Western Asia,26226760054,26226760054.0,26226760054,100.0,100.0
Australia,2017,300,Oceania,-90,Oceania,Australia and New Zealand,256254172011,,908945385900,28.19,
Azerbaijan,2017,300,Asia,23424741,Asia,Western Asia,25492301599,17594093654.0,131339702216,19.41,13.4
Bangladesh,2017,300,Asia,23424759,Asia,Southern Asia,34466022,,501289935645,0.01,
Barbados,2017,300,North America,23424754,Americas,Caribbean,3263002740,3263002740.0,3263002740,100.0,100.0
Belgium,2017,300,Europe,23424757,Europe,Western Europe,410899559340,,415561058228,98.88,
Belize,2017,300,North America,23424760,Americas,Central America,1217538578,67474650.0,1695767541,71.8,3.98
Bolivia,2017,300,South America,23424762,Americas,South America,30466493134,23390700624.0,66960077719,45.5,34.93
British Virgin Islands,2017,300,North America,23424983,Americas,Caribbean,932719438,932719438.0,932719438,100.0,100.0
Burundi,2017,300,Africa,23424774,Africa,Eastern Africa,6037724109,5848564509.0,6037724109,100.0,96.87
Cambodia,2017,300,Asia,23424776,Asia,South-Eastern Asia,213407830,1026765.0,51304268373,0.42,0.0
Cameroon,2017,300,Africa,23424785,Africa,Middle Africa,60588469327,60496866984.0,69243030206,87.5,87.37
Canada,2017,300,North America,23424775,Americas,Northern America,129479773762,7399115266.0,1434199994514,9.03,0.52
Central African Republic,2017,300,Africa,23424792,Africa,Middle Africa,1062874,,3069971916,0.03,
Chad,2017,300,Africa,23424777,Africa,Middle Africa,1078387333,,22761837174,4.74,
Chile,2017,300,South America,23424782,Americas,South America,299706879251,282859879561.0,307242312291,97.55,92.06
China,2017,300,Asia,23424781,Asia,Eastern Asia,1866352777146,162926640135.0,18958886746499,9.84,0.86
Colombia,2017,300,South America,23424787,Americas,South America,425221138543,424730882665.0,568964570473,74.74,74.65
Comoros,2017,300,Africa,23424786,Africa,Eastern Africa,1518261566,1518261566.0,1518261566,100.0,100.0
Costa Rica,2017,300,North America,23424791,Americas,Central America,69947433461,69947433461.0,69947433481,100.0,100.0
Dem. Rep. Korea,2017,300,Asia,23424865,Asia,Eastern Asia,45660210904,16060720559.0,46855212568,97.45,34.28
Democratic Republic of the Congo,2017,300,Africa,23424780,Africa,Middle Africa,4657160384,3415565689.0,57173692402,8.15,5.97
Djibouti,2017,300,Africa,23424797,Africa,Eastern Africa,2914822602,2914822602.0,2914822602,100.0,100.0
Dominica,2017,300,North America,23424798,Americas,Caribbean,594311515,594311515.0,594311515,100.0,100.0
Ecuador,2017,300,South America,23424801,Americas,South America,147099309944,147099251276.0,147160455740,99.96,99.96
Egypt,2017,300,Africa,23424802,Africa,Northern Africa,1256727,,868697193747,0.0,
El Salvador,2017,300,North America,23424807,Americas,Central America,40989489765,40989489765.0,40989489765,100.0,100.0
Equatorial Guinea,2017,300,Africa,23424804,Africa,Middle Africa,17419848755,15492687816.0,20776017727,83.85,74.57
Eritrea,2017,300,Africa,23424806,Africa,Eastern Africa,6793899785,1872484506.0,7572914659,89.71,24.73
Ethiopia,2017,300,Africa,23424808,Africa,Eastern Africa,143655992033,128777178150.0,159846380347,89.87,80.56
Fiji,2017,300,Oceania,23424813,Oceania,Melanesia,0,,7388915644,0.0,
France,2017,300,Europe,-90,Europe,Western Europe,962483006400,39743040033.0,2131683126165,45.15,1.86
French Polynesia,2017,300,Oceania,23424817,Oceania,Polynesia,8118770353,,8210623953,98.88,
French Southern and Antarctic Lands,2017,300,Seven seas (open ocean),28289406,Seven seas (open ocean),Seven seas (open ocean),0,,0,,
Gabon,2017,300,Africa,23424822,Africa,Middle Africa,749194,,25332731663,0.0,
Georgia,2017,300,Asia,23424823,Asia,Western Asia,34784981398,27754830046.0,34784981398,100.0,79.79
Germany,2017,300,Europe,23424829,Europe,Western Europe,1611791170073,,3165479473288,50.92,
Greece,2017,300,Europe,23424833,Europe,Southern Europe,177070429044,161004459111.0,214317843184,82.62,75.12
Grenada,2017,300,North America,23424826,Americas,Caribbean,1171804102,1171804102.0,1171804102,100.0,100.0
Guam,2017,300,Oceania,23424832,Oceania,Micronesia,6509183558,,6509183558,100.0,
Guatemala,2017,300,North America,23424834,Americas,Central America,115433572285,115367620660.0,115476633267,99.96,99.91
Heard I. and McDonald Islands,2017,300,Seven seas (open ocean),28289411,Seven seas (open ocean),Seven seas (open ocean),0,,0,,
Honduras,2017,300,North America,23424841,Americas,Central America,36731840890,33938677167.0,36812951680,99.78,92.19
Iceland,2017,300,Europe,23424845,Europe,Northern Europe,13711327156,13710570121.0,13711327156,100.0,99.99
India,2017,300,Asia,23424848,Asia,Southern Asia,1288623737,5366854.0,7394912039444,0.02,0.0
Indonesia,2017,300,Asia,23424846,Asia,South-Eastern Asia,2405821318227,2403845196527.0,2601306197915,92.49,92.41
Iran,2017,300,Asia,23424851,Asia,Southern Asia,744460689968,70190906908.0,1329857822854,55.98,5.28
Iraq,2017,300,Asia,23424855,Asia,Western Asia,12476845617,338137149.0,531936831976,2.35,0.06
Israel,2017,300,Asia,23424852,Asia,Western Asia,219395507643,,221373471220,99.11,
Italy,2017,300,Europe,23424853,Europe,Southern Europe,951675078990,817575942530.0,1688582438061,56.36,48.42
Japan,2017,300,Asia,23424856,Asia,Eastern Asia,4361469947832,4313404963819.0,4361535171774,100.0,98.9
Jordan,2017,300,Asia,23424860,Asia,Western Asia,72904651907,,74357546525,98.05,
Kenya,2017,300,Africa,23424863,Africa,Eastern Africa,110518168575,83503042797.0,111579926222,99.05,74.84
Lao PDR,2017,300,Asia,23424872,Asia,South-Eastern Asia,1226566847,,35402610092,3.46,
Lebanon,2017,300,Asia,23424873,Asia,Western Asia,57123805747,,57123805747,100.0,
Libya,2017,300,Africa,23424882,Africa,Northern Africa,9858465,,103811211368,0.01,
Luxembourg,2017,300,Europe,23424881,Europe,Western Europe,43678372103,,43678372103,100.0,
Madagascar,2017,300,Africa,23424883,Africa,Eastern Africa,171664459,,36106662097,0.48,
Malawi,2017,300,Africa,23424889,Africa,Eastern Africa,1449957004,1449957004.0,17612171054,8.23,8.23
Malaysia,2017,300,Asia,23424901,Asia,South-Eastern Asia,6311389154,2695275411.0,728592074926,0.87,0.37
Malta,2017,300,Europe,23424897,Europe,Southern Europe,13388726841,13388726841.0,13388726841,100.0,100.0
Mauritius,2017,300,Seven seas (open ocean),23424894,Africa,Eastern Africa,22805192623,22805192623.0,22805192623,100.0,100.0
Mexico,2017,300,North America,23424900,Americas,Central America,1431419348352,1206653768706.0,1771684195533,80.79,68.11
Mongolia,2017,300,Asia,23424887,Asia,Eastern Asia,1340671376,,32465174655,4.13,
Montserrat,2017,300,North America,23424888,Americas,Caribbean,24958762,24958762.0,24958762,100.0,100.0
Morocco,2017,300,Africa,23424893,Africa,Northern Africa,489678459,311523712.0,248253194515,0.2,0.13
Mozambique,2017,300,Africa,23424902,Africa,Eastern Africa,355246,355246.0,30236359829,0.0,0.0
Myanmar,2017,300,Asia,23424763,Asia,South-Eastern Asia,85861441863,9733937699.0,236271760296,36.34,4.12
Netherlands,2017,300,Europe,-90,Europe,Western Europe,671785251414,119419620.0,708340983292,94.84,0.02
New Caledonia,2017,300,Oceania,23424903,Oceania,Melanesia,61886329,61886329.0,5958757392,1.04,1.04
New Zealand,2017,300,Oceania,23424916,Oceania,Australia and New Zealand,98317201300,96548802408.0,123581364977,79.56,78.13
Nicaragua,2017,300,North America,23424915,Americas,Central America,29843726810,29838482149.0,30051987435,99.31,99.29
Niger,2017,300,Africa,23424906,Africa,Western Africa,670099989,,23487255389,2.85,
Nigeria,2017,300,Africa,23424908,Africa,Western Africa,131418584370,124298246639.0,915108749717,14.36,13.58
Northern Cyprus,2017,300,Asia,-90,Asia,Western Asia,7284454,,6432441191,0.11,
Northern Mariana Islands,2017,300,Oceania,23424788,Oceania,Micronesia,1603820599,1589824684.0,1603820599,100.0,99.13
Norway,2017,300,Europe,-90,Europe,Northern Europe,794382,,254654648959,0.0,
Oman,2017,300,Asia,23424898,Asia,Western Asia,29736249,,163394477490,0.02,
Palestine,2017,300,Asia,28289408,Asia,Western Asia,45751130050,,49904102344,91.68,
Panama,2017,300,North America,23424924,Americas,Central America,13078305623,4086790116.0,79877834542,16.37,5.12
Papua New Guinea,2017,300,Oceania,23424926,Oceania,Melanesia,16719993535,16700771330.0,18353325213,91.1,91.0
Peru,2017,300,South America,23424919,Americas,South America,44823075059,37404962664.0,345116811779,12.99,10.84
Philippines,2017,300,Asia,23424934,Asia,South-Eastern Asia,698898516925,698803222152.0,700940197330,99.71,99.7
Pitcairn Islands,2017,300,Oceania,23424918,Oceania,Polynesia,366839,,366839,100.0,
Portugal,2017,300,Europe,23424925,Europe,Southern Europe,4153382474,764830802.0,209401730541,1.98,0.37
Puerto Rico,2017,300,North America,23424935,Americas,Caribbean,6112763566,36992232.0,91826659085,6.66,0.04
Republic of Cabo Verde,2017,300,Africa,23424794,Africa,Western Africa,2569765265,2569765265.0,2569765265,100.0,100.0
Republic of Korea,2017,300,Asia,23424868,Asia,Eastern Asia,1768635516717,120527917273.0,1768980918861,99.98,6.81
Russian Federation,2017,300,Europe,23424936,Europe,Eastern Europe,206462326163,4109607192.0,2270315125468,9.09,0.18
Rwanda,2017,300,Africa,23424937,Africa,Eastern Africa,19214679905,19214679905.0,19214679905,100.0,100.0
Saint Helena,2017,300,Seven seas (open ocean),23424944,Africa,Western Africa,9956116,,48192692,20.66,
Saint Kitts and Nevis,2017,300,North America,23424940,Americas,Caribbean,988399244,988399244.0,988399244,100.0,100.0
Saint Lucia,2017,300,North America,23424951,Americas,Caribbean,1756423911,1756423911.0,1756423911,100.0,100.0
Saint Vincent and the Grenadines,2017,300,North America,23424981,Americas,Caribbean,552690635,552690635.0,552690635,100.0,100.0
Saint-Barthélemy,2017,300,North America,56042304,Americas,Caribbean,213220366,213220366.0,213220366,100.0,100.0
Saint-Martin,2017,300,North America,56042305,Americas,Caribbean,400281162,400281162.0,400281162,100.0,100.0
Samoa,2017,300,Oceania,23424992,Oceania,Polynesia,835578577,738944737.0,835578577,100.0,88.44
San Marino,2017,300,Europe,23424947,Europe,Southern Europe,1481392261,,1481392261,100.0,
Saudi Arabia,2017,300,Asia,23424938,Asia,Western Asia,635511992356,53081758420.0,1640718437584,38.73,3.24
Sint Maarten,2017,300,North America,-90,Americas,Caribbean,1072021019,1072021019.0,1072021019,100.0,100.0
Solomon Islands,2017,300,Oceania,23424766,Oceania,Melanesia,1111314508,1111314508.0,1120306497,99.2,99.2
Somaliland,2017,300,Africa,-99,Africa,Eastern Africa,7852081326,3734733045.0,17166462312,45.74,21.76
South Africa,2017,300,Africa,23424942,Africa,Southern Africa,0,,617411293990,0.0,
South Georgia and the Islands,2017,300,Seven seas (open ocean),23424955,Seven seas (open ocean),Seven seas (open ocean),0,,0,,
South Sudan,2017,300,Africa,-99,Africa,Eastern Africa,3142385760,,21391867099,14.69,
Spain,2017,300,Europe,23424950,Europe,Southern Europe,923605545017,34773277582.0,1299575093388,71.07,2.68
Sudan,2017,300,Africa,-90,Africa,Northern Africa,45656902554,,149137211690,30.61,
Switzerland,2017,300,Europe,23424957,Europe,Western Europe,155235352037,,391346989560,39.67,
Syria,2017,300,Asia,23424956,Asia,Western Asia,52908396198,,58367736478,90.65,
São Tomé and Principe,2017,300,Africa,23424966,Africa,Middle Africa,6842413,,585281986,1.17,
Taiwan,2017,300,Asia,23424971,Asia,Eastern Asia,538913632086,,539087314000,99.97,
Tanzania,2017,300,Africa,23424973,Africa,Eastern Africa,45285967258,27501286834.0,124794438688,36.29,22.04
Timor-Leste,2017,300,Asia,23424968,Asia,South-Eastern Asia,2345835261,2345835261.0,2345835261,100.0,100.0
Tonga,2017,300,Oceania,23424964,Oceania,Polynesia,447393275,447393275.0,447393275,100.0,100.0
Trinidad and Tobago,2017,300,North America,23424958,Americas,Caribbean,34535726386,34535726386.0,34535726386,100.0,100.0
Tunisia,2017,300,Africa,23424967,Africa,Northern Africa,91179927021,,101604245014,89.74,
Turkey,2017,300,Asia,23424969,Asia,Western Asia,1383782602252,146758407469.0,1432519601042,96.6,10.24
Turkmenistan,2017,300,Asia,23424972,Asia,Central Asia,36067784,,84724603181,0.04,
Uganda,2017,300,Africa,23424974,Africa,Eastern Africa,49661246023,8407564959.0,53797959271,92.31,15.63
United States,2017,300,North America,23424977,Americas,Northern America,4089797506480,323118712993.0,15475700401132,26.43,2.09
United States Virgin Islands,2017,300,North America,23424985,Americas,Caribbean,4181191019,4181191019.0,4181191019,100.0,100.0
Vanuatu,2017,300,Oceania,23424907,Oceania,Melanesia,633032988,633032988.0,633032988,100.0,100.0
Vatican,2017,300,Europe,23424986,Europe,Southern Europe,331414101,331414101.0,331414101,100.0,100.0
Venezuela,2017,300,South America,23424982,Americas,South America,6780368217,6385912517.0,352619986602,1.92,1.81
Vietnam,2017,300,Asia,23424984,Asia,South-Eastern Asia,346836365059,319774275989.0,504778023367,68.71,63.35
Wallis and Futuna Islands,2017,300,Oceania,23424989,Oceania,Polynesia,161390618,83607067.0,161390618,100.0,51.8
Yemen,2017,300,Asia,23425002,Asia,Western Asia,56553717530,46454535416.0,56633493675,99.86,82.03
Zambia,2017,300,Africa,23425003,Africa,Eastern Africa,1061010817,787301264.0,54180522451,1.96,1.45
Algeria,2018,300,Africa,23424740,Africa,Northern Africa,2003024718,,511771585028,0.39,
American Samoa,2018,300,Oceania,23424746,Oceania,Polynesia,609757217,609757217.0,609757217,100.0,100.0
Andorra,2018,300,Europe,23424744,Europe,Southern Europe,4407536623,,4407536623,100.0,
Anguilla,2018,300,North America,23424751,Americas,Caribbean,257316607,257316607.0,257316607,100.0,100.0
Antarctica,2018,300,Antarctica,28289409,Antarctica,Antarctica,0,0.0,0,,
Antigua and Barbuda,2018,300,North America,23424737,Americas,Caribbean,1879367710,1879367710.0,1879367710,100.0,100.0
Argentina,2018,300,South America,23424747,Americas,South America,98003506367,18473794968.0,703656277352,13.93,2.63
Armenia,2018,300,Asia,23424743,Asia,Western Asia,27590423635,27590423635.0,27590423635,100.0,100.0
Australia,2018,300,Oceania,-90,Oceania,Australia and New Zealand,264040451238,,933728316825,28.28,
Azerbaijan,2018,300,Asia,23424741,Asia,Western Asia,24474417992,16259539002.0,133564125280,18.32,12.17
Bangladesh,2018,300,Asia,23424759,Asia,Southern Asia,35789958,,539691686722,0.01,
Barbados,2018,300,North America,23424754,Americas,Caribbean,3221728984,3221728984.0,3221728984,100.0,100.0
Belgium,2018,300,Europe,23424757,Europe,Western Europe,418620252431,,423782652352,98.78,
Belize,2018,300,North America,23424760,Americas,Central America,1248950585,66751242.0,1732840403,72.08,3.85
Bolivia,2018,300,South America,23424762,Americas,South America,31063245520,23713433644.0,69754708678,44.53,34.0
British Virgin Islands,2018,300,North America,23424983,Americas,Caribbean,851880697,851880697.0,851880697,100.0,100.0
Burundi,2018,300,Africa,23424774,Africa,Eastern Africa,6144498812,5968705995.0,6144498812,100.0,97.14
Cambodia,2018,300,Asia,23424776,Asia,South-Eastern Asia,244287262,995896.0,55000980108,0.44,0.0
Cameroon,2018,300,Africa,23424785,Africa,Middle Africa,64070068479,63989473773.0,72056530566,88.92,88.8
Canada,2018,300,North America,23424775,Americas,Northern America,118605053461,7779843377.0,1462228920221,8.11,0.53
Central African Republic,2018,300,Africa,23424792,Africa,Middle Africa,1128948,,3185477316,0.04,
Chad,2018,300,Africa,23424777,Africa,Middle Africa,1153731158,,23268506590,4.96,
Chile,2018,300,South America,23424782,Americas,South America,311724073734,295337581321.0,318767107956,97.79,92.65
China,2018,300,Asia,23424781,Asia,Eastern Asia,1943229499782,168803895400.0,20241821658371,9.6,0.83
Colombia,2018,300,South America,23424787,Americas,South America,433999007425,433473073527.0,583573253298,74.37,74.28
Comoros,2018,300,Africa,23424786,Africa,Eastern Africa,1571463783,1571463783.0,1571463783,100.0,100.0
Costa Rica,2018,300,North America,23424791,Americas,Central America,71384325225,71384325225.0,71384325246,100.0,100.0
Dem. Rep. Korea,2018,300,Asia,23424865,Asia,Eastern Asia,46371793802,16260109520.0,47673257626,97.27,34.11
Democratic Republic of the Congo,2018,300,Africa,23424780,Africa,Middle Africa,4249906074,3081678467.0,60521760108,7.02,5.09
Djibouti,2018,300,Africa,23424797,Africa,Eastern Africa,3201499760,3201499760.0,3201499760,100.0,100.0
Dominica,2018,300,North America,23424798,Americas,Caribbean,595039463,595039463.0,595039463,100.0,100.0
Ecuador,2018,300,South America,23424801,Americas,South America,148901285601,148901230689.0,148961759899,99.96,99.96
Egypt,2018,300,Africa,23424802,Africa,Northern Africa,1393368,,915611034904,0.0,
El Salvador,2018,300,North America,23424807,Americas,Central America,41983953933,41983953933.0,41983953933,100.0,100.0
Equatorial Guinea,2018,300,Africa,23424804,Africa,Middle Africa,17076125702,15457029137.0,19869421113,85.94,77.79
Eritrea,2018,300,Africa,23424806,Africa,Eastern Africa,6871333115,1907241415.0,7726460696,88.93,24.68
Ethiopia,2018,300,Africa,23424808,Africa,Eastern Africa,153019038317,136892789753.0,170665471037,89.66,80.21
Fiji,2018,300,Oceania,23424813,Oceania,Melanesia,0,,7700555992,0.0,
France,2018,300,Europe,-90,Europe,Western Europe,971782600960,40029902510.0,2169295634187,44.8,1.85
French Polynesia,2018,300,Oceania,23424817,Oceania,Polynesia,8355435210,,8447424447,98.91,
French Southern and Antarctic Lands,2018,300,Seven seas (open ocean),28289406,Seven seas (open ocean),Seven seas (open ocean),0,,0,,
Gabon,2018,300,Africa,23424822,Africa,Middle Africa,735421,,25281312776,0.0,
Georgia,2018,300,Asia,23424823,Asia,Western Asia,36308517934,28383325479.0,36308517934,100.0,78.17
Germany,2018,300,Europe,23424829,Europe,Western Europe,1650249592297,,3214031229597,51.35,
Greece,2018,300,Europe,23424833,Europe,Southern Europe,178897436249,163496807783.0,216894008372,82.48,75.38
Grenada,2018,300,North America,23424826,Americas,Caribbean,1221128902,1221128902.0,1221128902,100.0,100.0
Guam,2018,300,Oceania,23424832,Oceania,Micronesia,6599552986,,6599552986,100.0,
Guatemala,2018,300,North America,23424834,Americas,Central America,119683612919,119620435033.0,119727758803,99.96,99.91
Heard I. and McDonald Islands,2018,300,Seven seas (open ocean),28289411,Seven seas (open ocean),Seven seas (open ocean),0,,0,,
Honduras,2018,300,North America,23424841,Americas,Central America,38141057974,35453193809.0,38229667343,99.77,92.74
Iceland,2018,300,Europe,23424845,Europe,Northern Europe,13700603159,13696213183.0,13700603159,100.0,99.97
India,2018,300,Asia,23424848,Asia,Southern Asia,1470909424,5715790.0,7876027913544,0.02,0.0
Indonesia,2018,300,Asia,23424846,Asia,South-Eastern Asia,2544401279369,2542406420159.0,2744214785034,92.72,92.65
Iran,2018,300,Asia,23424851,Asia,Southern Asia,711283600502,62766394125.0,1250602192182,56.88,5.02
Iraq,2018,300,Asia,23424855,Asia,Western Asia,15542496008,302008418.0,525627835952,2.96,0.06
Israel,2018,300,Asia,23424852,Asia,Western Asia,226332857906,,228390002575,99.1,
Italy,2018,300,Europe,23424853,Europe,Southern Europe,966216971758,829941834535.0,1705774962787,56.64,48.65
Japan,2018,300,Asia,23424856,Asia,Eastern Asia,4373529727522,4322477023419.0,4373593404123,100.0,98.83
Jordan,2018,300,Asia,23424860,Asia,Western Asia,74417630728,,75794673101,98.18,
Kenya,2018,300,Africa,23424863,Africa,Eastern Africa,117471506969,87779999975.0,118620058862,99.03,74.0
Lao PDR,2018,300,Asia,23424872,Asia,South-Eastern Asia,1222665989,,37649721983,3.25,
Lebanon,2018,300,Asia,23424873,Asia,Western Asia,56060403429,,56060403429,100.0,
Libya,2018,300,Africa,23424882,Africa,Northern Africa,12312017,,119410487171,0.01,
Luxembourg,2018,300,Europe,23424881,Europe,Western Europe,45176317440,,45176317440,100.0,
Madagascar,2018,300,Africa,23424883,Africa,Eastern Africa,182988380,,37251149209,0.49,
Malawi,2018,300,Africa,23424889,Africa,Eastern Africa,1565171056,1565171056.0,18399498338,8.51,8.51
Malaysia,2018,300,Asia,23424901,Asia,South-Eastern Asia,6048508321,2535351275.0,764156612957,0.79,0.33
Malta,2018,300,Europe,23424897,Europe,Southern Europe,13670017062,13670017062.0,13670017062,100.0,100.0
Mauritius,2018,300,Seven seas (open ocean),23424894,Africa,Eastern Africa,23704753288,23704753288.0,23704753288,100.0,100.0
Mexico,2018,300,North America,23424900,Americas,Central America,1448816063350,1216621973364.0,1810299965073,80.03,67.21
Mongolia,2018,300,Asia,23424887,Asia,Eastern Asia,1324292960,,34820534604,3.8,
Montserrat,2018,300,North America,23424888,Americas,Caribbean,23975030,23975030.0,23975030,100.0,100.0
Morocco,2018,300,Africa,23424893,Africa,Northern Africa,487869809,303469220.0,255579066640,0.19,0.12
Mozambique,2018,300,Africa,23424902,Africa,Eastern Africa,358487,358487.0,31244166411,0.0,0.0
Myanmar,2018,300,Asia,23424763,Asia,South-Eastern Asia,90531653104,9850093853.0,252014658315,35.92,3.91
Netherlands,2018,300,Europe,-90,Europe,Western Europe,683920132732,115115909.0,721998777412,94.73,0.02
New Caledonia,2018,300,Oceania,23424903,Oceania,Melanesia,60536586,60536586.0,6254044129,0.97,0.97
New Zealand,2018,300,Oceania,23424916,Oceania,Australia and New Zealand,97897751494,96186446339.0,126364365461,77.47,76.12
Nicaragua,2018,300,North America,23424915,Americas,Central America,28838435270,28832919423.0,29046576584,99.28,99.26
Niger,2018,300,Africa,23424906,Africa,Western Africa,662073651,,25194987379,2.63,
Nigeria,2018,300,Africa,23424908,Africa,Western Africa,124187330527,117230207405.0,933575433747,13.3,12.56
Northern Cyprus,2018,300,Asia,-90,Asia,Western Asia,7117846,,6696732929,0.11,
Northern Mariana Islands,2018,300,Oceania,23424788,Oceania,Micronesia,1606610517,1593289197.0,1606610517,100.0,99.17
Norway,2018,300,Europe,-90,Europe,Northern Europe,743215,,258898132413,0.0,
Oman,2018,300,Asia,23424898,Asia,Western Asia,28847737,,165152658545,0.02,
Palestine,2018,300,Asia,28289408,Asia,Western Asia,47193720593,,51242848106,92.1,
Panama,2018,300,North America,23424924,Americas,Central America,13332400124,4245799855.0,82715008048,16.12,5.13
Papua New Guinea,2018,300,Oceania,23424926,Oceania,Melanesia,16682992618,16664485515.0,18304202498,91.14,91.04
Peru,2018,300,South America,23424919,Americas,South America,42349283269,35608192165.0,358844212481,11.8,9.92
Philippines,2018,300,Asia,23424934,Asia,South-Eastern Asia,744142047853,744043237828.0,746291018161,99.71,99.7
Pitcairn Islands,2018,300,Oceania,23424918,Oceania,Polynesia,363639,,363639,100.0,
Portugal,2018,300,Europe,23424925,Europe,Southern Europe,4583211373,859008955.0,214408426475,2.14,0.4
Puerto Rico,2018,300,North America,23424935,Americas,Caribbean,5498312350,30801576.0,88053113613,6.24,0.03
Republic of Cabo Verde,2018,300,Africa,23424794,Africa,Western Africa,2703072863,2703072863.0,2703072863,100.0,100.0
Republic of Korea,2018,300,Asia,23424868,Asia,Eastern Asia,1814766940623,118091145202.0,1815147722083,99.98,6.51
Russian Federation,2018,300,Europe,23424936,Europe,Eastern Europe,138657335367,3204824414.0,2340848977754,5.92,0.14
Rwanda,2018,300,Africa,23424937,Africa,Eastern Africa,20838300978,20838300978.0,20838300978,100.0,100.0
Saint Helena,2018,300,Seven seas (open ocean),23424944,Africa,Western Africa,10140802,,48576265,20.88,
Saint Kitts and Nevis,2018,300,North America,23424940,Americas,Caribbean,1018802252,1018802252.0,1018802252,100.0,100.0
Saint Lucia,2018,300,North America,23424951,Americas,Caribbean,1798439837,1798439837.0,1798439837,100.0,100.0
Saint Vincent and the Grenadines,2018,300,North America,23424981,Americas,Caribbean,567732711,567732711.0,567732711,100.0,100.0
Saint-Barthélemy,2018,300,North America,56042304,Americas,Caribbean,213907200,213907200.0,213907200,100.0,100.0
Saint-Martin,2018,300,North America,56042305,Americas,Caribbean,385558291,385558291.0,385558291,100.0,100.0
Samoa,2018,300,Oceania,23424992,Oceania,Polynesia,802441779,713208251.0,802441779,100.0,88.88
San Marino,2018,300,Europe,23424947,Europe,Southern Europe,1493616605,,1493616605,100.0,
Saudi Arabia,2018,300,Asia,23424938,Asia,Western Asia,659086495467,54216182779.0,1679730929559,39.24,3.23
Sint Maarten,2018,300,North America,-90,Americas,Caribbean,1032182473,1032182473.0,1032182473,100.0,100.0
Solomon Islands,2018,300,Oceania,23424766,Oceania,Melanesia,1153317660,1153317660.0,1162617063,99.2,99.2
Somaliland,2018,300,Africa,-99,Africa,Eastern Africa,7640840417,3695078657.0,16855934724,45.33,21.92
South Africa,2018,300,Africa,23424942,Africa,Southern Africa,0,,622191162422,0.0,
South Georgia and the Islands,2018,300,Seven seas (open ocean),23424955,Seven seas (open ocean),Seven seas (open ocean),0,,0,,
South Sudan,2018,300,Africa,-99,Africa,Eastern Africa,3542752090,,22158615282,15.99,
Spain,2018,300,Europe,23424950,Europe,Southern Europe,948640043205,35814926584.0,1325554673061,71.57,2.7
Sudan,2018,300,Africa,-90,Africa,Northern Africa,47235087202,,153109077491,30.85,
Switzerland,2018,300,Europe,23424957,Europe,Western Europe,148047369861,,402811273874,36.75,
Syria,2018,300,Asia,23424956,Asia,Western Asia,52615801661,,58018801164,90.69,
São Tomé and Principe,2018,300,Africa,23424966,Africa,Middle Africa,6400259,,601607852,1.06,
Taiwan,2018,300,Asia,23424971,Asia,Eastern Asia,539903113697,,540070729814,99.97,
Tanzania,2018,300,Africa,23424973,Africa,Eastern Africa,45993437411,27672279478.0,131490157133,34.98,21.05
Timor-Leste,2018,300,Asia,23424968,Asia,South-Eastern Asia,2310469400,2310469400.0,2310469400,100.0,100.0
Tonga,2018,300,Oceania,23424964,Oceania,Polynesia,450257677,450257677.0,450257677,100.0,100.0
Trinidad and Tobago,2018,300,North America,23424958,Americas,Caribbean,34573913589,34573913589.0,34573913589,100.0,100.0
Tunisia,2018,300,Africa,23424967,Africa,Northern Africa,94467445007,,104791175574,90.15,
Turkey,2018,300,Asia,23424969,Asia,Western Asia,1429366783155,148053425833.0,1478526423354,96.68,10.01
Turkmenistan,2018,300,Asia,23424972,Asia,Central Asia,20391598,,89990541383,0.02,
Uganda,2018,300,Africa,23424974,Africa,Eastern Africa,52742419971,8849427109.0,57101435735,92.37,15.5
United States,2018,300,North America,23424977,Americas,Northern America,4276951636475,331301953819.0,15962086354673,26.79,2.08
United States Virgin Islands,2018,300,North America,23424985,Americas,Caribbean,4196422249,4196422249.0,4196422249,100.0,100.0
Vanuatu,2018,300,Oceania,23424907,Oceania,Melanesia,655372766,655372766.0,655372766,100.0,100.0
Vatican,2018,300,Europe,23424986,Europe,Southern Europe,359147422,359147422.0,359147422,100.0,100.0
Venezuela,2018,300,South America,23424982,Americas,South America,6315477928,5923934432.0,305345966552,2.07,1.94
Vietnam,2018,300,Asia,23424984,Asia,South-Eastern Asia,378450395503,349662083158.0,540618513486,70.0,64.68
Wallis and Futuna Islands,2018,300,Oceania,23424989,Oceania,Polynesia,159071885,88981259.0,159071885,100.0,55.94
Yemen,2018,300,Asia,23425002,Asia,Western Asia,54286506588,45636502143.0,54357551509,99.87,83.96
Zambia,2018,300,Africa,23425003,Africa,Eastern Africa,1135372248,862208217.0,56341207280,2.02,1.53
Algeria,2019,300,Africa,23424740,Africa,Northern Africa,2038470173,,520615023284,0.39,
American Samoa,2019,300,Oceania,23424746,Oceania,Polynesia,565616847,565616847.0,565616847,100.0,100.0
Andorra,2019,300,Europe,23424744,Europe,Southern Europe,4421834616,,4421834616,100.0,
Anguilla,2019,300,North America,23424751,Americas,Caribbean,246241527,246241527.0,246241527,100.0,100.0
Antarctica,2019,300,Antarctica,28289409,Antarctica,Antarctica,0,0.0,0,,
Antigua and Barbuda,2019,300,North America,23424737,Americas,Caribbean,2007927977,2007927977.0,2007927977,100.0,100.0
Argentina,2019,300,South America,23424747,Americas,South America,97917225943,19476353593.0,688308397087,14.23,2.83
Armenia,2019,300,Asia,23424743,Asia,Western Asia,29653884837,29653884837.0,29653884837,100.0,100.0
Australia,2019,300,Oceania,-90,Oceania,Australia and New Zealand,272495597455,,949684665212,28.69,
Azerbaijan,2019,300,Asia,23424741,Asia,Western Asia,25976456681,17440586103.0,137124017385,18.94,12.72
Bangladesh,2019,300,Asia,23424759,Asia,Southern Asia,37162856,,582373291657,0.01,
Barbados,2019,300,North America,23424754,Americas,Caribbean,2649077019,2649077019.0,2649077019,100.0,100.0
Belgium,2019,300,Europe,23424757,Europe,Western Europe,425593353317,,431117934328,98.72,
Belize,2019,300,North America,23424760,Americas,Central America,1272625829,60653488.0,1778909427,71.54,3.41
Bolivia,2019,300,South America,23424762,Americas,South America,32697390388,25196384463.0,71324643979,45.84,35.33
British Virgin Islands,2019,300,North America,23424983,Americas,Caribbean,952532756,952532756.0,952532756,100.0,100.0
Burundi,2019,300,Africa,23424774,Africa,Eastern Africa,6259046507,6093656377.0,6259046507,100.0,97.36
Cambodia,2019,300,Asia,23424776,Asia,South-Eastern Asia,258337099,588611.0,58521701351,0.44,0.0
Cameroon,2019,300,Africa,23424785,Africa,Middle Africa,65981103892,65894022350.0,74618771871,88.42,88.31
Canada,2019,300,North America,23424775,Americas,Northern America,155412337771,8560328815.0,1486438859574,10.46,0.58
Central African Republic,2019,300,Africa,23424792,Africa,Middle Africa,1188990,,3290976712,0.04,
Chad,2019,300,Africa,23424777,Africa,Middle Africa,1212206575,,24003909287,5.05,
Chile,2019,300,South America,23424782,Americas,South America,314560603855,298074873312.0,322069997212,97.67,92.55
China,2019,300,Asia,23424781,Asia,Eastern Asia,1872028081561,169007337175.0,21378321744316,8.76,0.79
Colombia,2019,300,South America,23424787,Americas,South America,445755104059,445041174702.0,603029009359,73.92,73.8
Comoros,2019,300,Africa,23424786,Africa,Eastern Africa,1576895055,1576895055.0,1576895055,100.0,100.0
Costa Rica,2019,300,North America,23424791,Americas,Central America,72883174529,72883174529.0,72883174568,100.0,100.0
Dem. Rep. Korea,2019,300,Asia,23424865,Asia,Eastern Asia,46910111910,16322340793.0,48381016911,96.96,33.74
Democratic Republic of the Congo,2019,300,Africa,23424780,Africa,Middle Africa,4584383873,3305778640.0,63264177086,7.25,5.23
Djibouti,2019,300,Africa,23424797,Africa,Eastern Africa,4265887719,4265887719.0,4265887719,100.0,100.0
Dominica,2019,300,North America,23424798,Americas,Caribbean,617282444,617282444.0,617282444,100.0,100.0
Ecuador,2019,300,South America,23424801,Americas,South America,149782964470,149782921962.0,149849557402,99.96,99.96
Egypt,2019,300,Africa,23424802,Africa,Northern Africa,1633646,,970072220564,0.0,
El Salvador,2019,300,North America,23424807,Americas,Central America,43013722317,43013722317.0,43013722317,100.0,100.0
Equatorial Guinea,2019,300,Africa,23424804,Africa,Middle Africa,16505195812,15069007554.0,19106442316,86.39,78.87
Eritrea,2019,300,Africa,23424806,Africa,Eastern Africa,6987950904,1950028415.0,7822140971,89.34,24.93
Ethiopia,2019,300,Africa,23424808,Africa,Eastern Africa,166292306863,149752462287.0,184887010183,89.94,81.0
Fiji,2019,300,Oceania,23424813,Oceania,Melanesia,0,,7262068533,0.0,
France,2019,300,Europe,-90,Europe,Western Europe,1044349018229,38926505066.0,2190429887499,47.68,1.78
French Polynesia,2019,300,Oceania,23424817,Oceania,Polynesia,8477002626,,8575376872,98.85,
French Southern and Antarctic Lands,2019,300,Seven seas (open ocean),28289406,Seven seas (open ocean),Seven seas (open ocean),0,,0,,
Gabon,2019,300,Africa,23424822,Africa,Middle Africa,653373,,25999884188,0.0,
Georgia,2019,300,Asia,23424823,Asia,Western Asia,38871247212,29926688627.0,38871247212,100.0,76.99
Germany,2019,300,Europe,23424829,Europe,Western Europe,1640136766844,,3240768842925,50.61,
Greece,2019,300,Europe,23424833,Europe,Southern Europe,178752204584,159862597247.0,218235332115,81.91,73.25
Grenada,2019,300,North America,23424826,Americas,Caribbean,1123818226,1123818226.0,1123818226,100.0,100.0
Guam,2019,300,Oceania,23424832,Oceania,Micronesia,6541920491,,6541920491,100.0,
Guatemala,2019,300,North America,23424834,Americas,Central America,124613461556,124549687180.0,124658973640,99.96,99.91
Heard I. and McDonald Islands,2019,300,Seven seas (open ocean),28289411,Seven seas (open ocean),Seven seas (open ocean),0,,0,,
Honduras,2019,300,North America,23424841,Americas,Central America,38980212017,36005576258.0,39065342923,99.78,92.17
Iceland,2019,300,Europe,23424845,Europe,Northern Europe,14032086361,14031601131.0,14032086361,100.0,100.0
India,2019,300,Asia,23424848,Asia,Southern Asia,1447537917,5566543.0,8171859520217,0.02,0.0
Indonesia,2019,300,Asia,23424846,Asia,South-Eastern Asia,2660293891694,2658077908494.0,2882228320553,92.3,92.22
Iran,2019,300,Asia,23424851,Asia,Southern Asia,651894211208,60847536081.0,1162655318784,56.07,5.23
Iraq,2019,300,Asia,23424855,Asia,Western Asia,20781004771,355853120.0,548902779931,3.79,0.06
Israel,2019,300,Asia,23424852,Asia,Western Asia,233604292453,,236093427091,98.95,
Italy,2019,300,Europe,23424853,Europe,Southern Europe,995240655299,857093408905.0,1722541332433,57.78,49.76
Japan,2019,300,Asia,23424856,Asia,Eastern Asia,4370350207735,4317497880325.0,4370428168962,100.0,98.79
Jordan,2019,300,Asia,23424860,Asia,Western Asia,75900621579,,77300228574,98.19,
Kenya,2019,300,Africa,23424863,Africa,Eastern Africa,123833561115,94967246821.0,124886156961,99.16,76.04
Lao PDR,2019,300,Asia,23424872,Asia,South-Eastern Asia,1336807645,,39819824019,3.36,
Lebanon,2019,300,Asia,23424873,Asia,Western Asia,57524106361,,57524106361,100.0,
Libya,2019,300,Africa,23424882,Africa,Northern Africa,10869398,,122792225678,0.01,
Luxembourg,2019,300,Europe,23424881,Europe,Western Europe,45873213257,,45873213257,100.0,
Madagascar,2019,300,Africa,23424883,Africa,Eastern Africa,172750070,,38833328479,0.44,
Malawi,2019,300,Africa,23424889,Africa,Eastern Africa,1759400246,1759400246.0,19452008740,9.04,9.04
Malaysia,2019,300,Asia,23424901,Asia,South-Eastern Asia,8041404124,3153994318.0,790623585431,1.02,0.4
Malta,2019,300,Europe,23424897,Europe,Southern Europe,14171629619,14171629619.0,14171629619,100.0,100.0
Mauritius,2019,300,Seven seas (open ocean),23424894,Africa,Eastern Africa,24417981595,24417981595.0,24417981595,100.0,100.0
Mexico,2019,300,North America,23424900,Americas,Central America,1429850004794,1192743316085.0,1805190563062,79.21,66.07
Mongolia,2019,300,Asia,23424887,Asia,Eastern Asia,1204902644,,36633840799,3.29,
Montserrat,2019,300,North America,23424888,Americas,Caribbean,44524465,44524465.0,44524465,100.0,100.0
Morocco,2019,300,Africa,23424893,Africa,Northern Africa,520515320,290536391.0,262332748937,0.2,0.11
Mozambique,2019,300,Africa,23424902,Africa,Eastern Africa,391235,391235.0,31984306394,0.0,0.0
Myanmar,2019,300,Asia,23424763,Asia,South-Eastern Asia,93380191911,9929869286.0,255641466998,36.53,3.88
Netherlands,2019,300,Europe,-90,Europe,Western Europe,693797835211,117575251.0,730537076885,94.97,0.02
New Caledonia,2019,300,Oceania,23424903,Oceania,Melanesia,66380087,66380087.0,6844669761,0.97,0.97
New Zealand,2019,300,Oceania,23424916,Oceania,Australia and New Zealand,103884180621,101884517964.0,130898299216,79.36,77.83
Nicaragua,2019,300,North America,23424915,Americas,Central America,27738328350,27732580679.0,27947062845,99.25,99.23
Niger,2019,300,Africa,23424906,Africa,Western Africa,655246299,,26680928713,2.46,
Nigeria,2019,300,Africa,23424908,Africa,Western Africa,124881666260,119829778456.0,951305968492,13.13,12.6
Northern Cyprus,2019,300,Asia,-90,Asia,Western Asia,9090400,,6413677344,0.14,
Northern Mariana Islands,2019,300,Oceania,23424788,Oceania,Micronesia,1574669640,1554356043.0,1574669640,100.0,98.71
Norway,2019,300,Europe,-90,Europe,Northern Europe,746735,,258719089000,0.0,
Oman,2019,300,Asia,23424898,Asia,Western Asia,29238170,,162764518532,0.02,
Palestine,2019,300,Asia,28289408,Asia,Western Asia,46633850549,,52478179033,88.86,
Panama,2019,300,North America,23424924,Americas,Central America,14080094179,4502602916.0,85954254054,16.38,5.24
Papua New Guinea,2019,300,Oceania,23424926,Oceania,Melanesia,17654617308,17636207526.0,19314925235,91.4,91.31
Peru,2019,300,South America,23424919,Americas,South America,42147588625,35272644165.0,365762381269,11.52,9.64
Philippines,2019,300,Asia,23424934,Asia,South-Eastern Asia,790275247456,790184376187.0,792890456440,99.67,99.66
Pitcairn Islands,2019,300,Oceania,23424918,Oceania,Polynesia,360162,,360162,100.0,
Portugal,2019,300,Europe,23424925,Europe,Southern Europe,4464831190,716294908.0,212879137420,2.1,0.34
Puerto Rico,2019,300,North America,23424935,Americas,Caribbean,6848362274,40412369.0,86395206154,7.93,0.05
Republic of Cabo Verde,2019,300,Africa,23424794,Africa,Western Africa,2751822179,2751822179.0,2751822179,100.0,100.0
Republic of Korea,2019,300,Asia,23424868,Asia,Eastern Asia,1839219084371,118181372024.0,1839660238082,99.98,6.42
Russian Federation,2019,300,Europe,23424936,Europe,Eastern Europe,171464584059,3360247574.0,2391517654429,7.17,0.14
Rwanda,2019,300,Africa,23424937,Africa,Eastern Africa,22832086899,22832086899.0,22832086899,100.0,100.0
Saint Helena,2019,300,Seven seas (open ocean),23424944,Africa,Western Africa,14148909,,25366149,55.78,
Saint Kitts and Nevis,2019,300,North America,23424940,Americas,Caribbean,1016653670,1016653670.0,1016653670,100.0,100.0
Saint Lucia,2019,300,North America,23424951,Americas,Caribbean,1940753166,1940753166.0,1940753166,100.0,100.0
Saint Vincent and the Grenadines,2019,300,North America,23424981,Americas,Caribbean,397898146,397898146.0,397898146,100.0,100.0
Saint-Barthélemy,2019,300,North America,56042304,Americas,Caribbean,230996151,230996151.0,230996151,100.0,100.0
Saint-Martin,2019,300,North America,56042305,Americas,Caribbean,392749104,392749104.0,392749104,100.0,100.0
Samoa,2019,300,Oceania,23424992,Oceania,Polynesia,922182605,825640527.0,922182605,100.0,89.53
San Marino,2019,300,Europe,23424947,Europe,Southern Europe,1605026525,,1605026525,100.0,
Saudi Arabia,2019,300,Asia,23424938,Asia,Western Asia,666761231731,59278633545.0,1683311365415,39.61,3.52
Sint Maarten,2019,300,North America,-90,Americas,Caribbean,941935978,941935978.0,941935978,100.0,100.0
Solomon Islands,2019,300,Oceania,23424766,Oceania,Melanesia,1207209382,1207209382.0,1214767178,99.38,99.38
Somaliland,2019,300,Africa,-99,Africa,Eastern Africa,7389058861,3360149266.0,15915364445,46.43,21.11
South Africa,2019,300,Africa,23424942,Africa,Southern Africa,0,,622252822267,0.0,
South Georgia and the Islands,2019,300,Seven seas (open ocean),23424955,Seven seas (open ocean),Seven seas (open ocean),0,,0,,
South Sudan,2019,300,Africa,-99,Africa,Eastern Africa,3889802330,,22436240266,17.34,
Spain,2019,300,Europe,23424950,Europe,Southern Europe,939742977825,37618796283.0,1327987265364,70.76,2.83
Sudan,2019,300,Africa,-90,Africa,Northern Africa,46419644025,,150443639501,30.86,
Switzerland,2019,300,Europe,23424957,Europe,Western Europe,141951809269,,409653496346,34.65,
Syria,2019,300,Asia,23424956,Asia,Western Asia,53964863919,,58878410488,91.65,
São Tomé and Principe,2019,300,Africa,23424966,Africa,Middle Africa,6370301,,640313145,0.99,
Taiwan,2019,300,Asia,23424971,Asia,Eastern Asia,540782858403,,540943265299,99.97,
Tanzania,2019,300,Africa,23424973,Africa,Eastern Africa,48176731310,29149461002.0,139654172487,34.5,20.87
Timor-Leste,2019,300,Asia,23424968,Asia,South-Eastern Asia,2769265421,2769265421.0,2769265421,100.0,100.0
Tonga,2019,300,Oceania,23424964,Oceania,Polynesia,458979378,458979378.0,458979378,100.0,100.0
Trinidad and Tobago,2019,300,North America,23424958,Americas,Caribbean,33828976768,33828976768.0,33828976768,100.0,100.0
Tunisia,2019,300,Africa,23424967,Africa,Northern Africa,92462735798,,105154769312,87.93,
Turkey,2019,300,Asia,23424969,Asia,Western Asia,1426281021563,153666710002.0,1486379227411,95.96,10.34
Turkmenistan,2019,300,Asia,23424972,Asia,Central Asia,26391387,,95531154013,0.03,
Uganda,2019,300,Africa,23424974,Africa,Eastern Africa,56919868774,8388817716.0,61035040774,93.26,13.74
United States,2019,300,North America,23424977,Americas,Northern America,4464700106448,363519177540.0,16343182864921,27.32,2.22
United States Virgin Islands,2019,300,North America,23424985,Americas,Caribbean,4072099434,4072099434.0,4072099434,100.0,100.0
Vanuatu,2019,300,Oceania,23424907,Oceania,Melanesia,644214971,644214971.0,644214971,100.0,100.0
Vatican,2019,300,Europe,23424986,Europe,Southern Europe,377962056,377962056.0,377962056,100.0,100.0
Venezuela,2019,300,South America,23424982,Americas,South America,6323469989,5935751781.0,300453461165,2.1,1.98
Vietnam,2019,300,Asia,23424984,Asia,South-Eastern Asia,406892702136,374583104927.0,577801052323,70.42,64.83
Wallis and Futuna Islands,2019,300,Oceania,23424989,Oceania,Polynesia,176799603,80375191.0,176799603,100.0,45.46
Yemen,2019,300,Asia,23425002,Asia,Western Asia,55586868414,46570197018.0,55653064839,99.88,83.68
Zambia,2019,300,Africa,23425003,Africa,Eastern Africa,1297260413,960085130.0,57086197098,2.27,1.68
Algeria,2020,300,Africa,23424740,Africa,Northern Africa,1980122097,,512219586408,0.39,
American Samoa,2020,300,Oceania,23424746,Oceania,Polynesia,570666235,570666235.0,570666235,100.0,100.0
Andorra,2020,300,Europe,23424744,Europe,Southern Europe,4505290562,,4505290562,100.0,
Anguilla,2020,300,North America,23424751,Americas,Caribbean,248460330,248460330.0,248460330,100.0,100.0
Antarctica,2020,300,Antarctica,28289409,Antarctica,Antarctica,0,0.0,0,,
Antigua and Barbuda,2020,300,North America,23424737,Americas,Caribbean,1843200304,1843200304.0,1843200304,100.0,100.0
Argentina,2020,300,South America,23424747,Americas,South America,95925763118,19294783077.0,671404046293,14.29,2.87
Armenia,2020,300,Asia,23424743,Asia,Western Asia,28872368154,28872368154.0,28872368154,100.0,100.0
Australia,2020,300,Oceania,-90,Oceania,Australia and New Zealand,281018613090,,969598882187,28.98,
Azerbaijan,2020,300,Asia,23424741,Asia,Western Asia,26492364334,17273847547.0,134798514864,19.65,12.81
Bangladesh,2020,300,Asia,23424759,Asia,Southern Asia,39203207,,606806978961,0.01,
Barbados,2020,300,North America,23424754,Americas,Caribbean,2460329417,2460329417.0,2460329417,100.0,100.0
Belgium,2020,300,Europe,23424757,Europe,Western Europe,418426061648,,424151957316,98.65,
Belize,2020,300,North America,23424760,Americas,Central America,1175880388,52599789.0,1618149632,72.67,3.25
Bolivia,2020,300,South America,23424762,Americas,South America,31641881653,24285147317.0,69493483520,45.53,34.95
British Virgin Islands,2020,300,North America,23424983,Americas,Caribbean,943551183,943551183.0,943551183,100.0,100.0
Burundi,2020,300,Africa,23424774,Africa,Eastern Africa,6333223769,6172737946.0,6333223769,100.0,97.47
Cambodia,2020,300,Asia,23424776,Asia,South-Eastern Asia,265267960,663026.0,58045721962,0.46,0.0
Cameroon,2020,300,Africa,23424785,Africa,Middle Africa,66931466805,66845149448.0,76130017605,87.92,87.8
Canada,2020,300,North America,23424775,Americas,Northern America,117290444528,7857284477.0,1482696939290,7.91,0.53
Central African Republic,2020,300,Africa,23424792,Africa,Middle Africa,1338604,,3288582721,0.04,
Chad,2020,300,Africa,23424777,Africa,Middle Africa,1226388223,,23944688123,5.12,
Chile,2020,300,South America,23424782,Americas,South America,317209447243,299556155607.0,323603100706,98.02,92.57
China,2020,300,Asia,23424781,Asia,Eastern Asia,1951670075047,177574747471.0,22430937382663,8.7,0.79
Colombia,2020,300,South America,23424787,Americas,South America,443413966356,442782488012.0,594315771104,74.61,74.5
Comoros,2020,300,Africa,23424786,Africa,Eastern Africa,1630316353,1630316353.0,1630316353,100.0,100.0
Costa Rica,2020,300,North America,23424791,Americas,Central America,72109025089,72109025089.0,72109025131,100.0,100.0
Dem. Rep. Korea,2020,300,Asia,23424865,Asia,Eastern Asia,46853284406,16347750799.0,48352715642,96.9,33.81
Democratic Republic of the Congo,2020,300,Africa,23424780,Africa,Middle Africa,5503437010,4037630163.0,65049740563,8.46,6.21
Djibouti,2020,300,Africa,23424797,Africa,Eastern Africa,4356512167,4356512167.0,4356512167,100.0,100.0
Dominica,2020,300,North America,23424798,Americas,Caribbean,570701361,570701361.0,570701361,100.0,100.0
Ecuador,2020,300,South America,23424801,Americas,South America,144481500387,144481456163.0,144550937771,99.95,99.95
Egypt,2020,300,Africa,23424802,Africa,Northern Africa,1822098,,1005386155502,0.0,
El Salvador,2020,300,North America,23424807,Americas,Central America,42456151227,42456151227.0,42456151227,100.0,100.0
Equatorial Guinea,2020,300,Africa,23424804,Africa,Middle Africa,15883878206,14056235927.0,18858033411,84.23,74.54
Eritrea,2020,300,Africa,23424806,Africa,Eastern Africa,7132059564,2074490082.0,7984865605,89.32,25.98
Ethiopia,2020,300,Africa,23424808,Africa,Eastern Africa,172427564663,155639303843.0,192084718202,89.77,81.03
Fiji,2020,300,Oceania,23424813,Oceania,Melanesia,0,,6424965861,0.0,
France,2020,300,Europe,-90,Europe,Western Europe,991456185051,39031143241.0,2147297889629,46.17,1.82
French Polynesia,2020,300,Oceania,23424817,Oceania,Polynesia,8459014310,,8558605381,98.84,
French Southern and Antarctic Lands,2020,300,Seven seas (open ocean),28289406,Seven seas (open ocean),Seven seas (open ocean),0,,0,,
Gabon,2020,300,Africa,23424822,Africa,Middle Africa,1064773,,26127156159,0.0,
Georgia,2020,300,Asia,23424823,Asia,Western Asia,38921762589,30725088624.0,38921762589,100.0,78.94
Germany,2020,300,Europe,23424829,Europe,Western Europe,1648790722373,,3208876431637,51.38,
Greece,2020,300,Europe,23424833,Europe,Southern Europe,171874178459,153901189154.0,212475675795,80.89,72.43
Grenada,2020,300,North America,23424826,Americas,Caribbean,1062024354,1062024354.0,1062024354,100.0,100.0
Guam,2020,300,Oceania,23424832,Oceania,Micronesia,6530956138,,6530956138,100.0,
Guatemala,2020,300,North America,23424834,Americas,Central America,126733184351,126667880072.0,126779513676,99.96,99.91
Heard I. and McDonald Islands,2020,300,Seven seas (open ocean),28289411,Seven seas (open ocean),Seven seas (open ocean),0,,0,,
Honduras,2020,300,North America,23424841,Americas,Central America,37620539934,34659234661.0,37715313697,99.75,91.9
Iceland,2020,300,Europe,23424845,Europe,Northern Europe,13113508130,13109842007.0,13113508130,100.0,99.97
India,2020,300,Asia,23424848,Asia,Southern Asia,1434111878,5286675.0,8140934386472,0.02,0.0
Indonesia,2020,300,Asia,23424846,Asia,South-Eastern Asia,2656224086113,2653798066720.0,2886602315948,92.02,91.94
Iran,2020,300,Asia,23424851,Asia,Southern Asia,677664395228,63623740666.0,1209029896896,56.05,5.26
Iraq,2020,300,Asia,23424855,Asia,Western Asia,21622855980,346908124.0,527419710462,4.1,0.07
Israel,2020,300,Asia,23424852,Asia,Western Asia,233509646458,,236067814398,98.92,
Italy,2020,300,Europe,23424853,Europe,Southern Europe,982687329861,849606176327.0,1681719602630,58.43,50.52
Japan,2020,300,Asia,23424856,Asia,Eastern Asia,4442065761253,4390425209433.0,4442148524690,100.0,98.84
Jordan,2020,300,Asia,23424860,Asia,Western Asia,75705689502,,77072514710,98.23,
Kenya,2020,300,Africa,23424863,Africa,Eastern Africa,126499193113,96398282598.0,127719490803,99.04,75.48
Lao PDR,2020,300,Asia,23424872,Asia,South-Eastern Asia,1436435263,,40101837403,3.58,
Lebanon,2020,300,Asia,23424873,Asia,Western Asia,51892977825,,51892977825,100.0,
Libya,2020,300,Africa,23424882,Africa,Northern Africa,13864757,,142870432934,0.01,
Luxembourg,2020,300,Europe,23424881,Europe,Western Europe,46063412281,,46063412281,100.0,
Madagascar,2020,300,Africa,23424883,Africa,Eastern Africa,178838365,,38878924693,0.46,
Malawi,2020,300,Africa,23424889,Africa,Eastern Africa,1679110499,1679110499.0,19611572218,8.56,8.56
Malaysia,2020,300,Asia,23424901,Asia,South-Eastern Asia,7458233339,3231553300.0,778440464749,0.96,0.42
Malta,2020,300,Europe,23424897,Europe,Southern Europe,13283837031,13283837031.0,13283837031,100.0,100.0
Mauritius,2020,300,Seven seas (open ocean),23424894,Africa,Eastern Africa,22841921968,22841921968.0,22841921968,100.0,100.0
Mexico,2020,300,North America,23424900,Americas,Central America,1407619946931,1178317649842.0,1774757693832,79.31,66.39
Mongolia,2020,300,Asia,23424887,Asia,Eastern Asia,1107893951,,36343087474,3.05,
Montserrat,2020,300,North America,23424888,Americas,Caribbean,46116601,46116601.0,46116601,100.0,100.0
Morocco,2020,300,Africa,23424893,Africa,Northern Africa,625782050,357362356.0,257036460545,0.24,0.14
Mozambique,2020,300,Africa,23424902,Africa,Eastern Africa,386670,386670.0,32146107220,0.0,0.0
Myanmar,2020,300,Asia,23424763,Asia,South-Eastern Asia,80341182113,8746581821.0,223262169157,35.99,3.92
Netherlands,2020,300,Europe,-90,Europe,Western Europe,684198805731,116697890.0,724933708739,94.38,0.02
New Caledonia,2020,300,Oceania,23424903,Oceania,Melanesia,60815322,60815322.0,7025343433,0.87,0.87
New Zealand,2020,300,Oceania,23424916,Oceania,Australia and New Zealand,105837260323,103792906709.0,132856135957,79.66,78.12
Nicaragua,2020,300,North America,23424915,Americas,Central America,28363882231,28357172425.0,28619284112,99.11,99.08
Niger,2020,300,Africa,23424906,Africa,Western Africa,665444287,,27595637589,2.41,
Nigeria,2020,300,Africa,23424908,Africa,Western Africa,110920534319,106963129281.0,953157490805,11.64,11.22
Northern Cyprus,2020,300,Asia,-90,Asia,Western Asia,11412831,,6479840179,0.18,
Northern Mariana Islands,2020,300,Oceania,23424788,Oceania,Micronesia,1590996723,1574371723.0,1590996723,100.0,98.96
Norway,2020,300,Europe,-90,Europe,Northern Europe,770476,,253261481124,0.0,
Oman,2020,300,Asia,23424898,Asia,Western Asia,35603851,,164912471252,0.02,
Palestine,2020,300,Asia,28289408,Asia,Western Asia,49751436479,,55392979868,89.82,
Panama,2020,300,North America,23424924,Americas,Central America,13606805494,4344086889.0,80432838780,16.92,5.4
Papua New Guinea,2020,300,Oceania,23424926,Oceania,Melanesia,17248203024,17230075174.0,18879942110,91.36,91.26
Peru,2020,300,South America,23424919,Americas,South America,48233707646,40471128605.0,356287365532,13.54,11.36
Philippines,2020,300,Asia,23424934,Asia,South-Eastern Asia,753026091412,752938846299.0,755555490779,99.67,99.65
Pitcairn Islands,2020,300,Oceania,23424918,Oceania,Polynesia,356562,,356562,100.0,
Portugal,2020,300,Europe,23424925,Europe,Southern Europe,4427930961,725107721.0,204520088526,2.17,0.35
Puerto Rico,2020,300,North America,23424935,Americas,Caribbean,6795571842,41547789.0,82436792786,8.24,0.05
Republic of Cabo Verde,2020,300,Africa,23424794,Africa,Western Africa,2571719908,2571719908.0,2571719908,100.0,100.0
Republic of Korea,2020,300,Asia,23424868,Asia,Eastern Asia,1864508287395,119719508897.0,1864948633969,99.98,6.42
Russian Federation,2020,300,Europe,23424936,Europe,Eastern Europe,161763905304,3288987966.0,2412627918911,6.7,0.14
Rwanda,2020,300,Africa,23424937,Africa,Eastern Africa,22812835540,22812835540.0,22812835540,100.0,100.0
Saint Helena,2020,300,Seven seas (open ocean),23424944,Africa,Western Africa,11464004,,23060647,49.71,
Saint Kitts and Nevis,2020,300,North America,23424940,Americas,Caribbean,957291523,957291523.0,957291523,100.0,100.0
Saint Lucia,2020,300,North America,23424951,Americas,Caribbean,1764059077,1764059077.0,1764059077,100.0,100.0
Saint Vincent and the Grenadines,2020,300,North America,23424981,Americas,Caribbean,409127638,409127638.0,409127638,100.0,100.0
Saint-Barthélemy,2020,300,North America,56042304,Americas,Caribbean,235956366,235956366.0,235956366,100.0,100.0
Saint-Martin,2020,300,North America,56042305,Americas,Caribbean,401305129,401305129.0,401305129,100.0,100.0
Samoa,2020,300,Oceania,23424992,Oceania,Polynesia,884177438,793519365.0,884177438,100.0,89.75
San Marino,2020,300,Europe,23424947,Europe,Southern Europe,1639054053,,1639054053,100.0,
Saudi Arabia,2020,300,Asia,23424938,Asia,Western Asia,647388897288,58934260236.0,1677420311676,38.59,3.51
Sint Maarten,2020,300,North America,-90,Americas,Caribbean,944411294,944411294.0,944411294,100.0,100.0
Solomon Islands,2020,300,Oceania,23424766,Oceania,Melanesia,1204265901,1204265901.0,1211319142,99.42,99.42
Somaliland,2020,300,Africa,-99,Africa,Eastern Africa,7585628441,3312607612.0,15869515249,47.8,20.87
South Africa,2020,300,Africa,23424942,Africa,Southern Africa,0,,609026439459,0.0,
South Georgia and the Islands,2020,300,Seven seas (open ocean),23424955,Seven seas (open ocean),Seven seas (open ocean),0,,0,,
South Sudan,2020,300,Africa,-99,Africa,Eastern Africa,4119925306,,21943418399,18.78,
Spain,2020,300,Europe,23424950,Europe,Southern Europe,917804497746,39843579842.0,1270681589647,72.23,3.14
Sudan,2020,300,Africa,-90,Africa,Northern Africa,47868300559,,151478091154,31.6,
Switzerland,2020,300,Europe,23424957,Europe,Western Europe,151539097260,,409679979638,36.99,
Syria,2020,300,Asia,23424956,Asia,Western Asia,57207757322,,62366110079,91.73,
São Tomé and Principe,2020,300,Africa,23424966,Africa,Middle Africa,7171889,,655973746,1.09,
Taiwan,2020,300,Asia,23424971,Asia,Eastern Asia,558217852606,,558398177147,99.97,
Tanzania,2020,300,Africa,23424973,Africa,Eastern Africa,47994162005,28473441068.0,143472762288,33.45,19.85
Timor-Leste,2020,300,Asia,23424968,Asia,South-Eastern Asia,2480672868,2480672868.0,2480672868,100.0,100.0
Tonga,2020,300,Oceania,23424964,Oceania,Polynesia,470744774,470744774.0,470744774,100.0,100.0
Trinidad and Tobago,2020,300,North America,23424958,Americas,Caribbean,32494146135,32494146135.0,32494146135,100.0,100.0
Tunisia,2020,300,Africa,23424967,Africa,Northern Africa,89833544138,,101681352217,88.35,
Turkey,2020,300,Asia,23424969,Asia,Western Asia,1496874117414,167537536338.0,1562604242030,95.79,10.72
Turkmenistan,2020,300,Asia,23424972,Asia,Central Asia,40450484,,96784530892,0.04,
Uganda,2020,300,Africa,23424974,Africa,Eastern Africa,58759141141,8866996207.0,63139419081,93.06,14.04
United States,2020,300,North America,23424977,Americas,Northern America,4550003244388,321221138208.0,16561372547075,27.47,1.94
United States Virgin Islands,2020,300,North America,23424985,Americas,Caribbean,4054438853,4054438853.0,4054438853,100.0,100.0
Vanuatu,2020,300,Oceania,23424907,Oceania,Melanesia,621594315,621594315.0,621594315,100.0,100.0
Vatican,2020,300,Europe,23424986,Europe,Southern Europe,374577780,374577780.0,374577780,100.0,100.0
Venezuela,2020,300,South America,23424982,Americas,South America,6256622960,5861939214.0,298670907826,2.09,1.96
Vietnam,2020,300,Asia,23424984,Asia,South-Eastern Asia,405972418435,369126718495.0,596521097448,68.06,61.88
Wallis and Futuna Islands,2020,300,Oceania,23424989,Oceania,Polynesia,173353147,73225664.0,173353147,100.0,42.24
Yemen,2020,300,Asia,23425002,Asia,Western Asia,56303882509,48255792911.0,56370255339,99.88,85.61
Zambia,2020,300,Africa,23425003,Africa,Eastern Africa,1266570808,948625625.0,56241868988,2.25,1.69
