Country,Year,Radius,Continent,CountryID,Region,Subregion,popA,popS,popTot,popAn,popSn
Algeria,1975,10,Africa,23424740,Africa,Northern Africa,51,,15239910,0.0,
American Samoa,1975,10,Oceania,23424746,Oceania,Polynesia,20862,,23913,87.24,
Antarctica,1975,10,Antarctica,28289409,Antarctica,Antarctica,0,0.0,0,,
Argentina,1975,10,South America,23424747,Americas,South America,589,96.0,25733508,0.0,0.0
Armenia,1975,10,Asia,23424743,Asia,Western Asia,2963,,2807804,0.11,
Australia,1975,10,Oceania,-90,Oceania,Australia and New Zealand,221,,13577772,0.0,
Azerbaijan,1975,10,Asia,23424741,Asia,Western Asia,0,,5843582,0.0,
Bolivia,1975,10,South America,23424762,Americas,South America,152,,5111702,0.0,
Cameroon,1975,10,Africa,23424785,Africa,Middle Africa,94706,34606.0,7355408,1.29,0.47
Canada,1975,10,North America,23424775,Americas,Northern America,52,0.0,21614561,0.0,0.0
Chad,1975,10,Africa,23424777,Africa,Middle Africa,27,,4153350,0.0,
Chile,1975,10,South America,23424782,Americas,South America,14030,4004.0,10414348,0.13,0.04
China,1975,10,Asia,23424781,Asia,Eastern Asia,194691,53384.0,907725877,0.02,0.01
Colombia,1975,10,South America,23424787,Americas,South America,141139,83628.0,23167003,0.61,0.36
Comoros,1975,10,Africa,23424786,Africa,Eastern Africa,22881,8619.0,229506,9.97,3.76
Costa Rica,1975,10,North America,23424791,Americas,Central America,71813,23232.0,2084331,3.45,1.11
Dem. Rep. Korea,1975,10,Asia,23424865,Asia,Eastern Asia,36761,3289.0,16347547,0.22,0.02
Democratic Republic of the Congo,1975,10,Africa,23424780,Africa,Middle Africa,4244,3172.0,22966572,0.02,0.01
Djibouti,1975,10,Africa,23424797,Africa,Eastern Africa,2240,,141979,1.58,
Dominica,1975,10,North America,23424798,Americas,Caribbean,45072,,50988,88.4,
Ecuador,1975,10,South America,23424801,Americas,South America,267178,46337.0,6834426,3.91,0.68
El Salvador,1975,10,North America,23424807,Americas,Central America,1227027,617153.0,4033651,30.42,15.3
Equatorial Guinea,1975,10,Africa,23424804,Africa,Middle Africa,136,,253357,0.05,
Eritrea,1975,10,Africa,23424806,Africa,Eastern Africa,1915,505.0,1465137,0.13,0.03
Ethiopia,1975,10,Africa,23424808,Africa,Eastern Africa,361302,60059.0,32154678,1.12,0.19
Fiji,1975,10,Oceania,23424813,Oceania,Melanesia,1001,,493430,0.2,
France,1975,10,Europe,-90,Europe,Western Europe,201629,48633.0,52017895,0.39,0.09
French Southern and Antarctic Lands,1975,10,Seven seas (open ocean),28289406,Seven seas (open ocean),Seven seas (open ocean),0,,0,,
Georgia,1975,10,Asia,23424823,Asia,Western Asia,870,,4896726,0.02,
Germany,1975,10,Europe,23424829,Europe,Western Europe,21972,,78419820,0.03,
Greece,1975,10,Europe,23424833,Europe,Southern Europe,9659,6682.0,8322448,0.12,0.08
Grenada,1975,10,North America,23424826,Americas,Caribbean,40058,3325.0,74701,53.62,4.45
Guatemala,1975,10,North America,23424834,Americas,Central America,550236,89816.0,6180931,8.9,1.45
Heard I. and McDonald Islands,1975,10,Seven seas (open ocean),28289411,Seven seas (open ocean),Seven seas (open ocean),0,,0,,
Honduras,1975,10,North America,23424841,Americas,Central America,16291,,3186651,0.51,
Iceland,1975,10,Europe,23424845,Europe,Northern Europe,2475,69.0,185073,1.34,0.04
Indonesia,1975,10,Asia,23424846,Asia,South-Eastern Asia,4662470,2033768.0,125799636,3.71,1.62
Iran,1975,10,Asia,23424851,Asia,Southern Asia,622,,32682757,0.0,
Italy,1975,10,Europe,23424853,Europe,Southern Europe,1556291,1347140.0,53656399,2.9,2.51
Japan,1975,10,Asia,23424856,Asia,Eastern Asia,831250,322436.0,108328910,0.77,0.3
Jordan,1975,10,Asia,23424860,Asia,Western Asia,23,,1888946,0.0,
Kenya,1975,10,Africa,23424863,Africa,Eastern Africa,223381,,13679515,1.63,
Mexico,1975,10,North America,23424900,Americas,Central America,298370,70769.0,58404930,0.51,0.12
Mongolia,1975,10,Asia,23424887,Asia,Eastern Asia,3219,,1488981,0.22,
Montserrat,1975,10,North America,23424888,Americas,Caribbean,7058,7058.0,7058,100.0,100.0
Myanmar,1975,10,Asia,23424763,Asia,South-Eastern Asia,3353,,29888741,0.01,
Netherlands,1975,10,Europe,-90,Europe,Western Europe,2205,,13456471,0.02,
New Zealand,1975,10,Oceania,23424916,Oceania,Australia and New Zealand,255135,203.0,2865228,8.9,0.01
Nicaragua,1975,10,North America,23424915,Americas,Central America,656650,202605.0,2806779,23.4,7.22
Niger,1975,10,Africa,23424906,Africa,Western Africa,4,,5377411,0.0,
Northern Mariana Islands,1975,10,Oceania,23424788,Oceania,Micronesia,0,,13803,0.0,
Norway,1975,10,Europe,-90,Europe,Northern Europe,0,,3420948,0.0,
Panama,1975,10,North America,23424924,Americas,Central America,8242,,1689483,0.49,
Papua New Guinea,1975,10,Oceania,23424926,Oceania,Melanesia,46827,23832.0,2485433,1.88,0.96
Peru,1975,10,South America,23424919,Americas,South America,22965,988.0,15125014,0.15,0.01
Philippines,1975,10,Asia,23424934,Asia,South-Eastern Asia,535440,174345.0,37301877,1.44,0.47
Portugal,1975,10,Europe,23424925,Europe,Southern Europe,158637,23602.0,8444778,1.88,0.28
Republic of Cabo Verde,1975,10,Africa,23424794,Africa,Western Africa,14720,14720.0,257693,5.71,5.71
Republic of Korea,1975,10,Asia,23424868,Asia,Eastern Asia,23460,,33058628,0.07,
Russian Federation,1975,10,Europe,23424936,Europe,Eastern Europe,9099,244.0,135604356,0.01,0.0
Rwanda,1975,10,Africa,23424937,Africa,Eastern Africa,140949,3.0,4481014,3.15,0.0
Saint Helena,1975,10,Seven seas (open ocean),23424944,Africa,Western Africa,272,,5513,4.93,
Saint Kitts and Nevis,1975,10,North America,23424940,Americas,Caribbean,16332,10870.0,31083,52.54,34.97
Saint Lucia,1975,10,North America,23424951,Americas,Caribbean,12980,,94784,13.69,
Saint Vincent and the Grenadines,1975,10,North America,23424981,Americas,Caribbean,7315,7315.0,51599,14.18,14.18
Samoa,1975,10,Oceania,23424992,Oceania,Polynesia,12169,,110698,10.99,
Saudi Arabia,1975,10,Asia,23424938,Asia,Western Asia,114008,,7743540,1.47,
South Africa,1975,10,Africa,23424942,Africa,Southern Africa,0,,25622824,0.0,
South Georgia and the Islands,1975,10,Seven seas (open ocean),23424955,Seven seas (open ocean),Seven seas (open ocean),0,,0,,
Spain,1975,10,Europe,23424950,Europe,Southern Europe,120070,51515.0,34148314,0.35,0.15
Sudan,1975,10,Africa,-90,Africa,Northern Africa,1880,,13491117,0.01,
Taiwan,1975,10,Asia,23424971,Asia,Eastern Asia,289288,,16071792,1.8,
Tanzania,1975,10,Africa,23424973,Africa,Eastern Africa,93446,37491.0,16080327,0.58,0.23
Turkey,1975,10,Asia,23424969,Asia,Western Asia,14953,3.0,38228403,0.04,0.0
Uganda,1975,10,Africa,23424974,Africa,Eastern Africa,317977,,11818130,2.69,
United States,1975,10,North America,23424977,Americas,Northern America,22506,1539.0,207883973,0.01,0.0
Vanuatu,1975,10,Oceania,23424907,Oceania,Melanesia,4718,3805.0,64617,7.3,5.89
Yemen,1975,10,Asia,23425002,Asia,Western Asia,31138,22676.0,7714306,0.4,0.29
Algeria,1980,10,Africa,23424740,Africa,Northern Africa,70,,18186321,0.0,
American Samoa,1980,10,Oceania,23424746,Oceania,Polynesia,23092,,26529,87.04,
Antarctica,1980,10,Antarctica,28289409,Antarctica,Antarctica,0,0.0,0,,
Argentina,1980,10,South America,23424747,Americas,South America,615,102.0,27876097,0.0,0.0
Armenia,1980,10,Asia,23424743,Asia,Western Asia,3249,,3110303,0.1,
Australia,1980,10,Oceania,-90,Oceania,Australia and New Zealand,213,,14366661,0.0,
Azerbaijan,1980,10,Asia,23424741,Asia,Western Asia,0,,6296856,0.0,
Bolivia,1980,10,South America,23424762,Americas,South America,175,,5716103,0.0,
Cameroon,1980,10,Africa,23424785,Africa,Middle Africa,105866,40232.0,8458431,1.25,0.48
Canada,1980,10,North America,23424775,Americas,Northern America,55,0.0,22947818,0.0,0.0
Chad,1980,10,Africa,23424777,Africa,Middle Africa,36,,4487371,0.0,
Chile,1980,10,South America,23424782,Americas,South America,14365,3977.0,11239991,0.13,0.04
China,1980,10,Asia,23424781,Asia,Eastern Asia,212347,56919.0,974232513,0.02,0.01
Colombia,1980,10,South America,23424787,Americas,South America,160337,97102.0,25891610,0.62,0.38
Comoros,1980,10,Africa,23424786,Africa,Eastern Africa,27297,10481.0,268089,10.18,3.91
Costa Rica,1980,10,North America,23424791,Americas,Central America,81561,26081.0,2383964,3.42,1.09
Dem. Rep. Korea,1980,10,Asia,23424865,Asia,Eastern Asia,35046,3214.0,17508458,0.2,0.02
Democratic Republic of the Congo,1980,10,Africa,23424780,Africa,Middle Africa,5631,4080.0,26565424,0.02,0.02
Djibouti,1980,10,Africa,23424797,Africa,Eastern Africa,2929,,236114,1.24,
Dominica,1980,10,North America,23424798,Americas,Caribbean,47016,,52481,89.59,
Ecuador,1980,10,South America,23424801,Americas,South America,304219,54496.0,7813742,3.89,0.7
El Salvador,1980,10,North America,23424807,Americas,Central America,1367384,699073.0,4461019,30.65,15.67
Equatorial Guinea,1980,10,Africa,23424804,Africa,Middle Africa,151,,253779,0.06,
Eritrea,1980,10,Africa,23424806,Africa,Eastern Africa,1977,516.0,1672023,0.12,0.03
Ethiopia,1980,10,Africa,23424808,Africa,Eastern Africa,401635,69553.0,34843728,1.15,0.2
Fiji,1980,10,Oceania,23424813,Oceania,Melanesia,1126,,553879,0.2,
France,1980,10,Europe,-90,Europe,Western Europe,212589,56036.0,53320757,0.4,0.11
French Southern and Antarctic Lands,1980,10,Seven seas (open ocean),28289406,Seven seas (open ocean),Seven seas (open ocean),0,,0,,
Georgia,1980,10,Asia,23424823,Asia,Western Asia,889,,5064454,0.02,
Germany,1980,10,Europe,23424829,Europe,Western Europe,21976,,77701260,0.03,
Greece,1980,10,Europe,23424833,Europe,Southern Europe,10146,7022.0,8755417,0.12,0.08
Grenada,1980,10,North America,23424826,Americas,Caribbean,38817,3405.0,72402,53.61,4.7
Guatemala,1980,10,North America,23424834,Americas,Central America,624602,105142.0,6963739,8.97,1.51
Heard I. and McDonald Islands,1980,10,Seven seas (open ocean),28289411,Seven seas (open ocean),Seven seas (open ocean),0,,0,,
Honduras,1980,10,North America,23424841,Americas,Central America,19834,,3725583,0.53,
Iceland,1980,10,Europe,23424845,Europe,Northern Europe,2346,65.0,195218,1.2,0.03
Indonesia,1980,10,Asia,23424846,Asia,South-Eastern Asia,5206351,2301782.0,142104549,3.66,1.62
Iran,1980,10,Asia,23424851,Asia,Southern Asia,780,,38311825,0.0,
Italy,1980,10,Europe,23424853,Europe,Southern Europe,1622447,1407534.0,54866930,2.96,2.57
Japan,1980,10,Asia,23424856,Asia,Eastern Asia,862140,336118.0,113385116,0.76,0.3
Jordan,1980,10,Asia,23424860,Asia,Western Asia,26,,2219813,0.0,
Kenya,1980,10,Africa,23424863,Africa,Eastern Africa,263366,,16209779,1.62,
Mexico,1980,10,North America,23424900,Americas,Central America,332647,78300.0,67382114,0.49,0.12
Mongolia,1980,10,Asia,23424887,Asia,Eastern Asia,3529,,1700605,0.21,
Montserrat,1980,10,North America,23424888,Americas,Caribbean,6967,6967.0,6967,100.0,100.0
Myanmar,1980,10,Asia,23424763,Asia,South-Eastern Asia,5585,,32790222,0.02,
Netherlands,1980,10,Europe,-90,Europe,Western Europe,2407,,13914666,0.02,
New Zealand,1980,10,Oceania,23424916,Oceania,Australia and New Zealand,269398,182.0,2916549,9.24,0.01
Nicaragua,1980,10,North America,23424915,Americas,Central America,757727,232594.0,3245388,23.35,7.17
Niger,1980,10,Africa,23424906,Africa,Western Africa,4,,6213220,0.0,
Northern Mariana Islands,1980,10,Oceania,23424788,Oceania,Micronesia,0,,16041,0.0,
Norway,1980,10,Europe,-90,Europe,Northern Europe,0,,3487029,0.0,
Panama,1980,10,North America,23424924,Americas,Central America,8961,,1908015,0.47,
Papua New Guinea,1980,10,Oceania,23424926,Oceania,Melanesia,50570,25330.0,2766106,1.83,0.92
Peru,1980,10,South America,23424919,Americas,South America,24255,1118.0,17131969,0.14,0.01
Philippines,1980,10,Asia,23424934,Asia,South-Eastern Asia,638483,205534.0,42860071,1.49,0.48
Portugal,1980,10,Europe,23424925,Europe,Southern Europe,164624,24374.0,8934426,1.84,0.27
Republic of Cabo Verde,1980,10,Africa,23424794,Africa,Western Africa,14514,14514.0,267036,5.44,5.44
Republic of Korea,1980,10,Asia,23424868,Asia,Eastern Asia,21025,,35228364,0.06,
Russian Federation,1980,10,Europe,23424936,Europe,Eastern Europe,8733,242.0,140104599,0.01,0.0
Rwanda,1980,10,Africa,23424937,Africa,Eastern Africa,153819,4.0,5206798,2.95,0.0
Saint Helena,1980,10,Seven seas (open ocean),23424944,Africa,Western Africa,304,,5718,5.32,
Saint Kitts and Nevis,1980,10,North America,23424940,Americas,Caribbean,16139,10454.0,30396,53.1,34.39
Saint Lucia,1980,10,North America,23424951,Americas,Caribbean,13820,,103397,13.37,
Saint Vincent and the Grenadines,1980,10,North America,23424981,Americas,Caribbean,7453,7453.0,53740,13.87,13.87
Samoa,1980,10,Oceania,23424992,Oceania,Polynesia,13639,,118275,11.53,
Saudi Arabia,1980,10,Asia,23424938,Asia,Western Asia,135999,,9972393,1.36,
South Africa,1980,10,Africa,23424942,Africa,Southern Africa,0,,29283822,0.0,
South Georgia and the Islands,1980,10,Seven seas (open ocean),23424955,Seven seas (open ocean),Seven seas (open ocean),0,,0,,
Spain,1980,10,Europe,23424950,Europe,Southern Europe,126620,54190.0,35808890,0.35,0.15
Sudan,1980,10,Africa,-90,Africa,Northern Africa,1975,,16661009,0.01,
Taiwan,1980,10,Asia,23424971,Asia,Eastern Asia,370612,,17601805,2.11,
Tanzania,1980,10,Africa,23424973,Africa,Eastern Africa,107766,42098.0,19107591,0.56,0.22
Turkey,1980,10,Asia,23424969,Asia,Western Asia,16536,3.0,42392553,0.04,0.0
Uganda,1980,10,Africa,23424974,Africa,Eastern Africa,354792,,13382122,2.65,
United States,1980,10,North America,23424977,Americas,Northern America,26280,1592.0,219655415,0.01,0.0
Vanuatu,1980,10,Oceania,23424907,Oceania,Melanesia,5320,4269.0,74973,7.1,5.69
Yemen,1980,10,Asia,23425002,Asia,Western Asia,36046,26410.0,9049730,0.4,0.29
Algeria,1985,10,Africa,23424740,Africa,Northern Africa,95,,21517617,0.0,
American Samoa,1985,10,Oceania,23424746,Oceania,Polynesia,28718,,32412,88.6,
Antarctica,1985,10,Antarctica,28289409,Antarctica,Antarctica,0,0.0,0,,
Argentina,1985,10,South America,23424747,Americas,South America,666,111.0,30124580,0.0,0.0
Armenia,1985,10,Asia,23424743,Asia,Western Asia,3520,,3274492,0.11,
Australia,1985,10,Oceania,-90,Oceania,Australia and New Zealand,215,,15406985,0.0,
Azerbaijan,1985,10,Asia,23424741,Asia,Western Asia,0,,6798331,0.0,
Bolivia,1985,10,South America,23424762,Americas,South America,200,,6362922,0.0,
Cameroon,1985,10,Africa,23424785,Africa,Middle Africa,117169,47489.0,9716254,1.21,0.49
Canada,1985,10,North America,23424775,Americas,Northern America,55,0.0,24246815,0.0,0.0
Chad,1985,10,Africa,23424777,Africa,Middle Africa,50,,5055962,0.0,
Chile,1985,10,South America,23424782,Americas,South America,15133,4058.0,12087334,0.13,0.03
China,1985,10,Asia,23424781,Asia,Eastern Asia,232450,60625.0,1051060826,0.02,0.01
Colombia,1985,10,South America,23424787,Americas,South America,181000,112122.0,28985174,0.62,0.39
Comoros,1985,10,Africa,23424786,Africa,Eastern Africa,31807,12333.0,305147,10.42,4.04
Costa Rica,1985,10,North America,23424791,Americas,Central America,93273,29223.0,2737660,3.41,1.07
Dem. Rep. Korea,1985,10,Asia,23424865,Asia,Eastern Asia,34269,3183.0,18749925,0.18,0.02
Democratic Republic of the Congo,1985,10,Africa,23424780,Africa,Middle Africa,8037,5589.0,30606606,0.03,0.02
Djibouti,1985,10,Africa,23424797,Africa,Eastern Africa,2375,,280455,0.85,
Dominica,1985,10,North America,23424798,Americas,Caribbean,46776,,51589,90.67,
Ecuador,1985,10,South America,23424801,Americas,South America,345254,63442.0,8880615,3.89,0.71
El Salvador,1985,10,North America,23424807,Americas,Central America,1490102,779050.0,4825299,30.88,16.15
Equatorial Guinea,1985,10,Africa,23424804,Africa,Middle Africa,239,,343785,0.07,
Eritrea,1985,10,Africa,23424806,Africa,Eastern Africa,2084,551.0,1912815,0.11,0.03
Ethiopia,1985,10,Africa,23424808,Africa,Eastern Africa,471393,83780.0,40165834,1.17,0.21
Fiji,1985,10,Oceania,23424813,Oceania,Melanesia,1304,,627396,0.21,
France,1985,10,Europe,-90,Europe,Western Europe,221585,60749.0,54798743,0.4,0.11
French Southern and Antarctic Lands,1985,10,Seven seas (open ocean),28289406,Seven seas (open ocean),Seven seas (open ocean),0,,0,,
Georgia,1985,10,Asia,23424823,Asia,Western Asia,914,,5252350,0.02,
Germany,1985,10,Europe,23424829,Europe,Western Europe,22370,,77551622,0.03,
Greece,1985,10,Europe,23424833,Europe,Southern Europe,11172,7740.0,9223831,0.12,0.08
Grenada,1985,10,North America,23424826,Americas,Caribbean,39595,3662.0,76563,51.72,4.78
Guatemala,1985,10,North America,23424834,Americas,Central America,708647,122195.0,7902073,8.97,1.55
Heard I. and McDonald Islands,1985,10,Seven seas (open ocean),28289411,Seven seas (open ocean),Seven seas (open ocean),0,,0,,
Honduras,1985,10,North America,23424841,Americas,Central America,23699,,4327092,0.55,
Iceland,1985,10,Europe,23424845,Europe,Northern Europe,2402,65.0,207115,1.16,0.03
Indonesia,1985,10,Asia,23424846,Asia,South-Eastern Asia,5781763,2594854.0,159100848,3.63,1.63
Iran,1985,10,Asia,23424851,Asia,Southern Asia,1022,,46998945,0.0,
Italy,1985,10,Europe,23424853,Europe,Southern Europe,1652785,1428488.0,55173178,3.0,2.59
Japan,1985,10,Asia,23424856,Asia,Eastern Asia,879081,344217.0,116786201,0.75,0.29
Jordan,1985,10,Asia,23424860,Asia,Western Asia,34,,2753835,0.0,
Kenya,1985,10,Africa,23424863,Africa,Eastern Africa,317431,,19467408,1.63,
Mexico,1985,10,North America,23424900,Americas,Central America,349709,81698.0,74520620,0.47,0.11
Mongolia,1985,10,Asia,23424887,Asia,Eastern Asia,3906,,1922001,0.2,
Montserrat,1985,10,North America,23424888,Americas,Caribbean,6665,6665.0,6665,100.0,100.0
Myanmar,1985,10,Asia,23424763,Asia,South-Eastern Asia,8812,,35919178,0.02,
Netherlands,1985,10,Europe,-90,Europe,Western Europe,2528,,14296303,0.02,
New Zealand,1985,10,Oceania,23424916,Oceania,Australia and New Zealand,281019,175.0,3032381,9.27,0.01
Nicaragua,1985,10,North America,23424915,Americas,Central America,865194,261824.0,3698122,23.4,7.08
Niger,1985,10,Africa,23424906,Africa,Western Africa,4,,7230201,0.0,
Northern Mariana Islands,1985,10,Oceania,23424788,Oceania,Micronesia,0,,29074,0.0,
Norway,1985,10,Europe,-90,Europe,Northern Europe,0,,3548685,0.0,
Panama,1985,10,North America,23424924,Americas,Central America,9492,,2145035,0.44,
Papua New Guinea,1985,10,Oceania,23424926,Oceania,Melanesia,54659,27111.0,3077020,1.78,0.88
Peru,1985,10,South America,23424919,Americas,South America,26140,1282.0,19327984,0.14,0.01
Philippines,1985,10,Asia,23424934,Asia,South-Eastern Asia,757192,240027.0,48780885,1.55,0.49
Portugal,1985,10,Europe,23424925,Europe,Southern Europe,177181,24975.0,9118574,1.94,0.27
Republic of Cabo Verde,1985,10,Africa,23424794,Africa,Western Africa,14941,14941.0,285081,5.24,5.24
Republic of Korea,1985,10,Asia,23424868,Asia,Eastern Asia,19557,,38148247,0.05,
Russian Federation,1985,10,Europe,23424936,Europe,Eastern Europe,8696,248.0,144805179,0.01,0.0
Rwanda,1985,10,Africa,23424937,Africa,Eastern Africa,172869,4.0,6215761,2.78,0.0
Saint Helena,1985,10,Seven seas (open ocean),23424944,Africa,Western Africa,340,,5896,5.77,
Saint Kitts and Nevis,1985,10,North America,23424940,Americas,Caribbean,16022,10082.0,29591,54.14,34.07
Saint Lucia,1985,10,North America,23424951,Americas,Caribbean,14836,,112706,13.16,
Saint Vincent and the Grenadines,1985,10,North America,23424981,Americas,Caribbean,7546,7546.0,55881,13.5,13.5
Samoa,1985,10,Oceania,23424992,Oceania,Polynesia,14501,,120282,12.06,
Saudi Arabia,1985,10,Asia,23424938,Asia,Western Asia,155231,,12633947,1.23,
South Africa,1985,10,Africa,23424942,Africa,Southern Africa,0,,33543418,0.0,
South Georgia and the Islands,1985,10,Seven seas (open ocean),23424955,Seven seas (open ocean),Seven seas (open ocean),0,,0,,
Spain,1985,10,Europe,23424950,Europe,Southern Europe,134280,57399.0,36732448,0.37,0.16
Sudan,1985,10,Africa,-90,Africa,Northern Africa,1910,,19502363,0.01,
Taiwan,1985,10,Asia,23424971,Asia,Eastern Asia,419061,,18988313,2.21,
Tanzania,1985,10,Africa,23424973,Africa,Eastern Africa,121317,46711.0,22351610,0.54,0.21
Turkey,1985,10,Asia,23424969,Asia,Western Asia,18119,4.0,47174218,0.04,0.0
Uganda,1985,10,Africa,23424974,Africa,Eastern Africa,390845,,15149826,2.58,
United States,1985,10,North America,23424977,Americas,Northern America,30381,1815.0,231451497,0.01,0.0
Vanuatu,1985,10,Oceania,23424907,Oceania,Melanesia,5752,4593.0,85315,6.74,5.38
Yemen,1985,10,Asia,23425002,Asia,Western Asia,42558,31457.0,10863959,0.39,0.29
Algeria,1990,10,Africa,23424740,Africa,Northern Africa,124,,24837478,0.0,
American Samoa,1990,10,Oceania,23424746,Oceania,Polynesia,35256,,39338,89.62,
Antarctica,1990,10,Antarctica,28289409,Antarctica,Antarctica,0,0.0,0,,
Argentina,1990,10,South America,23424747,Americas,South America,717,119.0,32460008,0.0,0.0
Armenia,1990,10,Asia,23424743,Asia,Western Asia,3956,,3527124,0.11,
Australia,1990,10,Oceania,-90,Oceania,Australia and New Zealand,214,,16628114,0.0,
Azerbaijan,1990,10,Asia,23424741,Asia,Western Asia,0,,7327837,0.0,
Bolivia,1990,10,South America,23424762,Americas,South America,230,,7070950,0.0,
Cameroon,1990,10,Africa,23424785,Africa,Middle Africa,129174,56502.0,11306097,1.14,0.5
Canada,1990,10,North America,23424775,Americas,Northern America,56,0.0,25974074,0.0,0.0
Chad,1990,10,Africa,23424777,Africa,Middle Africa,73,,5928059,0.0,
Chile,1990,10,South America,23424782,Americas,South America,16652,4312.0,13086603,0.13,0.03
China,1990,10,Asia,23424781,Asia,Eastern Asia,254483,64733.0,1142999954,0.02,0.01
Colombia,1990,10,South America,23424787,Americas,South America,201477,127670.0,32196598,0.63,0.4
Comoros,1990,10,Africa,23424786,Africa,Eastern Africa,37101,14546.0,348933,10.63,4.17
Costa Rica,1990,10,North America,23424791,Americas,Central America,105456,31970.0,3120926,3.38,1.02
Dem. Rep. Korea,1990,10,Asia,23424865,Asia,Eastern Asia,33475,3019.0,20080314,0.17,0.02
Democratic Republic of the Congo,1990,10,Africa,23424780,Africa,Middle Africa,10900,7317.0,35728839,0.03,0.02
Djibouti,1990,10,Africa,23424797,Africa,Eastern Africa,2367,,393388,0.6,
Dominica,1990,10,North America,23424798,Americas,Caribbean,46137,,50361,91.61,
Ecuador,1990,10,South America,23424801,Americas,South America,390296,72937.0,10025987,3.89,0.73
El Salvador,1990,10,North America,23424807,Americas,Central America,1648485,875286.0,5309843,31.05,16.48
Equatorial Guinea,1990,10,Africa,23424804,Africa,Middle Africa,356,,425462,0.08,
Eritrea,1990,10,Africa,23424806,Africa,Eastern Africa,2262,611.0,2170319,0.1,0.03
Ethiopia,1990,10,Africa,23424808,Africa,Eastern Africa,567104,103085.0,47725520,1.19,0.22
Fiji,1990,10,Oceania,23424813,Oceania,Melanesia,1401,,675191,0.21,
France,1990,10,Europe,-90,Europe,Western Europe,230280,63121.0,56230441,0.41,0.11
French Southern and Antarctic Lands,1990,10,Seven seas (open ocean),28289406,Seven seas (open ocean),Seven seas (open ocean),0,,0,,
Georgia,1990,10,Asia,23424823,Asia,Western Asia,918,,5302368,0.02,
Germany,1990,10,Europe,23424829,Europe,Western Europe,23040,,79275935,0.03,
Greece,1990,10,Europe,23424833,Europe,Southern Europe,12193,8457.0,9636311,0.13,0.09
Grenada,1990,10,North America,23424826,Americas,Caribbean,39068,3830.0,75175,51.97,5.09
Guatemala,1990,10,North America,23424834,Americas,Central America,810654,142453.0,9045355,8.96,1.57
Heard I. and McDonald Islands,1990,10,Seven seas (open ocean),28289411,Seven seas (open ocean),Seven seas (open ocean),0,,0,,
Honduras,1990,10,North America,23424841,Americas,Central America,27741,,4983424,0.56,
Iceland,1990,10,Europe,23424845,Europe,Northern Europe,2444,64.0,219321,1.11,0.03
Indonesia,1990,10,Asia,23424846,Asia,South-Eastern Asia,6277489,2857251.0,174872188,3.59,1.63
Iran,1990,10,Asia,23424851,Asia,Southern Asia,1312,,55461705,0.0,
Italy,1990,10,Europe,23424853,Europe,Southern Europe,1671004,1435254.0,55297142,3.02,2.6
Japan,1990,10,Asia,23424856,Asia,Eastern Asia,835745,330114.0,119431028,0.7,0.28
Jordan,1990,10,Asia,23424860,Asia,Western Asia,45,,3481872,0.0,
Kenya,1990,10,Africa,23424863,Africa,Eastern Africa,378340,,23171825,1.63,
Mexico,1990,10,North America,23424900,Americas,Central America,352925,80351.0,81333807,0.43,0.1
Mongolia,1990,10,Asia,23424887,Asia,Eastern Asia,4297,,2163138,0.2,
Montserrat,1990,10,North America,23424888,Americas,Caribbean,6425,6425.0,6425,100.0,100.0
Myanmar,1990,10,Asia,23424763,Asia,South-Eastern Asia,12645,,38826256,0.03,
Netherlands,1990,10,Europe,-90,Europe,Western Europe,2629,,14722976,0.02,
New Zealand,1990,10,Oceania,23424916,Oceania,Australia and New Zealand,299378,171.0,3151590,9.5,0.01
Nicaragua,1990,10,North America,23424915,Americas,Central America,979295,289806.0,4156503,23.56,6.97
Niger,1990,10,Africa,23424906,Africa,Western Africa,3,,8414372,0.0,
Northern Mariana Islands,1990,10,Oceania,23424788,Oceania,Micronesia,0,,43578,0.0,
Norway,1990,10,Europe,-90,Europe,Northern Europe,0,,3628787,0.0,
Panama,1990,10,North America,23424924,Americas,Central America,9716,,2395056,0.41,
Papua New Guinea,1990,10,Oceania,23424926,Oceania,Melanesia,59296,29119.0,3456292,1.72,0.84
Peru,1990,10,South America,23424919,Americas,South America,27712,1469.0,21630130,0.13,0.01
Philippines,1990,10,Asia,23424934,Asia,South-Eastern Asia,886271,274855.0,55051513,1.61,0.5
Portugal,1990,10,Europe,23424925,Europe,Southern Europe,191981,25011.0,9114666,2.11,0.27
Republic of Cabo Verde,1990,10,Africa,23424794,Africa,Western Africa,15296,15296.0,305013,5.01,5.01
Republic of Korea,1990,10,Asia,23424868,Asia,Eastern Asia,17392,,40994772,0.04,
Russian Federation,1990,10,Europe,23424936,Europe,Eastern Europe,8868,262.0,149953361,0.01,0.0
Rwanda,1990,10,Africa,23424937,Africa,Eastern Africa,190761,4.0,7262351,2.63,0.0
Saint Helena,1990,10,Seven seas (open ocean),23424944,Africa,Western Africa,367,,5811,6.32,
Saint Kitts and Nevis,1990,10,North America,23424940,Americas,Caribbean,15471,9451.0,28372,54.53,33.31
Saint Lucia,1990,10,North America,23424951,Americas,Caribbean,15573,,120412,12.93,
Saint Vincent and the Grenadines,1990,10,North America,23424981,Americas,Caribbean,7433,7433.0,56691,13.11,13.11
Samoa,1990,10,Oceania,23424992,Oceania,Polynesia,15276,,122104,12.51,
Saudi Arabia,1990,10,Asia,23424938,Asia,Western Asia,165983,,15675443,1.06,
South Africa,1990,10,Africa,23424942,Africa,Southern Africa,0,,39620172,0.0,
South Georgia and the Islands,1990,10,Seven seas (open ocean),23424955,Seven seas (open ocean),Seven seas (open ocean),0,,0,,
Spain,1990,10,Europe,23424950,Europe,Southern Europe,139488,59537.0,37122027,0.38,0.16
Sudan,1990,10,Africa,-90,Africa,Northern Africa,1739,,21072130,0.01,
Taiwan,1990,10,Asia,23424971,Asia,Eastern Asia,468618,,20051543,2.34,
Tanzania,1990,10,Africa,23424973,Africa,Eastern Africa,135839,51320.0,25957105,0.52,0.2
Turkey,1990,10,Asia,23424969,Asia,Western Asia,19688,5.0,51989530,0.04,0.0
Uganda,1990,10,Africa,23424974,Africa,Eastern Africa,443104,,17711453,2.5,
United States,1990,10,North America,23424977,Americas,Northern America,38599,2063.0,244172306,0.02,0.0
Vanuatu,1990,10,Oceania,23424907,Oceania,Melanesia,6247,4970.0,97625,6.4,5.09
Yemen,1990,10,Asia,23425002,Asia,Western Asia,50877,37973.0,13173338,0.39,0.29
Algeria,1995,10,Africa,23424740,Africa,Northern Africa,126,,27750201,0.0,
American Samoa,1995,10,Oceania,23424746,Oceania,Polynesia,40719,,44496,91.51,
Antarctica,1995,10,Antarctica,28289409,Antarctica,Antarctica,0,0.0,0,,
Argentina,1995,10,South America,23424747,Americas,South America,704,112.0,34747277,0.0,0.0
Armenia,1995,10,Asia,23424743,Asia,Western Asia,3459,,3297829,0.1,
Australia,1995,10,Oceania,-90,Oceania,Australia and New Zealand,208,,17548746,0.0,
Azerbaijan,1995,10,Asia,23424741,Asia,Western Asia,0,,7776928,0.0,
Bolivia,1995,10,South America,23424762,Americas,South America,224,,7813576,0.0,
Cameroon,1995,10,Africa,23424785,Africa,Middle Africa,142176,63855.0,13041079,1.09,0.49
Canada,1995,10,North America,23424775,Americas,Northern America,59,0.0,27535646,0.0,0.0
Chad,1995,10,Africa,23424777,Africa,Middle Africa,111,,6996643,0.0,
Chile,1995,10,South America,23424782,Americas,South America,17481,4363.0,14160481,0.12,0.03
China,1995,10,Asia,23424781,Asia,Eastern Asia,276365,64057.0,1205872507,0.02,0.01
Colombia,1995,10,South America,23424787,Americas,South America,221082,142485.0,35516500,0.62,0.4
Comoros,1995,10,Africa,23424786,Africa,Eastern Africa,41782,16386.0,391560,10.67,4.18
Costa Rica,1995,10,North America,23424791,Americas,Central America,119408,35293.0,3533128,3.38,1.0
Dem. Rep. Korea,1995,10,Asia,23424865,Asia,Eastern Asia,35095,2933.0,21574806,0.16,0.01
Democratic Republic of the Congo,1995,10,Africa,23424780,Africa,Middle Africa,12600,9036.0,42957940,0.03,0.02
Djibouti,1995,10,Africa,23424797,Africa,Eastern Africa,1425,,461707,0.31,
Dominica,1995,10,North America,23424798,Americas,Caribbean,46787,,50899,91.92,
Ecuador,1995,10,South America,23424801,Americas,South America,453509,81611.0,11110510,4.08,0.73
El Salvador,1995,10,North America,23424807,Americas,Central America,1774464,948248.0,5690127,31.18,16.66
Equatorial Guinea,1995,10,Africa,23424804,Africa,Middle Africa,459,,510842,0.09,
Eritrea,1995,10,Africa,23424806,Africa,Eastern Africa,2222,664.0,2190899,0.1,0.03
Ethiopia,1995,10,Africa,23424808,Africa,Eastern Africa,682090,127109.0,57212158,1.19,0.22
Fiji,1995,10,Oceania,23424813,Oceania,Melanesia,1401,,687071,0.2,
France,1995,10,Europe,-90,Europe,Western Europe,240122,62786.0,57368553,0.42,0.11
French Southern and Antarctic Lands,1995,10,Seven seas (open ocean),28289406,Seven seas (open ocean),Seven seas (open ocean),0,,0,,
Georgia,1995,10,Asia,23424823,Asia,Western Asia,815,,4794101,0.02,
Germany,1995,10,Europe,23424829,Europe,Western Europe,23969,,81022718,0.03,
Greece,1995,10,Europe,23424833,Europe,Southern Europe,12930,9187.0,10018901,0.13,0.09
Grenada,1995,10,North America,23424826,Americas,Caribbean,40643,4029.0,79558,51.09,5.06
Guatemala,1995,10,North America,23424834,Americas,Central America,916306,164132.0,10321584,8.88,1.59
Heard I. and McDonald Islands,1995,10,Seven seas (open ocean),28289411,Seven seas (open ocean),Seven seas (open ocean),0,,0,,
Honduras,1995,10,North America,23424841,Americas,Central America,34964,,5730959,0.61,
Iceland,1995,10,Europe,23424845,Europe,Northern Europe,2407,65.0,231453,1.04,0.03
Indonesia,1995,10,Asia,23424846,Asia,South-Eastern Asia,6800582,3129272.0,190119983,3.58,1.65
Iran,1995,10,Asia,23424851,Asia,Southern Asia,1383,,60413575,0.0,
Italy,1995,10,Europe,23424853,Europe,Southern Europe,1677582,1438800.0,55432909,3.03,2.6
Japan,1995,10,Asia,23424856,Asia,Eastern Asia,789570,313868.0,121289051,0.65,0.26
Jordan,1995,10,Asia,23424860,Asia,Western Asia,63,,4454940,0.0,
Kenya,1995,10,Africa,23424863,Africa,Eastern Africa,432109,,26899167,1.61,
Mexico,1995,10,North America,23424900,Americas,Central America,385193,89043.0,89531829,0.43,0.1
Mongolia,1995,10,Asia,23424887,Asia,Eastern Asia,4471,,2331776,0.19,
Montserrat,1995,10,North America,23424888,Americas,Caribbean,4962,4962.0,4962,100.0,100.0
Myanmar,1995,10,Asia,23424763,Asia,South-Eastern Asia,15682,,41319189,0.04,
Netherlands,1995,10,Europe,-90,Europe,Western Europe,2783,,15218927,0.02,
New Zealand,1995,10,Oceania,23424916,Oceania,Australia and New Zealand,343681,164.0,3403046,10.1,0.0
Nicaragua,1995,10,North America,23424915,Americas,Central America,1106051,324096.0,4644209,23.82,6.98
Niger,1995,10,Africa,23424906,Africa,Western Africa,4,,9867054,0.0,
Northern Mariana Islands,1995,10,Oceania,23424788,Oceania,Micronesia,0,,45152,0.0,
Norway,1995,10,Europe,-90,Europe,Northern Europe,0,,3744604,0.0,
Panama,1995,10,North America,23424924,Americas,Central America,9898,,2660290,0.37,
Papua New Guinea,1995,10,Oceania,23424926,Oceania,Melanesia,70322,34152.0,4138060,1.7,0.83
Peru,1995,10,South America,23424919,Americas,South America,28500,1545.0,23920117,0.12,0.01
Philippines,1995,10,Asia,23424934,Asia,South-Eastern Asia,1030195,309317.0,62236045,1.66,0.5
Portugal,1995,10,Europe,23424925,Europe,Southern Europe,196157,24937.0,9144940,2.14,0.27
Republic of Cabo Verde,1995,10,Africa,23424794,Africa,Western Africa,17061,17061.0,351821,4.85,4.85
Republic of Korea,1995,10,Asia,23424868,Asia,Eastern Asia,16515,,42218163,0.04,
Russian Federation,1995,10,Europe,23424936,Europe,Eastern Europe,8542,257.0,150479695,0.01,0.0
Rwanda,1995,10,Africa,23424937,Africa,Eastern Africa,137284,5.0,5667080,2.42,0.0
Saint Helena,1995,10,Seven seas (open ocean),23424944,Africa,Western Africa,384,,5533,6.94,
Saint Kitts and Nevis,1995,10,North America,23424940,Americas,Caribbean,16456,9823.0,29670,55.46,33.11
Saint Lucia,1995,10,North America,23424951,Americas,Caribbean,16655,,128916,12.92,
Saint Vincent and the Grenadines,1995,10,North America,23424981,Americas,Caribbean,7408,7408.0,57449,12.89,12.89
Samoa,1995,10,Oceania,23424992,Oceania,Polynesia,15981,,127115,12.57,
Saudi Arabia,1995,10,Asia,23424938,Asia,Western Asia,177493,,18497414,0.96,
South Africa,1995,10,Africa,23424942,Africa,Southern Africa,0,,43696703,0.0,
South Georgia and the Islands,1995,10,Seven seas (open ocean),23424955,Seven seas (open ocean),Seven seas (open ocean),0,,0,,
Spain,1995,10,Europe,23424950,Europe,Southern Europe,144117,59255.0,37985501,0.38,0.16
Sudan,1995,10,Africa,-90,Africa,Northern Africa,1591,,23286212,0.01,
Taiwan,1995,10,Asia,23424971,Asia,Eastern Asia,466375,,20897635,2.23,
Tanzania,1995,10,Africa,23424973,Africa,Eastern Africa,152708,56756.0,30272386,0.5,0.19
Turkey,1995,10,Asia,23424969,Asia,Western Asia,19518,5.0,56769294,0.03,0.0
Uganda,1995,10,Africa,23424974,Africa,Eastern Africa,495327,,20812863,2.38,
United States,1995,10,North America,23424977,Americas,Northern America,43025,2342.0,261525201,0.02,0.0
Vanuatu,1995,10,Oceania,23424907,Oceania,Melanesia,6828,5408.0,110807,6.16,4.88
Yemen,1995,10,Asia,23425002,Asia,Western Asia,59278,43757.0,15855324,0.37,0.28
Algeria,2000,10,Africa,23424740,Africa,Northern Africa,123,,30023595,0.0,
American Samoa,2000,10,Oceania,23424746,Oceania,Polynesia,44971,,48598,92.54,
Antarctica,2000,10,Antarctica,28289409,Antarctica,Antarctica,0,0.0,0,,
Argentina,2000,10,South America,23424747,Americas,South America,674,105.0,36852868,0.0,0.0
Armenia,2000,10,Asia,23424743,Asia,Western Asia,3105,,3146488,0.1,
Australia,2000,10,Oceania,-90,Oceania,Australia and New Zealand,220,,18523298,0.0,
Azerbaijan,2000,10,Asia,23424741,Asia,Western Asia,0,,8070003,0.0,
Bolivia,2000,10,South America,23424762,Americas,South America,223,,8561119,0.0,
Cameroon,2000,10,Africa,23424785,Africa,Middle Africa,152792,70340.0,14872648,1.03,0.47
Canada,2000,10,North America,23424775,Americas,Northern America,62,0.0,28885889,0.0,0.0
Chad,2000,10,Africa,23424777,Africa,Middle Africa,170,,8365427,0.0,
Chile,2000,10,South America,23424782,Americas,South America,17981,4261.0,15096662,0.12,0.03
China,2000,10,Asia,23424781,Asia,Eastern Asia,295614,59905.0,1249662753,0.02,0.0
Colombia,2000,10,South America,23424787,Americas,South America,236706,155124.0,38716270,0.61,0.4
Comoros,2000,10,Africa,23424786,Africa,Eastern Africa,46525,18251.0,434486,10.71,4.2
Costa Rica,2000,10,North America,23424791,Americas,Central America,131341,37731.0,3937817,3.34,0.96
Dem. Rep. Korea,2000,10,Asia,23424865,Asia,Eastern Asia,36178,2698.0,22641055,0.16,0.01
Democratic Republic of the Congo,2000,10,Africa,23424780,Africa,Middle Africa,14272,10339.0,48252243,0.03,0.02
Djibouti,2000,10,Africa,23424797,Africa,Eastern Africa,1339,,585583,0.23,
Dominica,2000,10,North America,23424798,Americas,Caribbean,47048,,50988,92.27,
Ecuador,2000,10,South America,23424801,Americas,South America,516783,90247.0,12147561,4.25,0.74
El Salvador,2000,10,North America,23424807,Americas,Central America,1854674,995230.0,5901781,31.43,16.86
Equatorial Guinea,2000,10,Africa,23424804,Africa,Middle Africa,521,,616521,0.08,
Eritrea,2000,10,Africa,23424806,Africa,Eastern Africa,2295,729.0,2435819,0.09,0.03
Ethiopia,2000,10,Africa,23424808,Africa,Eastern Africa,800141,152229.0,66634033,1.2,0.23
Fiji,2000,10,Oceania,23424813,Oceania,Melanesia,1464,,724471,0.2,
France,2000,10,Europe,-90,Europe,Western Europe,249695,61242.0,58723473,0.43,0.1
French Southern and Antarctic Lands,2000,10,Seven seas (open ocean),28289406,Seven seas (open ocean),Seven seas (open ocean),0,,0,,
Georgia,2000,10,Asia,23424823,Asia,Western Asia,681,,4188355,0.02,
Germany,2000,10,Europe,23424829,Europe,Western Europe,24518,,81450054,0.03,
Greece,2000,10,Europe,23424833,Europe,Southern Europe,13455,9697.0,10301442,0.13,0.09
Grenada,2000,10,North America,23424826,Americas,Caribbean,41611,4176.0,82715,50.31,5.05
Guatemala,2000,10,North America,23424834,Americas,Central America,1010926,184786.0,11692819,8.65,1.58
Heard I. and McDonald Islands,2000,10,Seven seas (open ocean),28289411,Seven seas (open ocean),Seven seas (open ocean),0,,0,,
Honduras,2000,10,North America,23424841,Americas,Central America,42794,,6561059,0.65,
Iceland,2000,10,Europe,23424845,Europe,Northern Europe,2354,65.0,245104,0.96,0.03
Indonesia,2000,10,Asia,23424846,Asia,South-Eastern Asia,7263042,3378137.0,205315269,3.54,1.65
Iran,2000,10,Asia,23424851,Asia,Southern Asia,1460,,65106444,0.0,
Italy,2000,10,Europe,23424853,Europe,Southern Europe,1679381,1439489.0,55523054,3.02,2.59
Japan,2000,10,Asia,23424856,Asia,Eastern Asia,809627,321773.0,122592283,0.66,0.26
Jordan,2000,10,Asia,23424860,Asia,Western Asia,72,,5050672,0.0,
Kenya,2000,10,Africa,23424863,Africa,Eastern Africa,486519,,30893412,1.57,
Mexico,2000,10,North America,23424900,Americas,Central America,413728,95714.0,97385807,0.42,0.1
Mongolia,2000,10,Asia,23424887,Asia,Eastern Asia,4419,,2452311,0.18,
Montserrat,2000,10,North America,23424888,Americas,Caribbean,3005,3005.0,3005,100.0,100.0
Myanmar,2000,10,Asia,23424763,Asia,South-Eastern Asia,17909,,43743505,0.04,
Netherlands,2000,10,Europe,-90,Europe,Western Europe,2972,,15665593,0.02,
New Zealand,2000,10,Oceania,23424916,Oceania,Australia and New Zealand,377891,155.0,3565537,10.6,0.0
Nicaragua,2000,10,North America,23424915,Americas,Central America,1178135,364012.0,5038466,23.38,7.22
Niger,2000,10,Africa,23424906,Africa,Western Africa,5,,11684744,0.0,
Northern Mariana Islands,2000,10,Oceania,23424788,Oceania,Micronesia,0,,72046,0.0,
Norway,2000,10,Europe,-90,Europe,Northern Europe,0,,3870990,0.0,
Panama,2000,10,North America,23424924,Americas,Central America,10010,,2945275,0.34,
Papua New Guinea,2000,10,Oceania,23424926,Oceania,Melanesia,83229,39743.0,4952920,1.68,0.8
Peru,2000,10,South America,23424919,Americas,South America,28848,1553.0,26081265,0.11,0.01
Philippines,2000,10,Asia,23424934,Asia,South-Eastern Asia,1224023,355218.0,70177675,1.74,0.51
Portugal,2000,10,Europe,23424925,Europe,Southern Europe,203109,25602.0,9376611,2.17,0.27
Republic of Cabo Verde,2000,10,Africa,23424794,Africa,Western Africa,18764,18764.0,392436,4.78,4.78
Republic of Korea,2000,10,Asia,23424868,Asia,Eastern Asia,16017,,43603434,0.04,
Russian Federation,2000,10,Europe,23424936,Europe,Eastern Europe,7939,241.0,148669853,0.01,0.0
Rwanda,2000,10,Africa,23424937,Africa,Eastern Africa,186154,5.0,8054506,2.31,0.0
Saint Helena,2000,10,Seven seas (open ocean),23424944,Africa,Western Africa,398,,5205,7.65,
Saint Kitts and Nevis,2000,10,North America,23424940,Americas,Caribbean,17887,10430.0,31651,56.51,32.95
Saint Lucia,2000,10,North America,23424951,Americas,Caribbean,17418,,134926,12.91,
Saint Vincent and the Grenadines,2000,10,North America,23424981,Americas,Caribbean,7192,7192.0,57068,12.6,12.6
Samoa,2000,10,Oceania,23424992,Oceania,Polynesia,16716,,133699,12.5,
Saudi Arabia,2000,10,Asia,23424938,Asia,Western Asia,192699,,21109556,0.91,
South Africa,2000,10,Africa,23424942,Africa,Southern Africa,0,,46504472,0.0,
South Georgia and the Islands,2000,10,Seven seas (open ocean),23424955,Seven seas (open ocean),Seven seas (open ocean),0,,0,,
Spain,2000,10,Europe,23424950,Europe,Southern Europe,151157,60474.0,38846992,0.39,0.16
Sudan,2000,10,Africa,-90,Africa,Northern Africa,1533,,26315371,0.01,
Taiwan,2000,10,Asia,23424971,Asia,Eastern Asia,460218,,21632542,2.13,
Tanzania,2000,10,Africa,23424973,Africa,Eastern Africa,165844,59922.0,34151720,0.49,0.18
Turkey,2000,10,Asia,23424969,Asia,Western Asia,19226,5.0,61437332,0.03,0.0
Uganda,2000,10,Africa,23424974,Africa,Eastern Africa,543264,,24159051,2.25,
United States,2000,10,North America,23424977,Americas,Northern America,46716,2350.0,278063907,0.02,0.0
Vanuatu,2000,10,Oceania,23424907,Oceania,Melanesia,7397,5828.0,125333,5.9,4.65
Yemen,2000,10,Asia,23425002,Asia,Western Asia,67415,49134.0,18333580,0.37,0.27
Algeria,2005,10,Africa,23424740,Africa,Northern Africa,119,,32183109,0.0,
American Samoa,2005,10,Oceania,23424746,Oceania,Polynesia,44731,,47748,93.68,
Antarctica,2005,10,Antarctica,28289409,Antarctica,Antarctica,0,0.0,0,,
Argentina,2005,10,South America,23424747,Americas,South America,660,98.0,38832910,0.0,0.0
Armenia,2005,10,Asia,23424743,Asia,Western Asia,2862,,3027047,0.09,
Australia,2005,10,Oceania,-90,Oceania,Australia and New Zealand,218,,19638881,0.0,
Azerbaijan,2005,10,Asia,23424741,Asia,Western Asia,0,,8524386,0.0,
Bolivia,2005,10,South America,23424762,Americas,South America,249,,9337331,0.0,
Cameroon,2005,10,Africa,23424785,Africa,Middle Africa,162086,78908.0,17014024,0.95,0.46
Canada,2005,10,North America,23424775,Americas,Northern America,64,0.0,30348157,0.0,0.0
Chad,2005,10,Africa,23424777,Africa,Middle Africa,263,,10103678,0.0,
Chile,2005,10,South America,23424782,Americas,South America,18733,4019.0,15908420,0.12,0.03
China,2005,10,Asia,23424781,Asia,Eastern Asia,328080,60750.0,1288932024,0.03,0.0
Colombia,2005,10,South America,23424787,Americas,South America,246126,164902.0,41673211,0.59,0.4
Comoros,2005,10,Africa,23424786,Africa,Eastern Africa,51008,20041.0,481213,10.6,4.16
Costa Rica,2005,10,North America,23424791,Americas,Central America,146251,42072.0,4271052,3.42,0.99
Dem. Rep. Korea,2005,10,Asia,23424865,Asia,Eastern Asia,36239,2619.0,23358013,0.16,0.01
Democratic Republic of the Congo,2005,10,Africa,23424780,Africa,Middle Africa,16314,11746.0,56130886,0.03,0.02
Djibouti,2005,10,Africa,23424797,Africa,Eastern Africa,1455,,656391,0.22,
Dominica,2005,10,North America,23424798,Americas,Caribbean,48228,,52009,92.73,
Ecuador,2005,10,South America,23424801,Americas,South America,582183,99593.0,13274895,4.39,0.75
El Salvador,2005,10,North America,23424807,Americas,Central America,1892144,1022936.0,5982501,31.63,17.1
Equatorial Guinea,2005,10,Africa,23424804,Africa,Middle Africa,607,,789527,0.08,
Eritrea,2005,10,Africa,23424806,Africa,Eastern Africa,2417,760.0,2879065,0.08,0.03
Ethiopia,2005,10,Africa,23424808,Africa,Eastern Africa,947128,178955.0,76929960,1.23,0.23
Fiji,2005,10,Oceania,23424813,Oceania,Melanesia,1526,,764175,0.2,
France,2005,10,Europe,-90,Europe,Western Europe,255375,57576.0,60609111,0.42,0.09
French Southern and Antarctic Lands,2005,10,Seven seas (open ocean),28289406,Seven seas (open ocean),Seven seas (open ocean),0,,0,,
Georgia,2005,10,Asia,23424823,Asia,Western Asia,643,,3880282,0.02,
Germany,2005,10,Europe,23424829,Europe,Western Europe,24394,,81115997,0.03,
Greece,2005,10,Europe,23424833,Europe,Southern Europe,13875,10009.0,10369749,0.13,0.1
Grenada,2005,10,North America,23424826,Americas,Caribbean,42547,4334.0,85204,49.94,5.09
Guatemala,2005,10,North America,23424834,Americas,Central America,1102624,204326.0,13086368,8.43,1.56
Heard I. and McDonald Islands,2005,10,Seven seas (open ocean),28289411,Seven seas (open ocean),Seven seas (open ocean),0,,0,,
Honduras,2005,10,North America,23424841,Americas,Central America,50576,,7453092,0.68,
Iceland,2005,10,Europe,23424845,Europe,Northern Europe,2429,62.0,260435,0.93,0.02
Indonesia,2005,10,Asia,23424846,Asia,South-Eastern Asia,7661864,3583245.0,219317098,3.49,1.63
Iran,2005,10,Asia,23424851,Asia,Southern Asia,1571,,69686015,0.0,
Italy,2005,10,Europe,23424853,Europe,Southern Europe,1680537,1428986.0,56739025,2.96,2.52
Japan,2005,10,Asia,23424856,Asia,Eastern Asia,793586,315375.0,123655780,0.64,0.26
Jordan,2005,10,Asia,23424860,Asia,Western Asia,90,,5670904,0.0,
Kenya,2005,10,Africa,23424863,Africa,Eastern Africa,557314,,35886819,1.55,
Mexico,2005,10,North America,23424900,Americas,Central America,450199,103374.0,104907133,0.43,0.1
Mongolia,2005,10,Asia,23424887,Asia,Eastern Asia,4129,,2562207,0.16,
Montserrat,2005,10,North America,23424888,Americas,Caribbean,2583,2583.0,2583,100.0,100.0
Myanmar,2005,10,Asia,23424763,Asia,South-Eastern Asia,19540,,45784106,0.04,
Netherlands,2005,10,Europe,-90,Europe,Western Europe,3614,,16029051,0.02,
New Zealand,2005,10,Oceania,23424916,Oceania,Australia and New Zealand,420616,150.0,3816964,11.02,0.0
Nicaragua,2005,10,North America,23424915,Americas,Central America,1236297,393490.0,5365941,23.04,7.33
Niger,2005,10,Africa,23424906,Africa,Western Africa,5,,13923114,0.0,
Northern Mariana Islands,2005,10,Oceania,23424788,Oceania,Micronesia,0,,62740,0.0,
Norway,2005,10,Europe,-90,Europe,Northern Europe,0,,3996821,0.0,
Panama,2005,10,North America,23424924,Americas,Central America,10634,,3244618,0.33,
Papua New Guinea,2005,10,Oceania,23424926,Oceania,Melanesia,97304,45828.0,5863700,1.66,0.78
Peru,2005,10,South America,23424919,Americas,South America,27096,1513.0,27563390,0.1,0.01
Philippines,2005,10,Asia,23424934,Asia,South-Eastern Asia,1416515,396219.0,77772610,1.82,0.51
Portugal,2005,10,Europe,23424925,Europe,Southern Europe,211298,26251.0,9587868,2.2,0.27
Republic of Cabo Verde,2005,10,Africa,23424794,Africa,Western Africa,20203,20203.0,421447,4.79,4.79
Republic of Korea,2005,10,Asia,23424868,Asia,Eastern Asia,14919,,44745216,0.03,
Russian Federation,2005,10,Europe,23424936,Europe,Eastern Europe,7447,205.0,145549931,0.01,0.0
Rwanda,2005,10,Africa,23424937,Africa,Eastern Africa,198261,6.0,8971035,2.21,0.0
Saint Helena,2005,10,Seven seas (open ocean),23424944,Africa,Western Africa,402,,4733,8.49,
Saint Kitts and Nevis,2005,10,North America,23424940,Americas,Caribbean,18595,10591.0,32666,56.92,32.42
Saint Lucia,2005,10,North America,23424951,Americas,Caribbean,17951,,139650,12.85,
Saint Vincent and the Grenadines,2005,10,North America,23424981,Americas,Caribbean,6893,6893.0,56104,12.29,12.29
Samoa,2005,10,Oceania,23424992,Oceania,Polynesia,16754,,136979,12.23,
Saudi Arabia,2005,10,Asia,23424938,Asia,Western Asia,196023,,23910690,0.82,
South Africa,2005,10,Africa,23424942,Africa,Southern Africa,0,,48691559,0.0,
South Georgia and the Islands,2005,10,Seven seas (open ocean),23424955,Seven seas (open ocean),Seven seas (open ocean),0,,0,,
Spain,2005,10,Europe,23424950,Europe,Southern Europe,173067,69561.0,41598884,0.42,0.17
Sudan,2005,10,Africa,-90,Africa,Northern Africa,1566,,29582021,0.01,
Taiwan,2005,10,Asia,23424971,Asia,Eastern Asia,469673,,22235534,2.11,
Tanzania,2005,10,Africa,23424973,Africa,Eastern Africa,180572,63567.0,39106144,0.46,0.16
Turkey,2005,10,Asia,23424969,Asia,Western Asia,18991,5.0,65864498,0.03,0.0
Uganda,2005,10,Africa,23424974,Africa,Eastern Africa,601527,,28094850,2.14,
United States,2005,10,North America,23424977,Americas,Northern America,53898,2710.0,292325066,0.02,0.0
Vanuatu,2005,10,Oceania,23424907,Oceania,Melanesia,8049,6309.0,142749,5.64,4.42
Yemen,2005,10,Asia,23425002,Asia,Western Asia,75096,54801.0,20967477,0.36,0.26
Algeria,2010,10,Africa,23424740,Africa,Northern Africa,119,,35045175,0.0,
American Samoa,2010,10,Oceania,23424746,Oceania,Polynesia,41127,,44637,92.14,
Antarctica,2010,10,Antarctica,28289409,Antarctica,Antarctica,0,0.0,0,,
Argentina,2010,10,South America,23424747,Americas,South America,643,92.0,40840615,0.0,0.0
Armenia,2010,10,Asia,23424743,Asia,Western Asia,2671,,2927352,0.09,
Australia,2010,10,Oceania,-90,Oceania,Australia and New Zealand,216,,21430390,0.0,
Azerbaijan,2010,10,Asia,23424741,Asia,Western Asia,0,,9093658,0.0,
Bolivia,2010,10,South America,23424762,Americas,South America,287,,10170070,0.0,
Cameroon,2010,10,Africa,23424785,Africa,Middle Africa,174147,87480.0,19572095,0.89,0.45
Canada,2010,10,North America,23424775,Americas,Northern America,67,0.0,32015827,0.0,0.0
Chad,2010,10,Africa,23424777,Africa,Middle Africa,392,,11985641,0.0,
Chile,2010,10,South America,23424782,Americas,South America,19961,3850.0,16722617,0.12,0.02
China,2010,10,Asia,23424781,Asia,Eastern Asia,367599,62368.0,1330699560,0.03,0.0
Colombia,2010,10,South America,23424787,Americas,South America,249655,170490.0,44237371,0.56,0.39
Comoros,2010,10,Africa,23424786,Africa,Eastern Africa,55833,21945.0,534339,10.45,4.11
Costa Rica,2010,10,North America,23424791,Americas,Central America,159703,46015.0,4573978,3.49,1.01
Dem. Rep. Korea,2010,10,Asia,23424865,Asia,Eastern Asia,36111,2579.0,23961266,0.15,0.01
Democratic Republic of the Congo,2010,10,Africa,23424780,Africa,Middle Africa,19010,13352.0,65913014,0.03,0.02
Djibouti,2010,10,Africa,23424797,Africa,Eastern Africa,1522,,725168,0.21,
Dominica,2010,10,North America,23424798,Americas,Caribbean,49208,,52825,93.15,
Ecuador,2010,10,South America,23424801,Americas,South America,654264,109625.0,14480105,4.52,0.76
El Salvador,2010,10,North America,23424807,Americas,Central America,1919667,1038326.0,6059436,31.68,17.14
Equatorial Guinea,2010,10,Africa,23424804,Africa,Middle Africa,768,,1014730,0.08,
Eritrea,2010,10,Africa,23424806,Africa,Eastern Africa,2334,714.0,3207853,0.07,0.02
Ethiopia,2010,10,Africa,23424808,Africa,Eastern Africa,1109812,204845.0,88559571,1.25,0.23
Fiji,2010,10,Oceania,23424813,Oceania,Melanesia,1570,,793619,0.2,
France,2010,10,Europe,-90,Europe,Western Europe,262215,55434.0,62622829,0.42,0.09
French Southern and Antarctic Lands,2010,10,Seven seas (open ocean),28289406,Seven seas (open ocean),Seven seas (open ocean),0,,0,,
Georgia,2010,10,Asia,23424823,Asia,Western Asia,628,,3746158,0.02,
Germany,2010,10,Europe,23424829,Europe,Western Europe,24329,,81231353,0.03,
Greece,2010,10,Europe,23424833,Europe,Southern Europe,14019,10123.0,10295129,0.14,0.1
Grenada,2010,10,North America,23424826,Americas,Caribbean,44027,4546.0,88431,49.79,5.14
Guatemala,2010,10,North America,23424834,Americas,Central America,1199492,225547.0,14492440,8.28,1.56
Heard I. and McDonald Islands,2010,10,Seven seas (open ocean),28289411,Seven seas (open ocean),Seven seas (open ocean),0,,0,,
Honduras,2010,10,North America,23424841,Americas,Central America,58340,,8323896,0.7,
Iceland,2010,10,Europe,23424845,Europe,Northern Europe,2587,62.0,280902,0.92,0.02
Indonesia,2010,10,Asia,23424846,Asia,South-Eastern Asia,8017439,3771982.0,233757911,3.43,1.61
Iran,2010,10,Asia,23424851,Asia,Southern Asia,1703,,74798887,0.0,
Italy,2010,10,Europe,23424853,Europe,Southern Europe,1681993,1415116.0,58335711,2.88,2.43
Japan,2010,10,Asia,23424856,Asia,Eastern Asia,777903,309717.0,124028135,0.63,0.25
Jordan,2010,10,Asia,23424860,Asia,Western Asia,120,,6919148,0.0,
Kenya,2010,10,Africa,23424863,Africa,Eastern Africa,634490,,41555667,1.53,
Mexico,2010,10,North America,23424900,Americas,Central America,479407,106507.0,111957548,0.43,0.1
Mongolia,2010,10,Asia,23424887,Asia,Eastern Asia,3819,,2706741,0.14,
Montserrat,2010,10,North America,23424888,Americas,Caribbean,2726,2726.0,2726,100.0,100.0
Myanmar,2010,10,Asia,23424763,Asia,South-Eastern Asia,20383,,47375406,0.04,
Netherlands,2010,10,Europe,-90,Europe,Western Europe,4443,,16388779,0.03,
New Zealand,2010,10,Oceania,23424916,Oceania,Australia and New Zealand,449290,145.0,4011215,11.2,0.0
Nicaragua,2010,10,North America,23424915,Americas,Central America,1313672,419234.0,5763059,22.79,7.27
Niger,2010,10,Africa,23424906,Africa,Western Africa,6,,16721029,0.0,
Northern Mariana Islands,2010,10,Oceania,23424788,Oceania,Micronesia,0,,50150,0.0,
Norway,2010,10,Europe,-90,Europe,Northern Europe,0,,4238682,0.0,
Panama,2010,10,North America,23424924,Americas,Central America,11181,,3557527,0.31,
Papua New Guinea,2010,10,Oceania,23424926,Oceania,Melanesia,112748,52089.0,6871437,1.64,0.76
Peru,2010,10,South America,23424919,Americas,South America,24481,1406.0,28650298,0.09,0.0
Philippines,2010,10,Asia,23424934,Asia,South-Eastern Asia,1606199,429245.0,85432325,1.88,0.5
Portugal,2010,10,Europe,23424925,Europe,Southern Europe,215784,26241.0,9647054,2.24,0.27
Republic of Cabo Verde,2010,10,Africa,23424794,Africa,Western Africa,21199,21199.0,446381,4.75,4.75
Republic of Korea,2010,10,Asia,23424868,Asia,Eastern Asia,14233,,45670165,0.03,
Russian Federation,2010,10,Europe,23424936,Europe,Eastern Europe,7134,181.0,144953493,0.0,0.0
Rwanda,2010,10,Africa,23424937,Africa,Eastern Africa,218474,6.0,10248901,2.13,0.0
Saint Helena,2010,10,Seven seas (open ocean),23424944,Africa,Western Africa,423,,4505,9.39,
Saint Kitts and Nevis,2010,10,North America,23424940,Americas,Caribbean,19085,10624.0,33290,57.33,31.91
Saint Lucia,2010,10,North America,23424951,Americas,Caribbean,18445,,144045,12.81,
Saint Vincent and the Grenadines,2010,10,North America,23424981,Americas,Caribbean,6532,6532.0,54566,11.97,11.97
Samoa,2010,10,Oceania,23424992,Oceania,Polynesia,16783,,141147,11.89,
Saudi Arabia,2010,10,Asia,23424938,Asia,Western Asia,225431,,28834410,0.78,
South Africa,2010,10,Africa,23424942,Africa,Southern Africa,0,,51437012,0.0,
South Georgia and the Islands,2010,10,Seven seas (open ocean),23424955,Seven seas (open ocean),Seven seas (open ocean),0,,0,,
Spain,2010,10,Europe,23424950,Europe,Southern Europe,194342,78208.0,44298309,0.44,0.18
Sudan,2010,10,Africa,-90,Africa,Northern Africa,1692,,33801130,0.01,
Taiwan,2010,10,Asia,23424971,Asia,Eastern Asia,484147,,22534802,2.15,
Tanzania,2010,10,Africa,23424973,Africa,Eastern Africa,196929,66844.0,44768227,0.44,0.15
Turkey,2010,10,Asia,23424969,Asia,Western Asia,18257,5.0,70216178,0.03,0.0
Uganda,2010,10,Africa,23424974,Africa,Eastern Africa,660275,,32494911,2.03,
United States,2010,10,North America,23424977,Americas,Northern America,53085,3011.0,306548175,0.02,0.0
Vanuatu,2010,10,Oceania,23424907,Oceania,Melanesia,8708,6787.0,161809,5.38,4.19
Yemen,2010,10,Asia,23425002,Asia,Western Asia,86414,63230.0,24330034,0.36,0.26
Algeria,2015,10,Africa,23424740,Africa,Northern Africa,124,,38674218,0.0,
American Samoa,2015,10,Oceania,23424746,Oceania,Polynesia,39528,,41925,94.28,
Antarctica,2015,10,Antarctica,28289409,Antarctica,Antarctica,0,0.0,0,,
Argentina,2015,10,South America,23424747,Americas,South America,657,91.0,42967520,0.0,0.0
Armenia,2015,10,Asia,23424743,Asia,Western Asia,2499,,2861376,0.09,
Australia,2015,10,Oceania,-90,Oceania,Australia and New Zealand,207,,23182300,0.0,
Azerbaijan,2015,10,Asia,23424741,Asia,Western Asia,0,,9706901,0.0,
Bolivia,2015,10,South America,23424762,Americas,South America,333,,11021558,0.0,
Cameroon,2015,10,Africa,23424785,Africa,Middle Africa,191625,97351.0,22657906,0.85,0.43
Canada,2015,10,North America,23424775,Americas,Northern America,70,0.0,33718218,0.0,0.0
Chad,2015,10,Africa,23424777,Africa,Middle Africa,572,,14224574,0.0,
Chile,2015,10,South America,23424782,Americas,South America,21366,3785.0,17573677,0.12,0.02
China,2015,10,Asia,23424781,Asia,Eastern Asia,380705,63022.0,1375196089,0.03,0.0
Colombia,2015,10,South America,23424787,Americas,South America,245248,169880.0,46514971,0.53,0.37
Comoros,2015,10,Africa,23424786,Africa,Eastern Africa,61626,24240.0,596183,10.34,4.07
Costa Rica,2015,10,North America,23424791,Americas,Central America,170488,48642.0,4844387,3.52,1.0
Dem. Rep. Korea,2015,10,Asia,23424865,Asia,Eastern Asia,36087,2575.0,24564565,0.15,0.01
Democratic Republic of the Congo,2015,10,Africa,23424780,Africa,Middle Africa,22475,15208.0,78102557,0.03,0.02
Djibouti,2015,10,Africa,23424797,Africa,Eastern Africa,1586,,791664,0.2,
Dominica,2015,10,North America,23424798,Americas,Caribbean,50893,,54399,93.56,
Ecuador,2015,10,South America,23424801,Americas,South America,721595,118850.0,15663076,4.61,0.76
El Salvador,2015,10,North America,23424807,Americas,Central America,1962453,1066426.0,6175095,31.78,17.27
Equatorial Guinea,2015,10,Africa,23424804,Africa,Middle Africa,898,,1260309,0.07,
Eritrea,2015,10,Africa,23424806,Africa,Eastern Africa,2178,616.0,3422068,0.06,0.02
Ethiopia,2015,10,Africa,23424808,Africa,Eastern Africa,1271821,220952.0,101655659,1.25,0.22
Fiji,2015,10,Oceania,23424813,Oceania,Melanesia,1580,,807072,0.2,
France,2015,10,Europe,-90,Europe,Western Europe,275316,53298.0,64064900,0.43,0.08
French Southern and Antarctic Lands,2015,10,Seven seas (open ocean),28289406,Seven seas (open ocean),Seven seas (open ocean),0,,0,,
Georgia,2015,10,Asia,23424823,Asia,Western Asia,616,,3669540,0.02,
Germany,2015,10,Europe,23424829,Europe,Western Europe,24546,,81977387,0.03,
Greece,2015,10,Europe,23424833,Europe,Southern Europe,13842,10012.0,10084502,0.14,0.1
Grenada,2015,10,North America,23424826,Americas,Caribbean,46020,4830.0,92193,49.92,5.24
Guatemala,2015,10,North America,23424834,Americas,Central America,1303477,250539.0,15945168,8.17,1.57
Heard I. and McDonald Islands,2015,10,Seven seas (open ocean),28289411,Seven seas (open ocean),Seven seas (open ocean),0,,0,,
Honduras,2015,10,North America,23424841,Americas,Central America,66054,,9152946,0.72,
Iceland,2015,10,Europe,23424845,Europe,Northern Europe,2762,63.0,293095,0.94,0.02
Indonesia,2015,10,Asia,23424846,Asia,South-Eastern Asia,8349990,3954210.0,248047434,3.37,1.59
Iran,2015,10,Asia,23424851,Asia,Southern Asia,1830,,81128566,0.0,
Italy,2015,10,Europe,23424853,Europe,Southern Europe,1682388,1401549.0,58755533,2.86,2.39
Japan,2015,10,Asia,23424856,Asia,Eastern Asia,771418,307514.0,123213246,0.63,0.25
Jordan,2015,10,Asia,23424860,Asia,Western Asia,188,,9470100,0.0,
Kenya,2015,10,Africa,23424863,Africa,Eastern Africa,698991,,46901625,1.49,
Mexico,2015,10,North America,23424900,Americas,Central America,511573,112723.0,119522192,0.43,0.09
Mongolia,2015,10,Asia,23424887,Asia,Eastern Asia,3784,,2969429,0.13,
Montserrat,2015,10,North America,23424888,Americas,Caribbean,2781,2781.0,2781,100.0,100.0
Myanmar,2015,10,Asia,23424763,Asia,South-Eastern Asia,21305,,49378551,0.04,
Netherlands,2015,10,Europe,-90,Europe,Western Europe,5128,,16817924,0.03,
New Zealand,2015,10,Oceania,23424916,Oceania,Australia and New Zealand,490200,139.0,4231520,11.58,0.0
Nicaragua,2015,10,North America,23424915,Americas,Central America,1363453,446311.0,6200081,21.99,7.2
Niger,2015,10,Africa,23424906,Africa,Western Africa,8,,20204122,0.0,
Northern Mariana Islands,2015,10,Oceania,23424788,Oceania,Micronesia,0,,48108,0.0,
Norway,2015,10,Europe,-90,Europe,Northern Europe,0,,4507580,0.0,
Panama,2015,10,North America,23424924,Americas,Central America,11886,,3885814,0.31,
Papua New Guinea,2015,10,Oceania,23424926,Oceania,Melanesia,128391,58566.0,7901462,1.62,0.74
Peru,2015,10,South America,23424919,Americas,South America,23293,1389.0,30105740,0.08,0.0
Philippines,2015,10,Asia,23424934,Asia,South-Eastern Asia,1813039,461615.0,93096503,1.95,0.5
Portugal,2015,10,Europe,23424925,Europe,Southern Europe,212219,25043.0,9423032,2.25,0.27
Republic of Cabo Verde,2015,10,Africa,23424794,Africa,Western Africa,22387,22387.0,474957,4.71,4.71
Republic of Korea,2015,10,Asia,23424868,Asia,Eastern Asia,14769,,47734835,0.03,
Russian Federation,2015,10,Europe,23424936,Europe,Eastern Europe,6989,164.0,146360063,0.0,0.0
Rwanda,2015,10,Africa,23424937,Africa,Eastern Africa,235221,7.0,11576111,2.03,0.0
Saint Helena,2015,10,Seven seas (open ocean),23424944,Africa,Western Africa,476,,4604,10.34,
Saint Kitts and Nevis,2015,10,North America,23424940,Americas,Caribbean,19250,10478.0,33607,57.28,31.18
Saint Lucia,2015,10,North America,23424951,Americas,Caribbean,18734,,147222,12.73,
Saint Vincent and the Grenadines,2015,10,North America,23424981,Americas,Caribbean,6173,6173.0,52810,11.69,11.69
Samoa,2015,10,Oceania,23424992,Oceania,Polynesia,17142,,147338,11.63,
Saudi Arabia,2015,10,Asia,23424938,Asia,Western Asia,220986,,32104489,0.69,
South Africa,2015,10,Africa,23424942,Africa,Southern Africa,0,,55496257,0.0,
South Georgia and the Islands,2015,10,Seven seas (open ocean),23424955,Seven seas (open ocean),Seven seas (open ocean),0,,0,,
Spain,2015,10,Europe,23424950,Europe,Southern Europe,191828,77743.0,44192571,0.43,0.18
Sudan,2015,10,Africa,-90,Africa,Northern Africa,2215,,38243719,0.01,
Taiwan,2015,10,Asia,23424971,Asia,Eastern Asia,496541,,22972012,2.16,
Tanzania,2015,10,Africa,23424973,Africa,Eastern Africa,219332,71143.0,52182166,0.42,0.14
Turkey,2015,10,Asia,23424969,Asia,Western Asia,19142,6.0,76492591,0.03,0.0
Uganda,2015,10,Africa,23424974,Africa,Eastern Africa,722580,,37623707,1.92,
United States,2015,10,North America,23424977,Americas,Northern America,49205,3246.0,319833585,0.02,0.0
Vanuatu,2015,10,Oceania,23424907,Oceania,Melanesia,9583,7426.0,181336,5.28,4.1
Yemen,2015,10,Asia,23425002,Asia,Western Asia,99929,73769.0,28029124,0.36,0.26
Algeria,2020,10,Africa,23424740,Africa,Northern Africa,142,,42514701,0.0,
American Samoa,2020,10,Oceania,23424746,Oceania,Polynesia,32752,,36265,90.31,
Antarctica,2020,10,Antarctica,28289409,Antarctica,Antarctica,0,0.0,0,,
Argentina,2020,10,South America,23424747,Americas,South America,704,97.0,44715827,0.0,0.0
Armenia,2020,10,Asia,23424743,Asia,Western Asia,2519,,2788626,0.09,
Australia,2020,10,Oceania,-90,Oceania,Australia and New Zealand,203,,24978304,0.0,
Azerbaijan,2020,10,Asia,23424741,Asia,Western Asia,0,,10124768,0.0,
Bolivia,2020,10,South America,23424762,Americas,South America,386,,11854699,0.0,
Cameroon,2020,10,Africa,23424785,Africa,Middle Africa,211333,109200.0,26090835,0.81,0.42
Canada,2020,10,North America,23424775,Americas,Northern America,76,0.0,35793166,0.0,0.0
Chad,2020,10,Africa,23424777,Africa,Middle Africa,774,,16746086,0.0,
Chile,2020,10,South America,23424782,Americas,South America,23877,3985.0,18978577,0.13,0.02
China,2020,10,Asia,23424781,Asia,Eastern Asia,386174,62402.0,1405565188,0.03,0.0
Colombia,2020,10,South America,23424787,Americas,South America,253696,177182.0,50277041,0.5,0.35
Comoros,2020,10,Africa,23424786,Africa,Eastern Africa,68566,26913.0,657359,10.43,4.09
Costa Rica,2020,10,North America,23424791,Americas,Central America,177799,48925.0,5070754,3.51,0.96
Dem. Rep. Korea,2020,10,Asia,23424865,Asia,Eastern Asia,36402,3100.0,25119551,0.14,0.01
Democratic Republic of the Congo,2020,10,Africa,23424780,Africa,Middle Africa,27889,18327.0,92248145,0.03,0.02
Djibouti,2020,10,Africa,23424797,Africa,Eastern Africa,1340,,836549,0.16,
Dominica,2020,10,North America,23424798,Americas,Caribbean,52937,,56417,93.83,
Ecuador,2020,10,South America,23424801,Americas,South America,793004,130191.0,17016516,4.66,0.77
El Salvador,2020,10,North America,23424807,Americas,Central America,1993041,1095644.0,6236043,31.96,17.57
Equatorial Guinea,2020,10,Africa,23424804,Africa,Middle Africa,295,,1485611,0.02,
Eritrea,2020,10,Africa,23424806,Africa,Eastern Africa,2009,429.0,3677064,0.05,0.01
Ethiopia,2020,10,Africa,23424808,Africa,Eastern Africa,1415604,219642.0,116318933,1.22,0.19
Fiji,2020,10,Oceania,23424813,Oceania,Melanesia,1565,,812820,0.19,
France,2020,10,Europe,-90,Europe,Western Europe,288196,48714.0,64836584,0.44,0.08
French Southern and Antarctic Lands,2020,10,Seven seas (open ocean),28289406,Seven seas (open ocean),Seven seas (open ocean),0,,0,,
Georgia,2020,10,Asia,23424823,Asia,Western Asia,615,,3656297,0.02,
Germany,2020,10,Europe,23424829,Europe,Western Europe,24609,,83233927,0.03,
Greece,2020,10,Europe,23424833,Europe,Southern Europe,13760,9979.0,9809587,0.14,0.1
Grenada,2020,10,North America,23424826,Americas,Caribbean,43900,4641.0,94702,46.36,4.9
Guatemala,2020,10,North America,23424834,Americas,Central America,1398670,280348.0,17293364,8.09,1.62
Heard I. and McDonald Islands,2020,10,Seven seas (open ocean),28289411,Seven seas (open ocean),Seven seas (open ocean),0,,0,,
Honduras,2020,10,North America,23424841,Americas,Central America,69364,,9975223,0.7,
Iceland,2020,10,Europe,23424845,Europe,Northern Europe,2905,67.0,326096,0.89,0.02
Indonesia,2020,10,Asia,23424846,Asia,South-Eastern Asia,8572474,4078811.0,259976558,3.3,1.57
Iran,2020,10,Asia,23424851,Asia,Southern Asia,1875,,86564880,0.0,
Italy,2020,10,Europe,23424853,Europe,Southern Europe,1669892,1380400.0,58062954,2.88,2.38
Japan,2020,10,Asia,23424856,Asia,Eastern Asia,752439,300520.0,121288367,0.62,0.25
Jordan,2020,10,Asia,23424860,Asia,Western Asia,199,,10906862,0.0,
Kenya,2020,10,Africa,23424863,Africa,Eastern Africa,759220,,52045879,1.46,
Mexico,2020,10,North America,23424900,Americas,Central America,561620,130279.0,125282432,0.45,0.1
Mongolia,2020,10,Asia,23424887,Asia,Eastern Asia,3758,,3298551,0.11,
Montserrat,2020,10,North America,23424888,Americas,Caribbean,2425,2425.0,2425,100.0,100.0
Myanmar,2020,10,Asia,23424763,Asia,South-Eastern Asia,21688,,51262123,0.04,
Netherlands,2020,10,Europe,-90,Europe,Western Europe,5473,,17217252,0.03,
New Zealand,2020,10,Oceania,23424916,Oceania,Australia and New Zealand,571927,155.0,4656013,12.28,0.0
Nicaragua,2020,10,North America,23424915,Americas,Central America,1438920,463711.0,6652507,21.63,6.97
Niger,2020,10,Africa,23424906,Africa,Western Africa,9,,24397955,0.0,
Northern Mariana Islands,2020,10,Oceania,23424788,Oceania,Micronesia,0,,46017,0.0,
Norway,2020,10,Europe,-90,Europe,Northern Europe,0,,4681564,0.0,
Panama,2020,10,North America,23424924,Americas,Central America,12660,,4219322,0.3,
Papua New Guinea,2020,10,Oceania,23424926,Oceania,Melanesia,142884,64230.0,8918829,1.6,0.72
Peru,2020,10,South America,23424919,Americas,South America,23989,1534.0,32625021,0.07,0.0
Philippines,2020,10,Asia,23424934,Asia,South-Eastern Asia,2014836,492180.0,101438621,1.99,0.49
Portugal,2020,10,Europe,23424925,Europe,Southern Europe,211503,24351.0,9336094,2.27,0.26
Republic of Cabo Verde,2020,10,Africa,23424794,Africa,Western Africa,24254,24254.0,508467,4.77,4.77
Republic of Korea,2020,10,Asia,23424868,Asia,Eastern Asia,14262,,48569257,0.03,
Russian Federation,2020,10,Europe,23424936,Europe,Eastern Europe,6913,156.0,147268316,0.0,0.0
Rwanda,2020,10,Africa,23424937,Africa,Eastern Africa,246687,8.0,13069031,1.89,0.0
Saint Helena,2020,10,Seven seas (open ocean),23424944,Africa,Western Africa,507,,4489,11.29,
Saint Kitts and Nevis,2020,10,North America,23424940,Americas,Caribbean,19963,10472.0,32600,61.24,32.12
Saint Lucia,2020,10,North America,23424951,Americas,Caribbean,18695,,147964,12.63,
Saint Vincent and the Grenadines,2020,10,North America,23424981,Americas,Caribbean,5967,5967.0,51082,11.68,11.68
Samoa,2020,10,Oceania,23424992,Oceania,Polynesia,18238,,155809,11.71,
Saudi Arabia,2020,10,Asia,23424938,Asia,Western Asia,198381,,35270292,0.56,
South Africa,2020,10,Africa,23424942,Africa,Southern Africa,0,,58412964,0.0,
South Georgia and the Islands,2020,10,Seven seas (open ocean),23424955,Seven seas (open ocean),Seven seas (open ocean),0,,0,,
Spain,2020,10,Europe,23424950,Europe,Southern Europe,193976,80373.0,45123302,0.43,0.18
Sudan,2020,10,Africa,-90,Africa,Northern Africa,4778,,44470984,0.01,
Taiwan,2020,10,Asia,23424971,Asia,Eastern Asia,514908,,23292901,2.21,
Tanzania,2020,10,Africa,23424973,Africa,Eastern Africa,246345,76234.0,61321080,0.4,0.12
Turkey,2020,10,Asia,23424969,Asia,Western Asia,19042,6.0,80830013,0.02,0.0
Uganda,2020,10,Africa,23424974,Africa,Eastern Africa,809664,,44522380,1.82,
United States,2020,10,North America,23424977,Americas,Northern America,46954,3215.0,331055018,0.01,0.0
Vanuatu,2020,10,Oceania,23424907,Oceania,Melanesia,10416,8024.0,204960,5.08,3.91
Yemen,2020,10,Asia,23425002,Asia,Western Asia,116213,87382.0,31696604,0.37,0.28
Algeria,2025,10,Africa,23424740,Africa,Northern Africa,136,,45911529,0.0,
American Samoa,2025,10,Oceania,23424746,Oceania,Polynesia,30088,,33459,89.92,
Antarctica,2025,10,Antarctica,28289409,Antarctica,Antarctica,0,0.0,0,,
Argentina,2025,10,South America,23424747,Americas,South America,726,98.0,45992615,0.0,0.0
Armenia,2025,10,Asia,23424743,Asia,Western Asia,2435,,2761000,0.09,
Australia,2025,10,Oceania,-90,Oceania,Australia and New Zealand,198,,26223672,0.0,
Azerbaijan,2025,10,Asia,23424741,Asia,Western Asia,0,,10344480,0.0,
Bolivia,2025,10,South America,23424762,Americas,South America,446,,12645468,0.0,
Cameroon,2025,10,Africa,23424785,Africa,Middle Africa,228908,117057.0,29703347,0.77,0.39
Canada,2025,10,North America,23424775,Americas,Northern America,79,0.0,37275586,0.0,0.0
Chad,2025,10,Africa,23424777,Africa,Middle Africa,1097,,19517032,0.01,
Chile,2025,10,South America,23424782,Americas,South America,24928,3976.0,19361133,0.13,0.02
China,2025,10,Asia,23424781,Asia,Eastern Asia,378140,61034.0,1404772563,0.03,0.0
Colombia,2025,10,South America,23424787,Americas,South America,249259,174387.0,51938979,0.48,0.34
Comoros,2025,10,Africa,23424786,Africa,Eastern Africa,75301,29557.0,720142,10.46,4.1
Costa Rica,2025,10,North America,23424791,Americas,Central America,183855,49257.0,5226736,3.52,0.94
Dem. Rep. Korea,2025,10,Asia,23424865,Asia,Eastern Asia,36053,2972.0,25564891,0.14,0.01
Democratic Republic of the Congo,2025,10,Africa,23424780,Africa,Middle Africa,34515,21238.0,108384624,0.03,0.02
Djibouti,2025,10,Africa,23424797,Africa,Eastern Africa,1391,,898256,0.15,
Dominica,2025,10,North America,23424798,Americas,Caribbean,54993,,58395,94.17,
Ecuador,2025,10,South America,23424801,Americas,South America,834561,137970.0,17956093,4.65,0.77
El Salvador,2025,10,North America,23424807,Americas,Central America,2042417,1129834.0,6369736,32.06,17.74
Equatorial Guinea,2025,10,Africa,23424804,Africa,Middle Africa,326,,1664875,0.02,
Eritrea,2025,10,Africa,23424806,Africa,Eastern Africa,2079,442.0,4048525,0.05,0.01
Ethiopia,2025,10,Africa,23424808,Africa,Eastern Africa,1607889,236886.0,131977282,1.22,0.18
Fiji,2025,10,Oceania,23424813,Oceania,Melanesia,1591,,841446,0.19,
France,2025,10,Europe,-90,Europe,Western Europe,303256,45728.0,65467733,0.46,0.07
French Southern and Antarctic Lands,2025,10,Seven seas (open ocean),28289406,Seven seas (open ocean),Seven seas (open ocean),0,,0,,
Georgia,2025,10,Asia,23424823,Asia,Western Asia,648,,3592773,0.02,
Germany,2025,10,Europe,23424829,Europe,Western Europe,24600,,83104996,0.03,
Greece,2025,10,Europe,23424833,Europe,Southern Europe,13530,9820.0,9577163,0.14,0.1
Grenada,2025,10,North America,23424826,Americas,Caribbean,44251,4662.0,98013,45.15,4.76
Guatemala,2025,10,North America,23424834,Americas,Central America,1478951,298802.0,18561628,7.97,1.61
Heard I. and McDonald Islands,2025,10,Seven seas (open ocean),28289411,Seven seas (open ocean),Seven seas (open ocean),0,,0,,
Honduras,2025,10,North America,23424841,Americas,Central America,75512,,10760299,0.7,
Iceland,2025,10,Europe,23424845,Europe,Northern Europe,3103,72.0,338013,0.92,0.02
Indonesia,2025,10,Asia,23424846,Asia,South-Eastern Asia,8718637,4159746.0,269448748,3.24,1.54
Iran,2025,10,Asia,23424851,Asia,Southern Asia,1869,,89644349,0.0,
Italy,2025,10,Europe,23424853,Europe,Southern Europe,1648265,1356589.0,57120187,2.89,2.37
Japan,2025,10,Asia,23424856,Asia,Eastern Asia,741870,297254.0,118073188,0.63,0.25
Jordan,2025,10,Asia,23424860,Asia,Western Asia,220,,11418201,0.0,
Kenya,2025,10,Africa,23424863,Africa,Eastern Africa,819854,,57382670,1.43,
Mexico,2025,10,North America,23424900,Americas,Central America,575862,136533.0,129538146,0.44,0.11
Mongolia,2025,10,Asia,23424887,Asia,Eastern Asia,3804,,3541715,0.11,
Montserrat,2025,10,North America,23424888,Americas,Caribbean,2318,2318.0,2318,100.0,100.0
Myanmar,2025,10,Asia,23424763,Asia,South-Eastern Asia,21606,,53144581,0.04,
Netherlands,2025,10,Europe,-90,Europe,Western Europe,5770,,17509852,0.03,
New Zealand,2025,10,Oceania,23424916,Oceania,Australia and New Zealand,610550,151.0,4882325,12.51,0.0
Nicaragua,2025,10,North America,23424915,Americas,Central America,1523243,488221.0,7129034,21.37,6.85
Niger,2025,10,Africa,23424906,Africa,Western Africa,10,,29360052,0.0,
Northern Mariana Islands,2025,10,Oceania,23424788,Oceania,Micronesia,0,,46714,0.0,
Norway,2025,10,Europe,-90,Europe,Northern Europe,0,,4849006,0.0,
Panama,2025,10,North America,23424924,Americas,Central America,12716,,4509242,0.28,
Papua New Guinea,2025,10,Oceania,23424926,Oceania,Melanesia,154010,68700.0,9829899,1.57,0.7
Peru,2025,10,South America,23424919,Americas,South America,24009,1558.0,34285481,0.07,0.0
Philippines,2025,10,Asia,23424934,Asia,South-Eastern Asia,2214621,522490.0,109313828,2.03,0.48
Portugal,2025,10,Europe,23424925,Europe,Southern Europe,209685,23610.0,9221347,2.27,0.26
Republic of Cabo Verde,2025,10,Africa,23424794,Africa,Western Africa,26212,26212.0,536427,4.89,4.89
Republic of Korea,2025,10,Asia,23424868,Asia,Eastern Asia,14172,,48446667,0.03,
Russian Federation,2025,10,Europe,23424936,Europe,Eastern Europe,6594,145.0,144910455,0.0,0.0
Rwanda,2025,10,Africa,23424937,Africa,Eastern Africa,257048,8.0,14656533,1.75,0.0
Saint Helena,2025,10,Seven seas (open ocean),23424944,Africa,Western Africa,523,,4254,12.29,
Saint Kitts and Nevis,2025,10,North America,23424940,Americas,Caribbean,20142,10287.0,32759,61.49,31.4
Saint Lucia,2025,10,North America,23424951,Americas,Caribbean,18769,,148788,12.61,
Saint Vincent and the Grenadines,2025,10,North America,23424981,Americas,Caribbean,5754,5754.0,50427,11.41,11.41
Samoa,2025,10,Oceania,23424992,Oceania,Polynesia,19737,,168276,11.73,
Saudi Arabia,2025,10,Asia,23424938,Asia,Western Asia,194807,,37232528,0.52,
South Africa,2025,10,Africa,23424942,Africa,Southern Africa,0,,61267877,0.0,
South Georgia and the Islands,2025,10,Seven seas (open ocean),23424955,Seven seas (open ocean),Seven seas (open ocean),0,,0,,
Spain,2025,10,Europe,23424950,Europe,Southern Europe,195363,81402.0,45193871,0.43,0.18
Sudan,2025,10,Africa,-90,Africa,Northern Africa,6283,,50627142,0.01,
Taiwan,2025,10,Asia,23424971,Asia,Eastern Asia,535606,,23458085,2.28,
Tanzania,2025,10,Africa,23424973,Africa,Eastern Africa,274596,81157.0,70999767,0.39,0.11
Turkey,2025,10,Asia,23424969,Asia,Western Asia,19479,6.0,83360026,0.02,0.0
Uganda,2025,10,Africa,23424974,Africa,Eastern Africa,878273,,51402115,1.71,
United States,2025,10,North America,23424977,Americas,Northern America,50745,3641.0,338628648,0.01,0.0
Vanuatu,2025,10,Oceania,23424907,Oceania,Melanesia,11352,8692.0,230232,4.93,3.78
Yemen,2025,10,Asia,23425002,Asia,Western Asia,129897,97416.0,35320141,0.37,0.28
Algeria,2030,10,Africa,23424740,Africa,Northern Africa,137,,48708918,0.0,
American Samoa,2030,10,Oceania,23424746,Oceania,Polynesia,28285,,31555,89.64,
Antarctica,2030,10,Antarctica,28289409,Antarctica,Antarctica,0,0.0,0,,
Argentina,2030,10,South America,23424747,Americas,South America,746,100.0,47308813,0.0,0.0
Armenia,2030,10,Asia,23424743,Asia,Western Asia,2341,,2744839,0.09,
Australia,2030,10,Oceania,-90,Oceania,Australia and New Zealand,190,,27423565,0.0,
Azerbaijan,2030,10,Asia,23424741,Asia,Western Asia,0,,10543804,0.0,
Bolivia,2030,10,South America,23424762,Americas,South America,510,,13501307,0.0,
Cameroon,2030,10,Africa,23424785,Africa,Middle Africa,246723,124043.0,33556897,0.74,0.37
Canada,2030,10,North America,23424775,Americas,Northern America,82,0.0,38774851,0.0,0.0
Chad,2030,10,Africa,23424777,Africa,Middle Africa,1517,,22539137,0.01,
Chile,2030,10,South America,23424782,Americas,South America,25745,3956.0,19601948,0.13,0.02
China,2030,10,Asia,23424781,Asia,Eastern Asia,367204,60454.0,1395930095,0.03,0.0
Colombia,2030,10,South America,23424787,Americas,South America,241113,167730.0,53446895,0.45,0.31
Comoros,2030,10,Africa,23424786,Africa,Eastern Africa,81781,32023.0,781976,10.46,4.1
Costa Rica,2030,10,North America,23424791,Americas,Central America,191865,50494.0,5377339,3.57,0.94
Dem. Rep. Korea,2030,10,Asia,23424865,Asia,Eastern Asia,35469,2881.0,25793847,0.14,0.01
Democratic Republic of the Congo,2030,10,Africa,23424780,Africa,Middle Africa,38999,24048.0,126796103,0.03,0.02
Djibouti,2030,10,Africa,23424797,Africa,Eastern Africa,1358,,956826,0.14,
Dominica,2030,10,North America,23424798,Americas,Caribbean,56779,,60123,94.44,
Ecuador,2030,10,South America,23424801,Americas,South America,876386,145871.0,18843251,4.65,0.77
El Salvador,2030,10,North America,23424807,Americas,Central America,2087576,1165483.0,6497521,32.13,17.94
Equatorial Guinea,2030,10,Africa,23424804,Africa,Middle Africa,412,,1850668,0.02,
Eritrea,2030,10,Africa,23424806,Africa,Eastern Africa,2206,467.0,4465164,0.05,0.01
Ethiopia,2030,10,Africa,23424808,Africa,Eastern Africa,1844497,256993.0,148248060,1.24,0.17
Fiji,2030,10,Oceania,23424813,Oceania,Melanesia,1615,,875856,0.18,
France,2030,10,Europe,-90,Europe,Western Europe,319631,42828.0,66109535,0.48,0.06
French Southern and Antarctic Lands,2030,10,Seven seas (open ocean),28289406,Seven seas (open ocean),Seven seas (open ocean),0,,0,,
Georgia,2030,10,Asia,23424823,Asia,Western Asia,605,,3535756,0.02,
Germany,2030,10,Europe,23424829,Europe,Western Europe,24520,,82670920,0.03,
Greece,2030,10,Europe,23424833,Europe,Southern Europe,13365,9711.0,9386880,0.14,0.1
Grenada,2030,10,North America,23424826,Americas,Caribbean,43871,4661.0,100193,43.79,4.65
Guatemala,2030,10,North America,23424834,Americas,Central America,1555721,315567.0,19922498,7.81,1.58
Heard I. and McDonald Islands,2030,10,Seven seas (open ocean),28289411,Seven seas (open ocean),Seven seas (open ocean),0,,0,,
Honduras,2030,10,North America,23424841,Americas,Central America,82063,,11541015,0.71,
Iceland,2030,10,Europe,23424845,Europe,Northern Europe,3300,75.0,347395,0.95,0.02
Indonesia,2030,10,Asia,23424846,Asia,South-Eastern Asia,8869796,4241206.0,278872036,3.18,1.52
Iran,2030,10,Asia,23424851,Asia,Southern Asia,1858,,92114187,0.0,
Italy,2030,10,Europe,23424853,Europe,Southern Europe,1643400,1350643.0,56180449,2.93,2.4
Japan,2030,10,Asia,23424856,Asia,Eastern Asia,727535,292630.0,114705686,0.63,0.26
Jordan,2030,10,Asia,23424860,Asia,Western Asia,276,,11907691,0.0,
Kenya,2030,10,Africa,23424863,Africa,Eastern Africa,878626,,63160307,1.39,
Mexico,2030,10,North America,23424900,Americas,Central America,590808,142819.0,133730796,0.44,0.11
Mongolia,2030,10,Asia,23424887,Asia,Eastern Asia,3781,,3739900,0.1,
Montserrat,2030,10,North America,23424888,Americas,Caribbean,2276,2276.0,2276,100.0,100.0
Myanmar,2030,10,Asia,23424763,Asia,South-Eastern Asia,21300,,54787969,0.04,
Netherlands,2030,10,Europe,-90,Europe,Western Europe,5982,,17734783,0.03,
New Zealand,2030,10,Oceania,23424916,Oceania,Australia and New Zealand,634345,147.0,5051674,12.56,0.0
Nicaragua,2030,10,North America,23424915,Americas,Central America,1616864,507574.0,7576781,21.34,6.7
Niger,2030,10,Africa,23424906,Africa,Western Africa,12,,35238879,0.0,
Northern Mariana Islands,2030,10,Oceania,23424788,Oceania,Micronesia,0,,47675,0.0,
Norway,2030,10,Europe,-90,Europe,Northern Europe,0,,5030339,0.0,
Panama,2030,10,North America,23424924,Americas,Central America,12595,,4784654,0.26,
Papua New Guinea,2030,10,Oceania,23424926,Oceania,Melanesia,162652,71546.0,10711449,1.52,0.67
Peru,2030,10,South America,23424919,Americas,South America,24259,1784.0,35920724,0.07,0.0
Philippines,2030,10,Asia,23424934,Asia,South-Eastern Asia,2404797,547409.0,117102352,2.05,0.47
Portugal,2030,10,Europe,23424925,Europe,Southern Europe,206837,22884.0,9078654,2.28,0.25
Republic of Cabo Verde,2030,10,Africa,23424794,Africa,Western Africa,28015,28015.0,563754,4.97,4.97
Republic of Korea,2030,10,Asia,23424868,Asia,Eastern Asia,13781,,48087868,0.03,
Russian Federation,2030,10,Europe,23424936,Europe,Eastern Europe,6251,135.0,142842243,0.0,0.0
Rwanda,2030,10,Africa,23424937,Africa,Eastern Africa,264686,9.0,16289584,1.62,0.0
Saint Helena,2030,10,Seven seas (open ocean),23424944,Africa,Western Africa,526,,3962,13.28,
Saint Kitts and Nevis,2030,10,North America,23424940,Americas,Caribbean,20312,10152.0,33112,61.34,30.66
Saint Lucia,2030,10,North America,23424951,Americas,Caribbean,18824,,149653,12.58,
Saint Vincent and the Grenadines,2030,10,North America,23424981,Americas,Caribbean,5588,5588.0,50503,11.06,11.06
Samoa,2030,10,Oceania,23424992,Oceania,Polynesia,21346,,180566,11.82,
Saudi Arabia,2030,10,Asia,23424938,Asia,Western Asia,198475,,39673815,0.5,
South Africa,2030,10,Africa,23424942,Africa,Southern Africa,0,,64231646,0.0,
South Georgia and the Islands,2030,10,Seven seas (open ocean),23424955,Seven seas (open ocean),Seven seas (open ocean),0,,0,,
Spain,2030,10,Europe,23424950,Europe,Southern Europe,195769,81979.0,44874279,0.44,0.18
Sudan,2030,10,Africa,-90,Africa,Northern Africa,7461,,57016946,0.01,
Taiwan,2030,10,Asia,23424971,Asia,Eastern Asia,556717,,23520450,2.37,
Tanzania,2030,10,Africa,23424973,Africa,Eastern Africa,302630,85609.0,81407890,0.37,0.11
Turkey,2030,10,Asia,23424969,Asia,Western Asia,20543,6.0,85567398,0.02,0.0
Uganda,2030,10,Africa,23424974,Africa,Eastern Africa,941098,,58491778,1.61,
United States,2030,10,North America,23424977,Americas,Northern America,53561,4150.0,347044286,0.02,0.0
Vanuatu,2030,10,Oceania,23424907,Oceania,Melanesia,12270,9312.0,257696,4.76,3.61
Yemen,2030,10,Asia,23425002,Asia,Western Asia,146300,110911.0,39132275,0.37,0.28
Algeria,1975,30,Africa,23424740,Africa,Northern Africa,1722,,15239910,0.01,
American Samoa,1975,30,Oceania,23424746,Oceania,Polynesia,23913,,23913,100.0,
Antarctica,1975,30,Antarctica,28289409,Antarctica,Antarctica,0,0.0,0,,
Argentina,1975,30,South America,23424747,Americas,South America,17491,102.0,25733508,0.07,0.0
Armenia,1975,30,Asia,23424743,Asia,Western Asia,373400,,2807804,13.3,
Australia,1975,30,Oceania,-90,Oceania,Australia and New Zealand,2836,,13577772,0.02,
Azerbaijan,1975,30,Asia,23424741,Asia,Western Asia,12527,,5843582,0.21,
Bolivia,1975,30,South America,23424762,Americas,South America,4524,,5111702,0.09,
Cameroon,1975,30,Africa,23424785,Africa,Middle Africa,575689,447221.0,7355408,7.83,6.08
Canada,1975,30,North America,23424775,Americas,Northern America,21269,941.0,21614561,0.1,0.0
Chad,1975,30,Africa,23424777,Africa,Middle Africa,31,,4153350,0.0,
Chile,1975,30,South America,23424782,Americas,South America,194746,139928.0,10414348,1.87,1.34
China,1975,30,Asia,23424781,Asia,Eastern Asia,1863221,360775.0,907725877,0.21,0.04
Colombia,1975,30,South America,23424787,Americas,South America,1728660,1010113.0,23167003,7.46,4.36
Comoros,1975,30,Africa,23424786,Africa,Eastern Africa,115203,95787.0,229506,50.2,41.74
Costa Rica,1975,30,North America,23424791,Americas,Central America,1442162,900817.0,2084331,69.19,43.22
Dem. Rep. Korea,1975,30,Asia,23424865,Asia,Eastern Asia,132628,15317.0,16347547,0.81,0.09
Democratic Republic of the Congo,1975,30,Africa,23424780,Africa,Middle Africa,422025,390212.0,22966572,1.84,1.7
Djibouti,1975,30,Africa,23424797,Africa,Eastern Africa,8592,968.0,141979,6.05,0.68
Dominica,1975,30,North America,23424798,Americas,Caribbean,50989,,50988,100.0,
Ecuador,1975,30,South America,23424801,Americas,South America,1993870,1240441.0,6834426,29.17,18.15
El Salvador,1975,30,North America,23424807,Americas,Central America,3602931,2569889.0,4033651,89.32,63.71
Equatorial Guinea,1975,30,Africa,23424804,Africa,Middle Africa,34950,,253357,13.79,
Eritrea,1975,30,Africa,23424806,Africa,Eastern Africa,20939,1870.0,1465137,1.43,0.13
Ethiopia,1975,30,Africa,23424808,Africa,Eastern Africa,2729468,239969.0,32154678,8.49,0.75
Fiji,1975,30,Oceania,23424813,Oceania,Melanesia,2848,,493430,0.58,
France,1975,30,Europe,-90,Europe,Western Europe,859779,429237.0,52017895,1.65,0.83
French Southern and Antarctic Lands,1975,30,Seven seas (open ocean),28289406,Seven seas (open ocean),Seven seas (open ocean),0,,0,,
Georgia,1975,30,Asia,23424823,Asia,Western Asia,125219,,4896726,2.56,
Germany,1975,30,Europe,23424829,Europe,Western Europe,198412,,78419820,0.25,
Greece,1975,30,Europe,23424833,Europe,Southern Europe,32032,6682.0,8322448,0.38,0.08
Grenada,1975,30,North America,23424826,Americas,Caribbean,74701,55568.0,74701,100.0,74.39
Guatemala,1975,30,North America,23424834,Americas,Central America,3250320,2059581.0,6180931,52.59,33.32
Heard I. and McDonald Islands,1975,30,Seven seas (open ocean),28289411,Seven seas (open ocean),Seven seas (open ocean),0,,0,,
Honduras,1975,30,North America,23424841,Americas,Central America,182640,3718.0,3186651,5.73,0.12
Iceland,1975,30,Europe,23424845,Europe,Northern Europe,129063,2660.0,185073,69.74,1.44
Indonesia,1975,30,Asia,23424846,Asia,South-Eastern Asia,39422519,24636695.0,125799636,31.34,19.58
Iran,1975,30,Asia,23424851,Asia,Southern Asia,16977,1916.0,32682757,0.05,0.01
Italy,1975,30,Europe,23424853,Europe,Southern Europe,7059928,4502265.0,53656399,13.16,8.39
Japan,1975,30,Asia,23424856,Asia,Eastern Asia,12804637,9170897.0,108328910,11.82,8.47
Jordan,1975,30,Asia,23424860,Asia,Western Asia,37,,1888946,0.0,
Kenya,1975,30,Africa,23424863,Africa,Eastern Africa,1357128,,13679515,9.92,
Mexico,1975,30,North America,23424900,Americas,Central America,10096589,790531.0,58404930,17.29,1.35
Mongolia,1975,30,Asia,23424887,Asia,Eastern Asia,3681,,1488981,0.25,
Montserrat,1975,30,North America,23424888,Americas,Caribbean,7058,7058.0,7058,100.0,100.0
Myanmar,1975,30,Asia,23424763,Asia,South-Eastern Asia,63954,,29888741,0.21,
Netherlands,1975,30,Europe,-90,Europe,Western Europe,2205,1313.0,13456471,0.02,0.01
New Zealand,1975,30,Oceania,23424916,Oceania,Australia and New Zealand,783969,115066.0,2865228,27.36,4.02
Nicaragua,1975,30,North America,23424915,Americas,Central America,1477443,1390531.0,2806779,52.64,49.54
Niger,1975,30,Africa,23424906,Africa,Western Africa,156,,5377411,0.0,
Northern Mariana Islands,1975,30,Oceania,23424788,Oceania,Micronesia,0,,13803,0.0,
Norway,1975,30,Europe,-90,Europe,Northern Europe,19,,3420948,0.0,
Panama,1975,30,North America,23424924,Americas,Central America,52374,,1689483,3.1,
Papua New Guinea,1975,30,Oceania,23424926,Oceania,Melanesia,285685,178116.0,2485433,11.49,7.17
Peru,1975,30,South America,23424919,Americas,South America,584065,20972.0,15125014,3.86,0.14
Philippines,1975,30,Asia,23424934,Asia,South-Eastern Asia,5379160,2869863.0,37301877,14.42,7.69
Portugal,1975,30,Europe,23424925,Europe,Southern Europe,298900,77244.0,8444778,3.54,0.91
Republic of Cabo Verde,1975,30,Africa,23424794,Africa,Western Africa,19420,19420.0,257693,7.54,7.54
Republic of Korea,1975,30,Asia,23424868,Asia,Eastern Asia,371523,,33058628,1.12,
Russian Federation,1975,30,Europe,23424936,Europe,Eastern Europe,300305,235213.0,135604356,0.22,0.17
Rwanda,1975,30,Africa,23424937,Africa,Eastern Africa,921482,253230.0,4481014,20.56,5.65
Saint Helena,1975,30,Seven seas (open ocean),23424944,Africa,Western Africa,272,,5513,4.93,
Saint Kitts and Nevis,1975,30,North America,23424940,Americas,Caribbean,31083,26439.0,31083,100.0,85.06
Saint Lucia,1975,30,North America,23424951,Americas,Caribbean,94766,,94784,99.98,
Saint Vincent and the Grenadines,1975,30,North America,23424981,Americas,Caribbean,48339,48339.0,51599,93.68,93.68
Samoa,1975,30,Oceania,23424992,Oceania,Polynesia,96650,,110698,87.31,
Saudi Arabia,1975,30,Asia,23424938,Asia,Western Asia,304465,,7743540,3.93,
Solomon Islands,1975,30,Oceania,23424766,Oceania,Melanesia,2625,1038.0,118822,2.21,0.87
South Africa,1975,30,Africa,23424942,Africa,Southern Africa,0,,25622824,0.0,
South Georgia and the Islands,1975,30,Seven seas (open ocean),23424955,Seven seas (open ocean),Seven seas (open ocean),0,,0,,
Spain,1975,30,Europe,23424950,Europe,Southern Europe,1179781,310490.0,34148314,3.45,0.91
Sudan,1975,30,Africa,-90,Africa,Northern Africa,22136,,13491117,0.16,
Taiwan,1975,30,Asia,23424971,Asia,Eastern Asia,4077652,,16071792,25.37,
Tanzania,1975,30,Africa,23424973,Africa,Eastern Africa,779010,218143.0,16080327,4.84,1.36
Turkey,1975,30,Asia,23424969,Asia,Western Asia,746627,62527.0,38228403,1.95,0.16
Uganda,1975,30,Africa,23424974,Africa,Eastern Africa,1189129,,11818130,10.06,
United States,1975,30,North America,23424977,Americas,Northern America,284666,38720.0,207883973,0.14,0.02
Vanuatu,1975,30,Oceania,23424907,Oceania,Melanesia,29153,20710.0,64617,45.12,32.05
Vatican,1975,30,Europe,23424986,Europe,Southern Europe,10568,,10568,100.0,
Yemen,1975,30,Asia,23425002,Asia,Western Asia,595160,358522.0,7714306,7.72,4.65
Algeria,1980,30,Africa,23424740,Africa,Northern Africa,2199,,18186321,0.01,
American Samoa,1980,30,Oceania,23424746,Oceania,Polynesia,26529,,26529,100.0,
Antarctica,1980,30,Antarctica,28289409,Antarctica,Antarctica,0,0.0,0,,
Argentina,1980,30,South America,23424747,Americas,South America,18894,108.0,27876097,0.07,0.0
Armenia,1980,30,Asia,23424743,Asia,Western Asia,413137,,3110303,13.28,
Australia,1980,30,Oceania,-90,Oceania,Australia and New Zealand,2831,,14366661,0.02,
Azerbaijan,1980,30,Asia,23424741,Asia,Western Asia,13206,,6296856,0.21,
Bolivia,1980,30,South America,23424762,Americas,South America,5098,,5716103,0.09,
Cameroon,1980,30,Africa,23424785,Africa,Middle Africa,638492,493357.0,8458431,7.55,5.83
Canada,1980,30,North America,23424775,Americas,Northern America,22680,1002.0,22947818,0.1,0.0
Chad,1980,30,Africa,23424777,Africa,Middle Africa,40,,4487371,0.0,
Chile,1980,30,South America,23424782,Americas,South America,194894,140284.0,11239991,1.73,1.25
China,1980,30,Asia,23424781,Asia,Eastern Asia,2029754,388596.0,974232513,0.21,0.04
Colombia,1980,30,South America,23424787,Americas,South America,1906373,1117641.0,25891610,7.36,4.32
Comoros,1980,30,Africa,23424786,Africa,Eastern Africa,134606,111683.0,268089,50.21,41.66
Costa Rica,1980,30,North America,23424791,Americas,Central America,1656571,1033744.0,2383964,69.49,43.36
Dem. Rep. Korea,1980,30,Asia,23424865,Asia,Eastern Asia,136984,16513.0,17508458,0.78,0.09
Democratic Republic of the Congo,1980,30,Africa,23424780,Africa,Middle Africa,491194,452209.0,26565424,1.85,1.7
Djibouti,1980,30,Africa,23424797,Africa,Eastern Africa,11601,1211.0,236114,4.91,0.51
Dominica,1980,30,North America,23424798,Americas,Caribbean,52482,,52481,100.0,
Ecuador,1980,30,South America,23424801,Americas,South America,2288397,1465708.0,7813742,29.29,18.76
El Salvador,1980,30,North America,23424807,Americas,Central America,3995136,2869822.0,4461019,89.56,64.33
Equatorial Guinea,1980,30,Africa,23424804,Africa,Middle Africa,41020,,253779,16.16,
Eritrea,1980,30,Africa,23424806,Africa,Eastern Africa,22275,1887.0,1672023,1.33,0.11
Ethiopia,1980,30,Africa,23424808,Africa,Eastern Africa,3010919,261283.0,34843728,8.64,0.75
Fiji,1980,30,Oceania,23424813,Oceania,Melanesia,3205,,553879,0.58,
France,1980,30,Europe,-90,Europe,Western Europe,891993,450897.0,53320757,1.67,0.85
French Southern and Antarctic Lands,1980,30,Seven seas (open ocean),28289406,Seven seas (open ocean),Seven seas (open ocean),0,,0,,
Georgia,1980,30,Asia,23424823,Asia,Western Asia,125692,,5064454,2.48,
Germany,1980,30,Europe,23424829,Europe,Western Europe,198536,,77701260,0.26,
Greece,1980,30,Europe,23424833,Europe,Southern Europe,33252,7023.0,8755417,0.38,0.08
Grenada,1980,30,North America,23424826,Americas,Caribbean,72402,54090.0,72402,100.0,74.71
Guatemala,1980,30,North America,23424834,Americas,Central America,3631548,2284523.0,6963739,52.15,32.81
Heard I. and McDonald Islands,1980,30,Seven seas (open ocean),28289411,Seven seas (open ocean),Seven seas (open ocean),0,,0,,
Honduras,1980,30,North America,23424841,Americas,Central America,209458,4272.0,3725583,5.62,0.11
Iceland,1980,30,Europe,23424845,Europe,Northern Europe,141192,2568.0,195218,72.33,1.32
Indonesia,1980,30,Asia,23424846,Asia,South-Eastern Asia,43873878,27506809.0,142104549,30.87,19.36
Iran,1980,30,Asia,23424851,Asia,Southern Asia,19515,2213.0,38311825,0.05,0.01
Italy,1980,30,Europe,23424853,Europe,Southern Europe,7319583,4690179.0,54866930,13.34,8.55
Japan,1980,30,Asia,23424856,Asia,Eastern Asia,13393777,9603577.0,113385116,11.81,8.47
Jordan,1980,30,Asia,23424860,Asia,Western Asia,41,,2219813,0.0,
Kenya,1980,30,Africa,23424863,Africa,Eastern Africa,1595530,,16209779,9.84,
Mexico,1980,30,North America,23424900,Americas,Central America,11779823,888330.0,67382114,17.48,1.32
Mongolia,1980,30,Asia,23424887,Asia,Eastern Asia,4039,,1700605,0.24,
Montserrat,1980,30,North America,23424888,Americas,Caribbean,6967,6967.0,6967,100.0,100.0
Myanmar,1980,30,Asia,23424763,Asia,South-Eastern Asia,101510,,32790222,0.31,
Netherlands,1980,30,Europe,-90,Europe,Western Europe,2407,1461.0,13914666,0.02,0.01
New Zealand,1980,30,Oceania,23424916,Oceania,Australia and New Zealand,816339,110520.0,2916549,27.99,3.79
Nicaragua,1980,30,North America,23424915,Americas,Central America,1692767,1594147.0,3245388,52.16,49.12
Niger,1980,30,Africa,23424906,Africa,Western Africa,149,,6213220,0.0,
Northern Mariana Islands,1980,30,Oceania,23424788,Oceania,Micronesia,0,,16041,0.0,
Norway,1980,30,Europe,-90,Europe,Northern Europe,20,,3487029,0.0,
Panama,1980,30,North America,23424924,Americas,Central America,56546,,1908015,2.96,
Papua New Guinea,1980,30,Oceania,23424926,Oceania,Melanesia,311368,193252.0,2766106,11.26,6.99
Peru,1980,30,South America,23424919,Americas,South America,683813,23123.0,17131969,3.99,0.13
Philippines,1980,30,Asia,23424934,Asia,South-Eastern Asia,6215039,3267427.0,42860071,14.5,7.62
Portugal,1980,30,Europe,23424925,Europe,Southern Europe,307336,80348.0,8934426,3.44,0.9
Republic of Cabo Verde,1980,30,Africa,23424794,Africa,Western Africa,19749,19749.0,267036,7.4,7.4
Republic of Korea,1980,30,Asia,23424868,Asia,Eastern Asia,380538,,35228364,1.08,
Russian Federation,1980,30,Europe,23424936,Europe,Eastern Europe,322797,259183.0,140104599,0.23,0.18
Rwanda,1980,30,Africa,23424937,Africa,Eastern Africa,1039953,295828.0,5206798,19.97,5.68
Saint Helena,1980,30,Seven seas (open ocean),23424944,Africa,Western Africa,304,,5718,5.32,
Saint Kitts and Nevis,1980,30,North America,23424940,Americas,Caribbean,30396,25537.0,30396,100.0,84.01
Saint Lucia,1980,30,North America,23424951,Americas,Caribbean,103362,,103397,99.97,
Saint Vincent and the Grenadines,1980,30,North America,23424981,Americas,Caribbean,50010,50010.0,53740,93.06,93.06
Samoa,1980,30,Oceania,23424992,Oceania,Polynesia,103313,,118275,87.35,
Saudi Arabia,1980,30,Asia,23424938,Asia,Western Asia,366653,,9972393,3.68,
Solomon Islands,1980,30,Oceania,23424766,Oceania,Melanesia,3167,1326.0,141491,2.24,0.94
South Africa,1980,30,Africa,23424942,Africa,Southern Africa,0,,29283822,0.0,
South Georgia and the Islands,1980,30,Seven seas (open ocean),23424955,Seven seas (open ocean),Seven seas (open ocean),0,,0,,
Spain,1980,30,Europe,23424950,Europe,Southern Europe,1259329,326769.0,35808890,3.52,0.91
Sudan,1980,30,Africa,-90,Africa,Northern Africa,26516,,16661009,0.16,
Taiwan,1980,30,Asia,23424971,Asia,Eastern Asia,4884642,,17601805,27.75,
Tanzania,1980,30,Africa,23424973,Africa,Eastern Africa,945505,246873.0,19107591,4.95,1.29
Turkey,1980,30,Asia,23424969,Asia,Western Asia,875267,69271.0,42392553,2.06,0.16
Uganda,1980,30,Africa,23424974,Africa,Eastern Africa,1321884,,13382122,9.88,
United States,1980,30,North America,23424977,Americas,Northern America,318571,40812.0,219655415,0.15,0.02
Vanuatu,1980,30,Oceania,23424907,Oceania,Melanesia,33531,23323.0,74973,44.72,31.11
Vatican,1980,30,Europe,23424986,Europe,Southern Europe,10848,,10848,100.0,
Yemen,1980,30,Asia,23425002,Asia,Western Asia,745576,467701.0,9049730,8.24,5.17
Algeria,1985,30,Africa,23424740,Africa,Northern Africa,2800,,21517617,0.01,
American Samoa,1985,30,Oceania,23424746,Oceania,Polynesia,32412,,32412,100.0,
Antarctica,1985,30,Antarctica,28289409,Antarctica,Antarctica,0,0.0,0,,
Argentina,1985,30,South America,23424747,Americas,South America,21048,117.0,30124580,0.07,0.0
Armenia,1985,30,Asia,23424743,Asia,Western Asia,452603,,3274492,13.82,
Australia,1985,30,Oceania,-90,Oceania,Australia and New Zealand,2930,,15406985,0.02,
Azerbaijan,1985,30,Asia,23424741,Asia,Western Asia,14343,,6798331,0.21,
Bolivia,1985,30,South America,23424762,Americas,South America,5713,,6362922,0.09,
Cameroon,1985,30,Africa,23424785,Africa,Middle Africa,707172,546761.0,9716254,7.28,5.63
Canada,1985,30,North America,23424775,Americas,Northern America,23193,1021.0,24246815,0.1,0.0
Chad,1985,30,Africa,23424777,Africa,Middle Africa,56,,5055962,0.0,
Chile,1985,30,South America,23424782,Americas,South America,200886,144953.0,12087334,1.66,1.2
China,1985,30,Asia,23424781,Asia,Eastern Asia,2206726,417775.0,1051060826,0.21,0.04
Colombia,1985,30,South America,23424787,Americas,South America,2098330,1235922.0,28985174,7.24,4.26
Comoros,1985,30,Africa,23424786,Africa,Eastern Africa,154830,128279.0,305147,50.74,42.04
Costa Rica,1985,30,North America,23424791,Americas,Central America,1908837,1185638.0,2737660,69.73,43.31
Dem. Rep. Korea,1985,30,Asia,23424865,Asia,Eastern Asia,145250,18596.0,18749925,0.77,0.1
Democratic Republic of the Congo,1985,30,Africa,23424780,Africa,Middle Africa,568193,520571.0,30606606,1.86,1.7
Djibouti,1985,30,Africa,23424797,Africa,Eastern Africa,9556,1010.0,280455,3.41,0.36
Dominica,1985,30,North America,23424798,Americas,Caribbean,51591,,51589,100.0,
Ecuador,1985,30,South America,23424801,Americas,South America,2607086,1705793.0,8880615,29.36,19.21
El Salvador,1985,30,North America,23424807,Americas,Central America,4338147,3150142.0,4825299,89.9,65.28
Equatorial Guinea,1985,30,Africa,23424804,Africa,Middle Africa,53371,,343785,15.52,
Eritrea,1985,30,Africa,23424806,Africa,Eastern Africa,22956,1987.0,1912815,1.2,0.1
Ethiopia,1985,30,Africa,23424808,Africa,Eastern Africa,3548519,303748.0,40165834,8.83,0.76
Fiji,1985,30,Oceania,23424813,Oceania,Melanesia,3681,,627396,0.59,
France,1985,30,Europe,-90,Europe,Western Europe,938781,484838.0,54798743,1.71,0.88
French Southern and Antarctic Lands,1985,30,Seven seas (open ocean),28289406,Seven seas (open ocean),Seven seas (open ocean),0,,0,,
Georgia,1985,30,Asia,23424823,Asia,Western Asia,127149,,5252350,2.42,
Germany,1985,30,Europe,23424829,Europe,Western Europe,202224,,77551622,0.26,
Greece,1985,30,Europe,23424833,Europe,Southern Europe,36176,7741.0,9223831,0.39,0.08
Grenada,1985,30,North America,23424826,Americas,Caribbean,76564,56261.0,76563,100.0,73.48
Guatemala,1985,30,North America,23424834,Americas,Central America,4090132,2561469.0,7902073,51.76,32.42
Heard I. and McDonald Islands,1985,30,Seven seas (open ocean),28289411,Seven seas (open ocean),Seven seas (open ocean),0,,0,,
Honduras,1985,30,North America,23424841,Americas,Central America,237814,4796.0,4327092,5.5,0.11
Iceland,1985,30,Europe,23424845,Europe,Northern Europe,152733,2674.0,207115,73.74,1.29
Indonesia,1985,30,Asia,23424846,Asia,South-Eastern Asia,48623828,30538463.0,159100848,30.56,19.19
Iran,1985,30,Asia,23424851,Asia,Southern Asia,23681,2659.0,46998945,0.05,0.01
Italy,1985,30,Europe,23424853,Europe,Southern Europe,7511619,4769657.0,55173178,13.61,8.64
Japan,1985,30,Asia,23424856,Asia,Eastern Asia,13682961,9828738.0,116786201,11.72,8.42
Jordan,1985,30,Asia,23424860,Asia,Western Asia,54,,2753835,0.0,
Kenya,1985,30,Africa,23424863,Africa,Eastern Africa,1928049,,19467408,9.9,
Mexico,1985,30,North America,23424900,Americas,Central America,13046638,978046.0,74520620,17.51,1.31
Mongolia,1985,30,Asia,23424887,Asia,Eastern Asia,4475,,1922001,0.23,
Montserrat,1985,30,North America,23424888,Americas,Caribbean,6665,6665.0,6665,100.0,100.0
Myanmar,1985,30,Asia,23424763,Asia,South-Eastern Asia,153104,,35919178,0.43,
Netherlands,1985,30,Europe,-90,Europe,Western Europe,2528,1568.0,14296303,0.02,0.01
New Zealand,1985,30,Oceania,23424916,Oceania,Australia and New Zealand,849066,109726.0,3032381,28.0,3.62
Nicaragua,1985,30,North America,23424915,Americas,Central America,1916121,1806778.0,3698122,51.81,48.86
Niger,1985,30,Africa,23424906,Africa,Western Africa,136,,7230201,0.0,
Northern Mariana Islands,1985,30,Oceania,23424788,Oceania,Micronesia,0,,29074,0.0,
Norway,1985,30,Europe,-90,Europe,Northern Europe,21,,3548685,0.0,
Panama,1985,30,North America,23424924,Americas,Central America,59965,,2145035,2.8,
Papua New Guinea,1985,30,Oceania,23424926,Oceania,Melanesia,339340,209868.0,3077020,11.03,6.82
Peru,1985,30,South America,23424919,Americas,South America,773546,26136.0,19327984,4.0,0.14
Philippines,1985,30,Asia,23424934,Asia,South-Eastern Asia,7145560,3695463.0,48780885,14.65,7.58
Portugal,1985,30,Europe,23424925,Europe,Southern Europe,323199,83003.0,9118574,3.54,0.91
Republic of Cabo Verde,1985,30,Africa,23424794,Africa,Western Africa,20766,20766.0,285081,7.28,7.28
Republic of Korea,1985,30,Asia,23424868,Asia,Eastern Asia,395410,,38148247,1.04,
Russian Federation,1985,30,Europe,23424936,Europe,Eastern Europe,333714,269723.0,144805179,0.23,0.19
Rwanda,1985,30,Africa,23424937,Africa,Eastern Africa,1205057,354577.0,6215761,19.39,5.7
Saint Helena,1985,30,Seven seas (open ocean),23424944,Africa,Western Africa,340,,5896,5.77,
Saint Kitts and Nevis,1985,30,North America,23424940,Americas,Caribbean,29591,24479.0,29591,100.0,82.72
Saint Lucia,1985,30,North America,23424951,Americas,Caribbean,112637,,112706,99.94,
Saint Vincent and the Grenadines,1985,30,North America,23424981,Americas,Caribbean,51672,51672.0,55881,92.47,92.47
Samoa,1985,30,Oceania,23424992,Oceania,Polynesia,105353,,120282,87.59,
Saudi Arabia,1985,30,Asia,23424938,Asia,Western Asia,424031,,12633947,3.36,
Solomon Islands,1985,30,Oceania,23424766,Oceania,Melanesia,3838,1705.0,169568,2.26,1.01
South Africa,1985,30,Africa,23424942,Africa,Southern Africa,0,,33543418,0.0,
South Georgia and the Islands,1985,30,Seven seas (open ocean),23424955,Seven seas (open ocean),Seven seas (open ocean),0,,0,,
Spain,1985,30,Europe,23424950,Europe,Southern Europe,1310165,346355.0,36732448,3.57,0.94
Sudan,1985,30,Africa,-90,Africa,Northern Africa,29833,,19502363,0.15,
Taiwan,1985,30,Asia,23424971,Asia,Eastern Asia,5575781,,18988313,29.36,
Tanzania,1985,30,Africa,23424973,Africa,Eastern Africa,1101022,276128.0,22351610,4.93,1.24
Turkey,1985,30,Asia,23424969,Asia,Western Asia,978023,76544.0,47174218,2.07,0.16
Uganda,1985,30,Africa,23424974,Africa,Eastern Africa,1453314,,15149826,9.59,
United States,1985,30,North America,23424977,Americas,Northern America,363478,46749.0,231451497,0.16,0.02
Vanuatu,1985,30,Oceania,23424907,Oceania,Melanesia,37805,25124.0,85315,44.31,29.45
Vatican,1985,30,Europe,23424986,Europe,Southern Europe,11305,,11305,100.0,
Yemen,1985,30,Asia,23425002,Asia,Western Asia,968917,634533.0,10863959,8.92,5.84
Algeria,1990,30,Africa,23424740,Africa,Northern Africa,3478,,24837478,0.01,
American Samoa,1990,30,Oceania,23424746,Oceania,Polynesia,39338,,39338,100.0,
Antarctica,1990,30,Antarctica,28289409,Antarctica,Antarctica,0,0.0,0,,
Argentina,1990,30,South America,23424747,Americas,South America,23197,126.0,32460008,0.07,0.0
Armenia,1990,30,Asia,23424743,Asia,Western Asia,515714,,3527124,14.62,
Australia,1990,30,Oceania,-90,Oceania,Australia and New Zealand,3038,,16628114,0.02,
Azerbaijan,1990,30,Asia,23424741,Asia,Western Asia,15836,,7327837,0.22,
Bolivia,1990,30,South America,23424762,Americas,South America,6395,,7070950,0.09,
Cameroon,1990,30,Africa,23424785,Africa,Middle Africa,800142,627098.0,11306097,7.08,5.55
Canada,1990,30,North America,23424775,Americas,Northern America,24075,1052.0,25974074,0.09,0.0
Chad,1990,30,Africa,23424777,Africa,Middle Africa,82,,5928059,0.0,
Chile,1990,30,South America,23424782,Americas,South America,216226,156587.0,13086603,1.65,1.2
China,1990,30,Asia,23424781,Asia,Eastern Asia,2400578,450002.0,1142999954,0.21,0.04
Colombia,1990,30,South America,23424787,Americas,South America,2267318,1320563.0,32196598,7.04,4.1
Comoros,1990,30,Africa,23424786,Africa,Eastern Africa,178553,147650.0,348933,51.17,42.31
Costa Rica,1990,30,North America,23424791,Americas,Central America,2191918,1343877.0,3120926,70.23,43.06
Dem. Rep. Korea,1990,30,Asia,23424865,Asia,Eastern Asia,154185,20394.0,20080314,0.77,0.1
Democratic Republic of the Congo,1990,30,Africa,23424780,Africa,Middle Africa,665358,607599.0,35728839,1.86,1.7
Djibouti,1990,30,Africa,23424797,Africa,Eastern Africa,9891,1026.0,393388,2.51,0.26
Dominica,1990,30,North America,23424798,Americas,Caribbean,50362,,50361,100.0,
Ecuador,1990,30,South America,23424801,Americas,South America,2946687,1954971.0,10025987,29.39,19.5
El Salvador,1990,30,North America,23424807,Americas,Central America,4790624,3507748.0,5309843,90.22,66.06
Equatorial Guinea,1990,30,Africa,23424804,Africa,Middle Africa,68328,,425462,16.06,
Eritrea,1990,30,Africa,23424806,Africa,Eastern Africa,23895,2158.0,2170319,1.1,0.1
Ethiopia,1990,30,Africa,23424808,Africa,Eastern Africa,4264428,364431.0,47725520,8.94,0.76
Fiji,1990,30,Oceania,23424813,Oceania,Melanesia,3943,,675191,0.58,
France,1990,30,Europe,-90,Europe,Western Europe,1001536,530891.0,56230441,1.78,0.94
French Southern and Antarctic Lands,1990,30,Seven seas (open ocean),28289406,Seven seas (open ocean),Seven seas (open ocean),0,,0,,
Georgia,1990,30,Asia,23424823,Asia,Western Asia,125659,,5302368,2.37,
Germany,1990,30,Europe,23424829,Europe,Western Europe,208482,,79275935,0.26,
Greece,1990,30,Europe,23424833,Europe,Southern Europe,38986,8457.0,9636311,0.4,0.09
Grenada,1990,30,North America,23424826,Americas,Caribbean,75175,55438.0,75175,100.0,73.75
Guatemala,1990,30,North America,23424834,Americas,Central America,4643766,2893437.0,9045355,51.34,31.99
Heard I. and McDonald Islands,1990,30,Seven seas (open ocean),28289411,Seven seas (open ocean),Seven seas (open ocean),0,,0,,
Honduras,1990,30,North America,23424841,Americas,Central America,268745,5342.0,4983424,5.39,0.11
Iceland,1990,30,Europe,23424845,Europe,Northern Europe,165168,2743.0,219321,75.31,1.25
Indonesia,1990,30,Asia,23424846,Asia,South-Eastern Asia,52754373,33188212.0,174872188,30.17,18.98
Iran,1990,30,Asia,23424851,Asia,Southern Asia,28029,3047.0,55461705,0.05,0.01
Italy,1990,30,Europe,23424853,Europe,Southern Europe,7689176,4815350.0,55297142,13.91,8.71
Japan,1990,30,Asia,23424856,Asia,Eastern Asia,13568681,9772747.0,119431028,11.36,8.18
Jordan,1990,30,Asia,23424860,Asia,Western Asia,72,,3481872,0.0,
Kenya,1990,30,Africa,23424863,Africa,Eastern Africa,2301707,,23171825,9.93,
Mexico,1990,30,North America,23424900,Americas,Central America,14370326,1051381.0,81333807,17.67,1.29
Mongolia,1990,30,Asia,23424887,Asia,Eastern Asia,4929,,2163138,0.23,
Montserrat,1990,30,North America,23424888,Americas,Caribbean,6425,6425.0,6425,100.0,100.0
Myanmar,1990,30,Asia,23424763,Asia,South-Eastern Asia,212449,,38826256,0.55,
Netherlands,1990,30,Europe,-90,Europe,Western Europe,2629,1693.0,14722976,0.02,0.01
New Zealand,1990,30,Oceania,23424916,Oceania,Australia and New Zealand,899231,108810.0,3151590,28.53,3.45
Nicaragua,1990,30,North America,23424915,Americas,Central America,2147256,2028595.0,4156503,51.66,48.81
Niger,1990,30,Africa,23424906,Africa,Western Africa,138,,8414372,0.0,
Northern Mariana Islands,1990,30,Oceania,23424788,Oceania,Micronesia,0,,43578,0.0,
Norway,1990,30,Europe,-90,Europe,Northern Europe,22,,3628787,0.0,
Panama,1990,30,North America,23424924,Americas,Central America,62609,,2395056,2.61,
Papua New Guinea,1990,30,Oceania,23424926,Oceania,Melanesia,372600,229752.0,3456292,10.78,6.65
Peru,1990,30,South America,23424919,Americas,South America,861312,28986.0,21630130,3.98,0.13
Philippines,1990,30,Asia,23424934,Asia,South-Eastern Asia,8124178,4130829.0,55051513,14.76,7.5
Portugal,1990,30,Europe,23424925,Europe,Southern Europe,339227,83817.0,9114666,3.72,0.92
Republic of Cabo Verde,1990,30,Africa,23424794,Africa,Western Africa,21770,21770.0,305013,7.14,7.14
Republic of Korea,1990,30,Asia,23424868,Asia,Eastern Asia,404282,,40994772,0.99,
Russian Federation,1990,30,Europe,23424936,Europe,Eastern Europe,339318,273679.0,149953361,0.23,0.18
Rwanda,1990,30,Africa,23424937,Africa,Eastern Africa,1361245,416683.0,7262351,18.74,5.74
Saint Helena,1990,30,Seven seas (open ocean),23424944,Africa,Western Africa,367,,5811,6.32,
Saint Kitts and Nevis,1990,30,North America,23424940,Americas,Caribbean,28372,23162.0,28372,100.0,81.64
Saint Lucia,1990,30,North America,23424951,Americas,Caribbean,120308,,120412,99.91,
Saint Vincent and the Grenadines,1990,30,North America,23424981,Americas,Caribbean,52074,52074.0,56691,91.86,91.86
Samoa,1990,30,Oceania,23424992,Oceania,Polynesia,107167,,122104,87.77,
Saudi Arabia,1990,30,Asia,23424938,Asia,Western Asia,460960,,15675443,2.94,
Solomon Islands,1990,30,Oceania,23424766,Oceania,Melanesia,4648,2187.0,199440,2.33,1.1
South Africa,1990,30,Africa,23424942,Africa,Southern Africa,0,,39620172,0.0,
South Georgia and the Islands,1990,30,Seven seas (open ocean),23424955,Seven seas (open ocean),Seven seas (open ocean),0,,0,,
Spain,1990,30,Europe,23424950,Europe,Southern Europe,1336876,359645.0,37122027,3.6,0.97
Sudan,1990,30,Africa,-90,Africa,Northern Africa,30002,,21072130,0.14,
Taiwan,1990,30,Asia,23424971,Asia,Eastern Asia,6328559,,20051543,31.56,
Tanzania,1990,30,Africa,23424973,Africa,Eastern Africa,1276679,305872.0,25957105,4.92,1.18
Turkey,1990,30,Asia,23424969,Asia,Western Asia,1067841,84510.0,51989530,2.05,0.16
Uganda,1990,30,Africa,23424974,Africa,Eastern Africa,1646639,,17711453,9.3,
United States,1990,30,North America,23424977,Americas,Northern America,424573,53482.0,244172306,0.17,0.02
Vanuatu,1990,30,Oceania,23424907,Oceania,Melanesia,42854,27169.0,97625,43.9,27.83
Vatican,1990,30,Europe,23424986,Europe,Southern Europe,11831,,11831,100.0,
Yemen,1990,30,Asia,23425002,Asia,Western Asia,1271935,866350.0,13173338,9.66,6.58
Algeria,1995,30,Africa,23424740,Africa,Northern Africa,4411,,27750201,0.02,
American Samoa,1995,30,Oceania,23424746,Oceania,Polynesia,44496,,44496,100.0,
Antarctica,1995,30,Antarctica,28289409,Antarctica,Antarctica,0,0.0,0,,
Argentina,1995,30,South America,23424747,Americas,South America,24997,119.0,34747277,0.07,0.0
Armenia,1995,30,Asia,23424743,Asia,Western Asia,465013,,3297829,14.1,
Australia,1995,30,Oceania,-90,Oceania,Australia and New Zealand,2950,,17548746,0.02,
Azerbaijan,1995,30,Asia,23424741,Asia,Western Asia,17652,,7776928,0.23,
Bolivia,1995,30,South America,23424762,Americas,South America,7346,,7813576,0.09,
Cameroon,1995,30,Africa,23424785,Africa,Middle Africa,903018,717381.0,13041079,6.92,5.5
Canada,1995,30,North America,23424775,Americas,Northern America,25548,1099.0,27535646,0.09,0.0
Chad,1995,30,Africa,23424777,Africa,Middle Africa,125,,6996643,0.0,
Chile,1995,30,South America,23424782,Americas,South America,230355,168853.0,14160481,1.63,1.19
China,1995,30,Asia,23424781,Asia,Eastern Asia,2582872,454047.0,1205872507,0.21,0.04
Colombia,1995,30,South America,23424787,Americas,South America,2431985,1394183.0,35516500,6.85,3.93
Comoros,1995,30,Africa,23424786,Africa,Eastern Africa,201066,166270.0,391560,51.35,42.46
Costa Rica,1995,30,North America,23424791,Americas,Central America,2506825,1514183.0,3533128,70.95,42.86
Dem. Rep. Korea,1995,30,Asia,23424865,Asia,Eastern Asia,166094,23306.0,21574806,0.77,0.11
Democratic Republic of the Congo,1995,30,Africa,23424780,Africa,Middle Africa,789465,715835.0,42957940,1.84,1.67
Djibouti,1995,30,Africa,23424797,Africa,Eastern Africa,7417,902.0,461707,1.61,0.2
Dominica,1995,30,North America,23424798,Americas,Caribbean,50900,,50899,100.0,
Ecuador,1995,30,South America,23424801,Americas,South America,3232476,2166225.0,11110510,29.09,19.5
El Salvador,1995,30,North America,23424807,Americas,Central America,5149518,3788551.0,5690127,90.5,66.58
Equatorial Guinea,1995,30,Africa,23424804,Africa,Middle Africa,88974,,510842,17.42,
Eritrea,1995,30,Africa,23424806,Africa,Eastern Africa,16798,2257.0,2190899,0.77,0.1
Ethiopia,1995,30,Africa,23424808,Africa,Eastern Africa,5137453,442085.0,57212158,8.98,0.77
Fiji,1995,30,Oceania,23424813,Oceania,Melanesia,3941,,687071,0.57,
France,1995,30,Europe,-90,Europe,Western Europe,1066145,570767.0,57368553,1.86,0.99
French Southern and Antarctic Lands,1995,30,Seven seas (open ocean),28289406,Seven seas (open ocean),Seven seas (open ocean),0,,0,,
Georgia,1995,30,Asia,23424823,Asia,Western Asia,110060,,4794101,2.3,
Germany,1995,30,Europe,23424829,Europe,Western Europe,216908,,81022718,0.27,
Greece,1995,30,Europe,23424833,Europe,Southern Europe,41002,9188.0,10018901,0.41,0.09
Grenada,1995,30,North America,23424826,Americas,Caribbean,79558,58337.0,79558,100.0,73.33
Guatemala,1995,30,North America,23424834,Americas,Central America,5254701,3272305.0,10321584,50.91,31.7
Heard I. and McDonald Islands,1995,30,Seven seas (open ocean),28289411,Seven seas (open ocean),Seven seas (open ocean),0,,0,,
Honduras,1995,30,North America,23424841,Americas,Central America,305974,6109.0,5730959,5.34,0.11
Iceland,1995,30,Europe,23424845,Europe,Northern Europe,177681,2710.0,231453,76.77,1.17
Indonesia,1995,30,Asia,23424846,Asia,South-Eastern Asia,57101731,36025048.0,190119983,30.03,18.95
Iran,1995,30,Asia,23424851,Asia,Southern Asia,29318,2441.0,60413575,0.05,0.0
Italy,1995,30,Europe,23424853,Europe,Southern Europe,7745267,4853508.0,55432909,13.97,8.76
Japan,1995,30,Asia,23424856,Asia,Eastern Asia,13540671,9770014.0,121289051,11.16,8.06
Jordan,1995,30,Asia,23424860,Asia,Western Asia,100,,4454940,0.0,
Kenya,1995,30,Africa,23424863,Africa,Eastern Africa,2624161,,26899167,9.76,
Mexico,1995,30,North America,23424900,Americas,Central America,15578382,1154707.0,89531829,17.4,1.29
Mongolia,1995,30,Asia,23424887,Asia,Eastern Asia,5138,,2331776,0.22,
Montserrat,1995,30,North America,23424888,Americas,Caribbean,4962,4962.0,4962,100.0,100.0
Myanmar,1995,30,Asia,23424763,Asia,South-Eastern Asia,262768,,41319189,0.64,
Netherlands,1995,30,Europe,-90,Europe,Western Europe,2783,1846.0,15218927,0.02,0.01
New Zealand,1995,30,Oceania,23424916,Oceania,Australia and New Zealand,1014037,108292.0,3403046,29.8,3.18
Nicaragua,1995,30,North America,23424915,Americas,Central America,2399110,2273007.0,4644209,51.66,48.94
Niger,1995,30,Africa,23424906,Africa,Western Africa,165,,9867054,0.0,
Northern Mariana Islands,1995,30,Oceania,23424788,Oceania,Micronesia,0,,45152,0.0,
Norway,1995,30,Europe,-90,Europe,Northern Europe,23,,3744604,0.0,
Panama,1995,30,North America,23424924,Americas,Central America,64023,,2660290,2.41,
Papua New Guinea,1995,30,Oceania,23424926,Oceania,Melanesia,440754,270962.0,4138060,10.65,6.55
Peru,1995,30,South America,23424919,Americas,South America,940100,31040.0,23920117,3.93,0.13
Philippines,1995,30,Asia,23424934,Asia,South-Eastern Asia,9190128,4567750.0,62236045,14.77,7.34
Portugal,1995,30,Europe,23424925,Europe,Southern Europe,340935,84690.0,9144940,3.73,0.93
Republic of Cabo Verde,1995,30,Africa,23424794,Africa,Western Africa,24661,24661.0,351821,7.01,7.01
Republic of Korea,1995,30,Asia,23424868,Asia,Eastern Asia,415717,,42218163,0.98,
Russian Federation,1995,30,Europe,23424936,Europe,Eastern Europe,320535,256703.0,150479695,0.21,0.17
Rwanda,1995,30,Africa,23424937,Africa,Eastern Africa,997923,324482.0,5667080,17.61,5.73
Saint Helena,1995,30,Seven seas (open ocean),23424944,Africa,Western Africa,384,,5533,6.94,
Saint Kitts and Nevis,1995,30,North America,23424940,Americas,Caribbean,29670,23922.0,29670,100.0,80.63
Saint Lucia,1995,30,North America,23424951,Americas,Caribbean,128742,,128916,99.87,
Saint Vincent and the Grenadines,1995,30,North America,23424981,Americas,Caribbean,52435,52435.0,57449,91.27,91.27
Samoa,1995,30,Oceania,23424992,Oceania,Polynesia,111770,,127115,87.93,
Saudi Arabia,1995,30,Asia,23424938,Asia,Western Asia,487408,,18497414,2.64,
Solomon Islands,1995,30,Oceania,23424766,Oceania,Melanesia,5618,2797.0,231933,2.42,1.21
South Africa,1995,30,Africa,23424942,Africa,Southern Africa,0,,43696703,0.0,
South Georgia and the Islands,1995,30,Seven seas (open ocean),23424955,Seven seas (open ocean),Seven seas (open ocean),0,,0,,
Spain,1995,30,Europe,23424950,Europe,Southern Europe,1388803,379885.0,37985501,3.66,1.0
Sudan,1995,30,Africa,-90,Africa,Northern Africa,31408,,23286212,0.13,
Taiwan,1995,30,Asia,23424971,Asia,Eastern Asia,6628711,,20897635,31.72,
Tanzania,1995,30,Africa,23424973,Africa,Eastern Africa,1494602,340218.0,30272386,4.94,1.12
Turkey,1995,30,Asia,23424969,Asia,Western Asia,1174872,95190.0,56769294,2.07,0.17
Uganda,1995,30,Africa,23424974,Africa,Eastern Africa,1861450,,20812863,8.94,
United States,1995,30,North America,23424977,Americas,Northern America,478775,60156.0,261525201,0.18,0.02
Vanuatu,1995,30,Oceania,23424907,Oceania,Melanesia,48185,29492.0,110807,43.49,26.62
Vatican,1995,30,Europe,23424986,Europe,Southern Europe,11859,,11859,100.0,
Yemen,1995,30,Asia,23425002,Asia,Western Asia,1662520,1177775.0,15855324,10.49,7.43
Algeria,2000,30,Africa,23424740,Africa,Northern Africa,5465,,30023595,0.02,
American Samoa,2000,30,Oceania,23424746,Oceania,Polynesia,48598,,48598,100.0,
Antarctica,2000,30,Antarctica,28289409,Antarctica,Antarctica,0,0.0,0,,
Argentina,2000,30,South America,23424747,Americas,South America,26171,111.0,36852868,0.07,0.0
Armenia,2000,30,Asia,23424743,Asia,Western Asia,434651,,3146488,13.81,
Australia,2000,30,Oceania,-90,Oceania,Australia and New Zealand,3143,,18523298,0.02,
Azerbaijan,2000,30,Asia,23424741,Asia,Western Asia,18999,,8070003,0.24,
Bolivia,2000,30,South America,23424762,Americas,South America,8424,,8561119,0.1,
Cameroon,2000,30,Africa,23424785,Africa,Middle Africa,999455,804880.0,14872648,6.72,5.41
Canada,2000,30,North America,23424775,Americas,Northern America,26856,1120.0,28885889,0.09,0.0
Chad,2000,30,Africa,23424777,Africa,Middle Africa,192,,8365427,0.0,
Chile,2000,30,South America,23424782,Americas,South America,239708,178190.0,15096662,1.59,1.18
China,2000,30,Asia,23424781,Asia,Eastern Asia,2700184,432848.0,1249662753,0.22,0.03
Colombia,2000,30,South America,23424787,Americas,South America,2572454,1456376.0,38716270,6.64,3.76
Comoros,2000,30,Africa,23424786,Africa,Eastern Africa,223860,185125.0,434486,51.52,42.61
Costa Rica,2000,30,North America,23424791,Americas,Central America,2835561,1686964.0,3937817,72.01,42.84
Dem. Rep. Korea,2000,30,Asia,23424865,Asia,Eastern Asia,177034,25923.0,22641055,0.78,0.11
Democratic Republic of the Congo,2000,30,Africa,23424780,Africa,Middle Africa,864731,778300.0,48252243,1.79,1.61
Djibouti,2000,30,Africa,23424797,Africa,Eastern Africa,8114,956.0,585583,1.39,0.16
Dominica,2000,30,North America,23424798,Americas,Caribbean,50989,,50988,100.0,
Ecuador,2000,30,South America,23424801,Americas,South America,3500396,2377327.0,12147561,28.82,19.57
El Salvador,2000,30,North America,23424807,Americas,Central America,5355226,3954649.0,5901781,90.74,67.01
Equatorial Guinea,2000,30,Africa,23424804,Africa,Middle Africa,135831,,616521,22.03,
Eritrea,2000,30,Africa,23424806,Africa,Eastern Africa,14291,2425.0,2435819,0.59,0.1
Ethiopia,2000,30,Africa,23424808,Africa,Eastern Africa,6021267,521460.0,66634033,9.04,0.78
Fiji,2000,30,Oceania,23424813,Oceania,Melanesia,4116,,724471,0.57,
France,2000,30,Europe,-90,Europe,Western Europe,1119773,597370.0,58723473,1.91,1.02
French Southern and Antarctic Lands,2000,30,Seven seas (open ocean),28289406,Seven seas (open ocean),Seven seas (open ocean),0,,0,,
Georgia,2000,30,Asia,23424823,Asia,Western Asia,91137,,4188355,2.18,
Germany,2000,30,Europe,23424829,Europe,Western Europe,222439,,81450054,0.27,
Greece,2000,30,Europe,23424833,Europe,Southern Europe,42289,9698.0,10301442,0.41,0.09
Grenada,2000,30,North America,23424826,Americas,Caribbean,82715,60387.0,82715,100.0,73.01
Guatemala,2000,30,North America,23424834,Americas,Central America,5926814,3723057.0,11692819,50.69,31.84
Heard I. and McDonald Islands,2000,30,Seven seas (open ocean),28289411,Seven seas (open ocean),Seven seas (open ocean),0,,0,,
Honduras,2000,30,North America,23424841,Americas,Central America,344750,6816.0,6561059,5.25,0.1
Iceland,2000,30,Europe,23424845,Europe,Northern Europe,192721,2603.0,245104,78.63,1.06
Indonesia,2000,30,Asia,23424846,Asia,South-Eastern Asia,61112185,38663832.0,205315269,29.77,18.83
Iran,2000,30,Asia,23424851,Asia,Southern Asia,30566,1833.0,65106444,0.05,0.0
Italy,2000,30,Europe,23424853,Europe,Southern Europe,7755898,4891638.0,55523054,13.97,8.81
Japan,2000,30,Asia,23424856,Asia,Eastern Asia,13796262,9975856.0,122592283,11.25,8.14
Jordan,2000,30,Asia,23424860,Asia,Western Asia,115,,5050672,0.0,
Kenya,2000,30,Africa,23424863,Africa,Eastern Africa,2954761,,30893412,9.56,
Mexico,2000,30,North America,23424900,Americas,Central America,16776544,1247597.0,97385807,17.23,1.28
Mongolia,2000,30,Asia,23424887,Asia,Eastern Asia,5089,,2452311,0.21,
Montserrat,2000,30,North America,23424888,Americas,Caribbean,3005,3005.0,3005,100.0,100.0
Myanmar,2000,30,Asia,23424763,Asia,South-Eastern Asia,299524,,43743505,0.68,
Netherlands,2000,30,Europe,-90,Europe,Western Europe,2972,2024.0,15665593,0.02,0.01
New Zealand,2000,30,Oceania,23424916,Oceania,Australia and New Zealand,1097094,106883.0,3565537,30.77,3.0
Nicaragua,2000,30,North America,23424915,Americas,Central America,2539580,2406649.0,5038466,50.4,47.77
Niger,2000,30,Africa,23424906,Africa,Western Africa,199,,11684744,0.0,
Northern Mariana Islands,2000,30,Oceania,23424788,Oceania,Micronesia,0,,72046,0.0,
Norway,2000,30,Europe,-90,Europe,Northern Europe,26,,3870990,0.0,
Panama,2000,30,North America,23424924,Americas,Central America,64594,,2945275,2.19,
Papua New Guinea,2000,30,Oceania,23424926,Oceania,Melanesia,520100,318909.0,4952920,10.5,6.44
Peru,2000,30,South America,23424919,Americas,South America,1003287,32893.0,26081265,3.85,0.13
Philippines,2000,30,Asia,23424934,Asia,South-Eastern Asia,10663075,5213768.0,70177675,15.19,7.43
Portugal,2000,30,Europe,23424925,Europe,Southern Europe,347871,88592.0,9376611,3.71,0.94
Republic of Cabo Verde,2000,30,Africa,23424794,Africa,Western Africa,27675,27675.0,392436,7.05,7.05
Republic of Korea,2000,30,Asia,23424868,Asia,Eastern Asia,434435,,43603434,1.0,
Russian Federation,2000,30,Europe,23424936,Europe,Eastern Europe,298238,238497.0,148669853,0.2,0.16
Rwanda,2000,30,Africa,23424937,Africa,Eastern Africa,1343909,451321.0,8054506,16.69,5.6
Saint Helena,2000,30,Seven seas (open ocean),23424944,Africa,Western Africa,398,,5205,7.65,
Saint Kitts and Nevis,2000,30,North America,23424940,Americas,Caribbean,31651,25174.0,31651,100.0,79.54
Saint Lucia,2000,30,North America,23424951,Americas,Caribbean,134679,,134926,99.82,
Saint Vincent and the Grenadines,2000,30,North America,23424981,Americas,Caribbean,51742,51742.0,57068,90.67,90.67
Samoa,2000,30,Oceania,23424992,Oceania,Polynesia,117655,,133699,88.0,
Saudi Arabia,2000,30,Asia,23424938,Asia,Western Asia,524300,,21109556,2.48,
Solomon Islands,2000,30,Oceania,23424766,Oceania,Melanesia,6737,3549.0,267402,2.52,1.33
South Africa,2000,30,Africa,23424942,Africa,Southern Africa,0,,46504472,0.0,
South Georgia and the Islands,2000,30,Seven seas (open ocean),23424955,Seven seas (open ocean),Seven seas (open ocean),0,,0,,
Spain,2000,30,Europe,23424950,Europe,Southern Europe,1445388,403486.0,38846992,3.72,1.04
Sudan,2000,30,Africa,-90,Africa,Northern Africa,34599,,26315371,0.13,
Taiwan,2000,30,Asia,23424971,Asia,Eastern Asia,6892273,,21632542,31.86,
Tanzania,2000,30,Africa,23424973,Africa,Eastern Africa,1713107,362453.0,34151720,5.02,1.06
Turkey,2000,30,Asia,23424969,Asia,Western Asia,1302705,108325.0,61437332,2.12,0.18
Uganda,2000,30,Africa,23424974,Africa,Eastern Africa,2075150,,24159051,8.59,
United States,2000,30,North America,23424977,Americas,Northern America,509928,59838.0,278063907,0.18,0.02
Vanuatu,2000,30,Oceania,23424907,Oceania,Melanesia,53986,31718.0,125333,43.07,25.31
Vatican,2000,30,Europe,23424986,Europe,Southern Europe,11632,,11632,100.0,
Yemen,2000,30,Asia,23425002,Asia,Western Asia,1985682,1432903.0,18333580,10.83,7.82
Algeria,2005,30,Africa,23424740,Africa,Northern Africa,7287,,32183109,0.02,
American Samoa,2005,30,Oceania,23424746,Oceania,Polynesia,47748,,47748,100.0,
Antarctica,2005,30,Antarctica,28289409,Antarctica,Antarctica,0,0.0,0,,
Argentina,2005,30,South America,23424747,Americas,South America,26451,105.0,38832910,0.07,0.0
Armenia,2005,30,Asia,23424743,Asia,Western Asia,419482,,3027047,13.86,
Australia,2005,30,Oceania,-90,Oceania,Australia and New Zealand,3101,,19638881,0.02,
Azerbaijan,2005,30,Asia,23424741,Asia,Western Asia,21081,,8524386,0.25,
Bolivia,2005,30,South America,23424762,Americas,South America,10050,,9337331,0.11,
Cameroon,2005,30,Africa,23424785,Africa,Middle Africa,1097899,898759.0,17014024,6.45,5.28
Canada,2005,30,North America,23424775,Americas,Northern America,28259,1108.0,30348157,0.09,0.0
Chad,2005,30,Africa,23424777,Africa,Middle Africa,296,,10103678,0.0,
Chile,2005,30,South America,23424782,Americas,South America,259847,197814.0,15908420,1.63,1.24
China,2005,30,Asia,23424781,Asia,Eastern Asia,2919624,443675.0,1288932024,0.23,0.03
Colombia,2005,30,South America,23424787,Americas,South America,2677654,1497097.0,41673211,6.43,3.59
Comoros,2005,30,Africa,23424786,Africa,Eastern Africa,248590,206226.0,481213,51.66,42.86
Costa Rica,2005,30,North America,23424791,Americas,Central America,3063577,1790052.0,4271052,71.73,41.91
Dem. Rep. Korea,2005,30,Asia,23424865,Asia,Eastern Asia,183626,28111.0,23358013,0.79,0.12
Democratic Republic of the Congo,2005,30,Africa,23424780,Africa,Middle Africa,997775,891179.0,56130886,1.78,1.59
Djibouti,2005,30,Africa,23424797,Africa,Eastern Africa,8967,936.0,656391,1.37,0.14
Dominica,2005,30,North America,23424798,Americas,Caribbean,52011,,52009,100.0,
Ecuador,2005,30,South America,23424801,Americas,South America,3816232,2618497.0,13274895,28.75,19.73
El Salvador,2005,30,North America,23424807,Americas,Central America,5446354,4047298.0,5982501,91.04,67.65
Equatorial Guinea,2005,30,Africa,23424804,Africa,Middle Africa,191896,,789527,24.31,
Eritrea,2005,30,Africa,23424806,Africa,Eastern Africa,16186,2590.0,2879065,0.56,0.09
Ethiopia,2005,30,Africa,23424808,Africa,Eastern Africa,7026812,608823.0,76929960,9.13,0.79
Fiji,2005,30,Oceania,23424813,Oceania,Melanesia,4302,,764175,0.56,
France,2005,30,Europe,-90,Europe,Western Europe,1140692,593232.0,60609111,1.88,0.98
French Southern and Antarctic Lands,2005,30,Seven seas (open ocean),28289406,Seven seas (open ocean),Seven seas (open ocean),0,,0,,
Georgia,2005,30,Asia,23424823,Asia,Western Asia,79998,,3880282,2.06,
Germany,2005,30,Europe,23424829,Europe,Western Europe,222542,,81115997,0.27,
Greece,2005,30,Europe,23424833,Europe,Southern Europe,42908,10010.0,10369749,0.41,0.1
Grenada,2005,30,North America,23424826,Americas,Caribbean,85205,62136.0,85204,100.0,72.93
Guatemala,2005,30,North America,23424834,Americas,Central America,6605170,4174653.0,13086368,50.47,31.9
Heard I. and McDonald Islands,2005,30,Seven seas (open ocean),28289411,Seven seas (open ocean),Seven seas (open ocean),0,,0,,
Honduras,2005,30,North America,23424841,Americas,Central America,385910,7182.0,7453092,5.18,0.1
Iceland,2005,30,Europe,23424845,Europe,Northern Europe,207837,2481.0,260435,79.8,0.95
Indonesia,2005,30,Asia,23424846,Asia,South-Eastern Asia,64389070,40833228.0,219317098,29.36,18.62
Iran,2005,30,Asia,23424851,Asia,Southern Asia,33888,1249.0,69686015,0.05,0.0
Italy,2005,30,Europe,23424853,Europe,Southern Europe,7872803,4944872.0,56739025,13.88,8.72
Japan,2005,30,Asia,23424856,Asia,Eastern Asia,13649893,9927756.0,123655780,11.04,8.03
Jordan,2005,30,Asia,23424860,Asia,Western Asia,138,,5670904,0.0,
Kenya,2005,30,Africa,23424863,Africa,Eastern Africa,3394081,,35886819,9.46,
Mexico,2005,30,North America,23424900,Americas,Central America,17761324,1344464.0,104907133,16.93,1.28
Mongolia,2005,30,Asia,23424887,Asia,Eastern Asia,4754,,2562207,0.19,
Montserrat,2005,30,North America,23424888,Americas,Caribbean,2583,2583.0,2583,100.0,100.0
Myanmar,2005,30,Asia,23424763,Asia,South-Eastern Asia,323819,,45784106,0.71,
Netherlands,2005,30,Europe,-90,Europe,Western Europe,3614,2534.0,16029051,0.02,0.02
New Zealand,2005,30,Oceania,23424916,Oceania,Australia and New Zealand,1204446,107882.0,3816964,31.56,2.83
Nicaragua,2005,30,North America,23424915,Americas,Central America,2642266,2505694.0,5365941,49.24,46.7
Niger,2005,30,Africa,23424906,Africa,Western Africa,236,,13923114,0.0,
Northern Mariana Islands,2005,30,Oceania,23424788,Oceania,Micronesia,0,,62740,0.0,
Norway,2005,30,Europe,-90,Europe,Northern Europe,28,,3996821,0.0,
Panama,2005,30,North America,23424924,Americas,Central America,69206,,3244618,2.13,
Papua New Guinea,2005,30,Oceania,23424926,Oceania,Melanesia,606361,370339.0,5863700,10.34,6.32
Peru,2005,30,South America,23424919,Americas,South America,1056537,32876.0,27563390,3.83,0.12
Philippines,2005,30,Asia,23424934,Asia,South-Eastern Asia,11995409,5769540.0,77772610,15.42,7.42
Portugal,2005,30,Europe,23424925,Europe,Southern Europe,355054,93164.0,9587868,3.7,0.97
Republic of Cabo Verde,2005,30,Africa,23424794,Africa,Western Africa,29128,29128.0,421447,6.91,6.91
Republic of Korea,2005,30,Asia,23424868,Asia,Eastern Asia,457479,,44745216,1.02,
Russian Federation,2005,30,Europe,23424936,Europe,Eastern Europe,277466,222216.0,145549931,0.19,0.15
Rwanda,2005,30,Africa,23424937,Africa,Eastern Africa,1412150,499257.0,8971035,15.74,5.57
Saint Helena,2005,30,Seven seas (open ocean),23424944,Africa,Western Africa,402,,4733,8.49,
Saint Kitts and Nevis,2005,30,North America,23424940,Americas,Caribbean,32666,25697.0,32666,100.0,78.67
Saint Lucia,2005,30,North America,23424951,Americas,Caribbean,139306,,139650,99.75,
Saint Vincent and the Grenadines,2005,30,North America,23424981,Americas,Caribbean,50475,50475.0,56104,89.97,89.97
Samoa,2005,30,Oceania,23424992,Oceania,Polynesia,120596,,136979,88.04,
Saudi Arabia,2005,30,Asia,23424938,Asia,Western Asia,548920,,23910690,2.3,
Solomon Islands,2005,30,Oceania,23424766,Oceania,Melanesia,7967,4417.0,301587,2.64,1.46
South Africa,2005,30,Africa,23424942,Africa,Southern Africa,0,,48691559,0.0,
South Georgia and the Islands,2005,30,Seven seas (open ocean),23424955,Seven seas (open ocean),Seven seas (open ocean),0,,0,,
Spain,2005,30,Europe,23424950,Europe,Southern Europe,1602797,461292.0,41598884,3.85,1.11
Sudan,2005,30,Africa,-90,Africa,Northern Africa,37672,,29582021,0.13,
Taiwan,2005,30,Asia,23424971,Asia,Eastern Asia,7082792,,22235534,31.85,
Tanzania,2005,30,Africa,23424973,Africa,Eastern Africa,1965199,389786.0,39106144,5.03,1.0
Turkey,2005,30,Asia,23424969,Asia,Western Asia,1461774,119483.0,65864498,2.22,0.18
Uganda,2005,30,Africa,23424974,Africa,Eastern Africa,2310681,,28094850,8.22,
United States,2005,30,North America,23424977,Americas,Northern America,574416,67183.0,292325066,0.2,0.02
Vanuatu,2005,30,Oceania,23424907,Oceania,Melanesia,61154,34245.0,142749,42.84,23.99
Vatican,2005,30,Europe,23424986,Europe,Southern Europe,11674,,11674,100.0,
Yemen,2005,30,Asia,23425002,Asia,Western Asia,2352917,1729038.0,20967477,11.22,8.25
Algeria,2010,30,Africa,23424740,Africa,Northern Africa,9259,,35045175,0.03,
American Samoa,2010,30,Oceania,23424746,Oceania,Polynesia,44637,,44637,100.0,
Antarctica,2010,30,Antarctica,28289409,Antarctica,Antarctica,0,0.0,0,,
Argentina,2010,30,South America,23424747,Americas,South America,26682,99.0,40840615,0.07,0.0
Armenia,2010,30,Asia,23424743,Asia,Western Asia,411530,,2927352,14.06,
Australia,2010,30,Oceania,-90,Oceania,Australia and New Zealand,3091,,21430390,0.01,
Azerbaijan,2010,30,Asia,23424741,Asia,Western Asia,23058,,9093658,0.25,
Bolivia,2010,30,South America,23424762,Americas,South America,12195,,10170070,0.12,
Cameroon,2010,30,Africa,23424785,Africa,Middle Africa,1203330,992322.0,19572095,6.15,5.07
Canada,2010,30,North America,23424775,Americas,Northern America,30220,1072.0,32015827,0.09,0.0
Chad,2010,30,Africa,23424777,Africa,Middle Africa,441,,11985641,0.0,
Chile,2010,30,South America,23424782,Americas,South America,287871,223347.0,16722617,1.72,1.34
China,2010,30,Asia,23424781,Asia,Eastern Asia,3181248,460399.0,1330699560,0.24,0.03
Colombia,2010,30,South America,23424787,Americas,South America,2728789,1513615.0,44237371,6.17,3.42
Comoros,2010,30,Africa,23424786,Africa,Eastern Africa,276654,230355.0,534339,51.77,43.11
Costa Rica,2010,30,North America,23424791,Americas,Central America,3268665,1883829.0,4573978,71.46,41.19
Dem. Rep. Korea,2010,30,Asia,23424865,Asia,Eastern Asia,189102,30179.0,23961266,0.79,0.13
Democratic Republic of the Congo,2010,30,Africa,23424780,Africa,Middle Africa,1145168,1016089.0,65913014,1.74,1.54
Djibouti,2010,30,Africa,23424797,Africa,Eastern Africa,9913,889.0,725168,1.37,0.12
Dominica,2010,30,North America,23424798,Americas,Caribbean,52826,,52825,100.0,
Ecuador,2010,30,South America,23424801,Americas,South America,4159459,2878163.0,14480105,28.73,19.88
El Salvador,2010,30,North America,23424807,Americas,Central America,5529361,4125941.0,6059436,91.25,68.09
Equatorial Guinea,2010,30,Africa,23424804,Africa,Middle Africa,257439,,1014730,25.37,
Eritrea,2010,30,Africa,23424806,Africa,Eastern Africa,17780,2537.0,3207853,0.55,0.08
Ethiopia,2010,30,Africa,23424808,Africa,Eastern Africa,8158115,706460.0,88559571,9.21,0.8
Fiji,2010,30,Oceania,23424813,Oceania,Melanesia,4435,,793619,0.56,
France,2010,30,Europe,-90,Europe,Western Europe,1182547,610169.0,62622829,1.89,0.97
French Southern and Antarctic Lands,2010,30,Seven seas (open ocean),28289406,Seven seas (open ocean),Seven seas (open ocean),0,,0,,
Georgia,2010,30,Asia,23424823,Asia,Western Asia,73206,,3746158,1.95,
Germany,2010,30,Europe,23424829,Europe,Western Europe,223377,,81231353,0.27,
Greece,2010,30,Europe,23424833,Europe,Southern Europe,42693,10124.0,10295129,0.41,0.1
Grenada,2010,30,North America,23424826,Americas,Caribbean,88432,64559.0,88431,100.0,73.0
Guatemala,2010,30,North America,23424834,Americas,Central America,7262196,4594457.0,14492440,50.11,31.7
Heard I. and McDonald Islands,2010,30,Seven seas (open ocean),28289411,Seven seas (open ocean),Seven seas (open ocean),0,,0,,
Honduras,2010,30,North America,23424841,Americas,Central America,422876,7412.0,8323896,5.08,0.09
Iceland,2010,30,Europe,23424845,Europe,Northern Europe,227276,2423.0,280902,80.91,0.86
Indonesia,2010,30,Asia,23424846,Asia,South-Eastern Asia,67367571,42822965.0,233757911,28.82,18.32
Iran,2010,30,Asia,23424851,Asia,Southern Asia,37119,692.0,74798887,0.05,0.0
Italy,2010,30,Europe,23424853,Europe,Southern Europe,8028474,5001568.0,58335711,13.76,8.57
Japan,2010,30,Asia,23424856,Asia,Eastern Asia,13400464,9769193.0,124028135,10.8,7.88
Jordan,2010,30,Asia,23424860,Asia,Western Asia,179,,6919148,0.0,
Kenya,2010,30,Africa,23424863,Africa,Eastern Africa,3871355,,41555667,9.32,
Mexico,2010,30,North America,23424900,Americas,Central America,18736156,1417657.0,111957548,16.74,1.27
Mongolia,2010,30,Asia,23424887,Asia,Eastern Asia,4398,,2706741,0.16,
Montserrat,2010,30,North America,23424888,Americas,Caribbean,2726,2726.0,2726,100.0,100.0
Myanmar,2010,30,Asia,23424763,Asia,South-Eastern Asia,334915,,47375406,0.71,
Netherlands,2010,30,Europe,-90,Europe,Western Europe,4443,3200.0,16388779,0.03,0.02
New Zealand,2010,30,Oceania,23424916,Oceania,Australia and New Zealand,1278396,108429.0,4011215,31.87,2.7
Nicaragua,2010,30,North America,23424915,Americas,Central America,2791127,2651289.0,5763059,48.43,46.0
Niger,2010,30,Africa,23424906,Africa,Western Africa,283,,16721029,0.0,
Northern Mariana Islands,2010,30,Oceania,23424788,Oceania,Micronesia,0,,50150,0.0,
Norway,2010,30,Europe,-90,Europe,Northern Europe,31,,4238682,0.0,
Panama,2010,30,North America,23424924,Americas,Central America,73313,,3557527,2.06,
Papua New Guinea,2010,30,Oceania,23424926,Oceania,Melanesia,696742,423304.0,6871437,10.14,6.16
Peru,2010,30,South America,23424919,Americas,South America,1109129,32085.0,28650298,3.87,0.11
Philippines,2010,30,Asia,23424934,Asia,South-Eastern Asia,13289010,6292027.0,85432325,15.56,7.36
Portugal,2010,30,Europe,23424925,Europe,Southern Europe,355393,95585.0,9647054,3.68,0.99
Republic of Cabo Verde,2010,30,Africa,23424794,Africa,Western Africa,30096,30096.0,446381,6.74,6.74
Republic of Korea,2010,30,Asia,23424868,Asia,Eastern Asia,468965,,45670165,1.03,
Russian Federation,2010,30,Europe,23424936,Europe,Eastern Europe,261562,209135.0,144953493,0.18,0.14
Rwanda,2010,30,Africa,23424937,Africa,Eastern Africa,1541946,576921.0,10248901,15.04,5.63
Saint Helena,2010,30,Seven seas (open ocean),23424944,Africa,Western Africa,423,,4505,9.39,
Saint Kitts and Nevis,2010,30,North America,23424940,Americas,Caribbean,33290,25916.0,33290,100.0,77.85
Saint Lucia,2010,30,North America,23424951,Americas,Caribbean,143589,,144045,99.68,
Saint Vincent and the Grenadines,2010,30,North America,23424981,Americas,Caribbean,48697,48697.0,54566,89.24,89.24
Samoa,2010,30,Oceania,23424992,Oceania,Polynesia,124250,,141147,88.03,
Saudi Arabia,2010,30,Asia,23424938,Asia,Western Asia,650333,,28834410,2.26,
Solomon Islands,2010,30,Oceania,23424766,Oceania,Melanesia,9393,5468.0,339871,2.76,1.61
South Africa,2010,30,Africa,23424942,Africa,Southern Africa,0,,51437012,0.0,
South Georgia and the Islands,2010,30,Seven seas (open ocean),23424955,Seven seas (open ocean),Seven seas (open ocean),0,,0,,
Spain,2010,30,Europe,23424950,Europe,Southern Europe,1755175,516281.0,44298309,3.96,1.17
Sudan,2010,30,Africa,-90,Africa,Northern Africa,42283,,33801130,0.13,
Taiwan,2010,30,Asia,23424971,Asia,Eastern Asia,7261458,,22534802,32.22,
Tanzania,2010,30,Africa,23424973,Africa,Eastern Africa,2223856,416831.0,44768227,4.97,0.93
Turkey,2010,30,Asia,23424969,Asia,Western Asia,1620329,127585.0,70216178,2.31,0.18
Uganda,2010,30,Africa,23424974,Africa,Eastern Africa,2554773,,32494911,7.86,
United States,2010,30,North America,23424977,Americas,Northern America,608620,73697.0,306548175,0.2,0.02
Vanuatu,2010,30,Oceania,23424907,Oceania,Melanesia,68954,36766.0,161809,42.61,22.72
Vatican,2010,30,Europe,23424986,Europe,Southern Europe,11825,,11825,100.0,
Yemen,2010,30,Asia,23425002,Asia,Western Asia,2733203,2009494.0,24330034,11.23,8.26
Algeria,2015,30,Africa,23424740,Africa,Northern Africa,11271,,38674218,0.03,
American Samoa,2015,30,Oceania,23424746,Oceania,Polynesia,41925,,41925,100.0,
Antarctica,2015,30,Antarctica,28289409,Antarctica,Antarctica,0,0.0,0,,
Argentina,2015,30,South America,23424747,Americas,South America,28034,98.0,42967520,0.07,0.0
Armenia,2015,30,Asia,23424743,Asia,Western Asia,401503,,2861376,14.03,
Australia,2015,30,Oceania,-90,Oceania,Australia and New Zealand,2988,,23182300,0.01,
Azerbaijan,2015,30,Asia,23424741,Asia,Western Asia,25555,,9706901,0.26,
Bolivia,2015,30,South America,23424762,Americas,South America,14728,,11021558,0.13,
Cameroon,2015,30,Africa,23424785,Africa,Middle Africa,1315372,1081561.0,22657906,5.81,4.77
Canada,2015,30,North America,23424775,Americas,Northern America,32366,1069.0,33718218,0.1,0.0
Chad,2015,30,Africa,23424777,Africa,Middle Africa,643,,14224574,0.0,
Chile,2015,30,South America,23424782,Americas,South America,318798,249695.0,17573677,1.81,1.42
China,2015,30,Asia,23424781,Asia,Eastern Asia,3264309,468004.0,1375196089,0.24,0.03
Colombia,2015,30,South America,23424787,Americas,South America,2748229,1506178.0,46514971,5.91,3.24
Comoros,2015,30,Africa,23424786,Africa,Eastern Africa,309492,258482.0,596183,51.91,43.36
Costa Rica,2015,30,North America,23424791,Americas,Central America,3467542,1952405.0,4844387,71.58,40.3
Dem. Rep. Korea,2015,30,Asia,23424865,Asia,Eastern Asia,193799,31944.0,24564565,0.79,0.13
Democratic Republic of the Congo,2015,30,Africa,23424780,Africa,Middle Africa,1291309,1137366.0,78102557,1.65,1.46
Djibouti,2015,30,Africa,23424797,Africa,Eastern Africa,11873,767.0,791664,1.5,0.1
Dominica,2015,30,North America,23424798,Americas,Caribbean,54401,,54399,100.0,
Ecuador,2015,30,South America,23424801,Americas,South America,4468592,3114948.0,15663076,28.53,19.89
El Salvador,2015,30,North America,23424807,Americas,Central America,5643922,4224723.0,6175095,91.4,68.42
Equatorial Guinea,2015,30,Africa,23424804,Africa,Middle Africa,335950,,1260309,26.66,
Eritrea,2015,30,Africa,23424806,Africa,Eastern Africa,19294,2383.0,3422068,0.56,0.07
Ethiopia,2015,30,Africa,23424808,Africa,Eastern Africa,9426525,815013.0,101655659,9.27,0.8
Fiji,2015,30,Oceania,23424813,Oceania,Melanesia,4467,,807072,0.55,
France,2015,30,Europe,-90,Europe,Western Europe,1223405,617574.0,64064900,1.91,0.96
French Southern and Antarctic Lands,2015,30,Seven seas (open ocean),28289406,Seven seas (open ocean),Seven seas (open ocean),0,,0,,
Georgia,2015,30,Asia,23424823,Asia,Western Asia,68414,,3669540,1.86,
Germany,2015,30,Europe,23424829,Europe,Western Europe,226320,,81977387,0.28,
Greece,2015,30,Europe,23424833,Europe,Southern Europe,41556,10013.0,10084502,0.41,0.1
Grenada,2015,30,North America,23424826,Americas,Caribbean,92193,67468.0,92193,100.0,73.18
Guatemala,2015,30,North America,23424834,Americas,Central America,7900660,4979910.0,15945168,49.55,31.23
Heard I. and McDonald Islands,2015,30,Seven seas (open ocean),28289411,Seven seas (open ocean),Seven seas (open ocean),0,,0,,
Honduras,2015,30,North America,23424841,Americas,Central America,454172,7598.0,9152946,4.96,0.08
Iceland,2015,30,Europe,23424845,Europe,Northern Europe,238540,2450.0,293095,81.39,0.84
Indonesia,2015,30,Asia,23424846,Asia,South-Eastern Asia,70274103,44867689.0,248047434,28.33,18.09
Iran,2015,30,Asia,23424851,Asia,Southern Asia,40592,498.0,81128566,0.05,0.0
Italy,2015,30,Europe,23424853,Europe,Southern Europe,8145119,5015518.0,58755533,13.86,8.54
Japan,2015,30,Asia,23424856,Asia,Eastern Asia,13175863,9610810.0,123213246,10.69,7.8
Jordan,2015,30,Asia,23424860,Asia,Western Asia,275,,9470100,0.0,
Kenya,2015,30,Africa,23424863,Africa,Eastern Africa,4306545,,46901625,9.18,
Mexico,2015,30,North America,23424900,Americas,Central America,19762123,1504854.0,119522192,16.53,1.26
Mongolia,2015,30,Asia,23424887,Asia,Eastern Asia,4360,,2969429,0.15,
Montserrat,2015,30,North America,23424888,Americas,Caribbean,2781,2781.0,2781,100.0,100.0
Myanmar,2015,30,Asia,23424763,Asia,South-Eastern Asia,345349,,49378551,0.7,
Netherlands,2015,30,Europe,-90,Europe,Western Europe,5128,3775.0,16817924,0.03,0.02
New Zealand,2015,30,Oceania,23424916,Oceania,Australia and New Zealand,1382618,109330.0,4231520,32.67,2.58
Nicaragua,2015,30,North America,23424915,Americas,Central America,2907633,2762337.0,6200081,46.9,44.55
Niger,2015,30,Africa,23424906,Africa,Western Africa,349,,20204122,0.0,
Northern Mariana Islands,2015,30,Oceania,23424788,Oceania,Micronesia,0,,48108,0.0,
Norway,2015,30,Europe,-90,Europe,Northern Europe,35,,4507580,0.0,
Panama,2015,30,North America,23424924,Americas,Central America,77055,,3885814,1.98,
Papua New Guinea,2015,30,Oceania,23424926,Oceania,Melanesia,781803,472920.0,7901462,9.89,5.99
Peru,2015,30,South America,23424919,Americas,South America,1173699,32766.0,30105740,3.9,0.11
Philippines,2015,30,Asia,23424934,Asia,South-Eastern Asia,14675120,6870627.0,93096503,15.76,7.38
Portugal,2015,30,Europe,23424925,Europe,Southern Europe,342972,93176.0,9423032,3.64,0.99
Republic of Cabo Verde,2015,30,Africa,23424794,Africa,Western Africa,31172,31172.0,474957,6.56,6.56
Republic of Korea,2015,30,Asia,23424868,Asia,Eastern Asia,488190,,47734835,1.02,
Russian Federation,2015,30,Europe,23424936,Europe,Eastern Europe,257230,206803.0,146360063,0.18,0.14
Rwanda,2015,30,Africa,23424937,Africa,Eastern Africa,1668227,663047.0,11576111,14.41,5.73
Saint Helena,2015,30,Seven seas (open ocean),23424944,Africa,Western Africa,476,,4604,10.34,
Saint Kitts and Nevis,2015,30,North America,23424940,Americas,Caribbean,33607,25947.0,33607,100.0,77.21
Saint Lucia,2015,30,North America,23424951,Americas,Caribbean,146648,,147222,99.61,
Saint Vincent and the Grenadines,2015,30,North America,23424981,Americas,Caribbean,46724,46724.0,52810,88.48,88.48
Samoa,2015,30,Oceania,23424992,Oceania,Polynesia,129680,,147338,88.02,
Saudi Arabia,2015,30,Asia,23424938,Asia,Western Asia,655947,,32104489,2.04,
Solomon Islands,2015,30,Oceania,23424766,Oceania,Melanesia,11224,6819.0,387428,2.9,1.76
South Africa,2015,30,Africa,23424942,Africa,Southern Africa,0,,55496257,0.0,
South Georgia and the Islands,2015,30,Seven seas (open ocean),23424955,Seven seas (open ocean),Seven seas (open ocean),0,,0,,
Spain,2015,30,Europe,23424950,Europe,Southern Europe,1736784,507275.0,44192571,3.93,1.15
Sudan,2015,30,Africa,-90,Africa,Northern Africa,49149,,38243719,0.13,
Taiwan,2015,30,Asia,23424971,Asia,Eastern Asia,7445600,,22972012,32.41,
Tanzania,2015,30,Africa,23424973,Africa,Eastern Africa,2528797,454221.0,52182166,4.85,0.87
Turkey,2015,30,Asia,23424969,Asia,Western Asia,1811491,144621.0,76492591,2.37,0.19
Uganda,2015,30,Africa,23424974,Africa,Eastern Africa,2819166,,37623707,7.49,
United States,2015,30,North America,23424977,Americas,Northern America,623437,78612.0,319833585,0.19,0.02
Vanuatu,2015,30,Oceania,23424907,Oceania,Melanesia,76769,40158.0,181336,42.34,22.15
Vatican,2015,30,Europe,23424986,Europe,Southern Europe,12052,,12052,100.0,
Yemen,2015,30,Asia,23425002,Asia,Western Asia,3158736,2324611.0,28029124,11.27,8.29
Algeria,2020,30,Africa,23424740,Africa,Northern Africa,12970,,42514701,0.03,
American Samoa,2020,30,Oceania,23424746,Oceania,Polynesia,36265,,36265,100.0,
Antarctica,2020,30,Antarctica,28289409,Antarctica,Antarctica,0,0.0,0,,
Argentina,2020,30,South America,23424747,Americas,South America,29978,105.0,44715827,0.07,0.0
Armenia,2020,30,Asia,23424743,Asia,Western Asia,413381,,2788626,14.82,
Australia,2020,30,Oceania,-90,Oceania,Australia and New Zealand,2934,,24978304,0.01,
Azerbaijan,2020,30,Asia,23424741,Asia,Western Asia,27702,,10124768,0.27,
Bolivia,2020,30,South America,23424762,Americas,South America,16713,,11854699,0.14,
Cameroon,2020,30,Africa,23424785,Africa,Middle Africa,1431385,1172014.0,26090835,5.49,4.49
Canada,2020,30,North America,23424775,Americas,Northern America,34914,1138.0,35793166,0.1,0.0
Chad,2020,30,Africa,23424777,Africa,Middle Africa,875,,16746086,0.01,
Chile,2020,30,South America,23424782,Americas,South America,357411,279852.0,18978577,1.88,1.47
China,2020,30,Asia,23424781,Asia,Eastern Asia,3278176,457629.0,1405565188,0.23,0.03
Colombia,2020,30,South America,23424787,Americas,South America,2868760,1550831.0,50277041,5.71,3.08
Comoros,2020,30,Africa,23424786,Africa,Eastern Africa,344286,287528.0,657359,52.37,43.74
Costa Rica,2020,30,North America,23424791,Americas,Central America,3662578,2009441.0,5070754,72.23,39.63
Dem. Rep. Korea,2020,30,Asia,23424865,Asia,Eastern Asia,196945,32985.0,25119551,0.78,0.13
Democratic Republic of the Congo,2020,30,Africa,23424780,Africa,Middle Africa,1406189,1224354.0,92248145,1.52,1.33
Djibouti,2020,30,Africa,23424797,Africa,Eastern Africa,14221,495.0,836549,1.7,0.06
Dominica,2020,30,North America,23424798,Americas,Caribbean,56420,,56417,100.01,
Ecuador,2020,30,South America,23424801,Americas,South America,4829533,3393676.0,17016516,28.38,19.94
El Salvador,2020,30,North America,23424807,Americas,Central America,5708996,4295305.0,6236043,91.55,68.88
Equatorial Guinea,2020,30,Africa,23424804,Africa,Middle Africa,628951,,1485611,42.34,
Eritrea,2020,30,Africa,23424806,Africa,Eastern Africa,25545,2210.0,3677064,0.69,0.06
Ethiopia,2020,30,Africa,23424808,Africa,Eastern Africa,10858790,937571.0,116318933,9.34,0.81
Fiji,2020,30,Oceania,23424813,Oceania,Melanesia,4427,,812820,0.54,
France,2020,30,Europe,-90,Europe,Western Europe,1254069,613206.0,64836584,1.93,0.95
French Southern and Antarctic Lands,2020,30,Seven seas (open ocean),28289406,Seven seas (open ocean),Seven seas (open ocean),0,,0,,
Georgia,2020,30,Asia,23424823,Asia,Western Asia,69371,,3656297,1.9,
Germany,2020,30,Europe,23424829,Europe,Western Europe,226990,,83233927,0.27,
Greece,2020,30,Europe,23424833,Europe,Southern Europe,40737,9980.0,9809587,0.42,0.1
Grenada,2020,30,North America,23424826,Americas,Caribbean,94703,66466.0,94702,100.0,70.18
Guatemala,2020,30,North America,23424834,Americas,Central America,8428741,5262988.0,17293364,48.74,30.43
Heard I. and McDonald Islands,2020,30,Seven seas (open ocean),28289411,Seven seas (open ocean),Seven seas (open ocean),0,,0,,
Honduras,2020,30,North America,23424841,Americas,Central America,453873,7424.0,9975223,4.55,0.07
Iceland,2020,30,Europe,23424845,Europe,Northern Europe,269086,2596.0,326096,82.52,0.8
Indonesia,2020,30,Asia,23424846,Asia,South-Eastern Asia,72274063,46373177.0,259976558,27.8,17.84
Iran,2020,30,Asia,23424851,Asia,Southern Asia,41961,526.0,86564880,0.05,0.0
Italy,2020,30,Europe,23424853,Europe,Southern Europe,8178083,4959787.0,58062954,14.08,8.54
Japan,2020,30,Asia,23424856,Asia,Eastern Asia,12785475,9335819.0,121288367,10.54,7.7
Jordan,2020,30,Asia,23424860,Asia,Western Asia,286,,10906862,0.0,
Kenya,2020,30,Africa,23424863,Africa,Eastern Africa,4712156,,52045879,9.05,
Mexico,2020,30,North America,23424900,Americas,Central America,19949570,1628073.0,125282432,15.92,1.3
Mongolia,2020,30,Asia,23424887,Asia,Eastern Asia,4338,,3298551,0.13,
Montserrat,2020,30,North America,23424888,Americas,Caribbean,2425,2425.0,2425,100.0,100.0
Myanmar,2020,30,Asia,23424763,Asia,South-Eastern Asia,345210,,51262123,0.67,
Netherlands,2020,30,Europe,-90,Europe,Western Europe,5473,4180.0,17217252,0.03,0.02
New Zealand,2020,30,Oceania,23424916,Oceania,Australia and New Zealand,1591998,113597.0,4656013,34.19,2.44
Nicaragua,2020,30,North America,23424915,Americas,Central America,3065583,2918382.0,6652507,46.08,43.87
Niger,2020,30,Africa,23424906,Africa,Western Africa,434,,24397955,0.0,
Northern Mariana Islands,2020,30,Oceania,23424788,Oceania,Micronesia,0,,46017,0.0,
Norway,2020,30,Europe,-90,Europe,Northern Europe,40,,4681564,0.0,
Panama,2020,30,North America,23424924,Americas,Central America,78586,,4219322,1.86,
Papua New Guinea,2020,30,Oceania,23424926,Oceania,Melanesia,850840,511497.0,8918829,9.54,5.74
Peru,2020,30,South America,23424919,Americas,South America,1255152,36299.0,32625021,3.85,0.11
Philippines,2020,30,Asia,23424934,Asia,South-Eastern Asia,16180944,7521199.0,101438621,15.95,7.41
Portugal,2020,30,Europe,23424925,Europe,Southern Europe,337313,91655.0,9336094,3.61,0.98
Republic of Cabo Verde,2020,30,Africa,23424794,Africa,Western Africa,33066,33066.0,508467,6.5,6.5
Republic of Korea,2020,30,Asia,23424868,Asia,Eastern Asia,462436,,48569257,0.95,
Russian Federation,2020,30,Europe,23424936,Europe,Eastern Europe,253272,205514.0,147268316,0.17,0.14
Rwanda,2020,30,Africa,23424937,Africa,Eastern Africa,1797122,751127.0,13069031,13.75,5.75
Saint Helena,2020,30,Seven seas (open ocean),23424944,Africa,Western Africa,507,,4489,11.29,
Saint Kitts and Nevis,2020,30,North America,23424940,Americas,Caribbean,32600,24268.0,32600,100.0,74.44
Saint Lucia,2020,30,North America,23424951,Americas,Caribbean,147281,,147964,99.54,
Saint Vincent and the Grenadines,2020,30,North America,23424981,Americas,Caribbean,44793,44793.0,51082,87.69,87.69
Samoa,2020,30,Oceania,23424992,Oceania,Polynesia,137457,,155809,88.22,
Saudi Arabia,2020,30,Asia,23424938,Asia,Western Asia,601069,,35270292,1.7,
Solomon Islands,2020,30,Oceania,23424766,Oceania,Melanesia,13132,8287.0,442580,2.97,1.87
South Africa,2020,30,Africa,23424942,Africa,Southern Africa,0,,58412964,0.0,
South Georgia and the Islands,2020,30,Seven seas (open ocean),23424955,Seven seas (open ocean),Seven seas (open ocean),0,,0,,
Spain,2020,30,Europe,23424950,Europe,Southern Europe,1759378,510759.0,45123302,3.9,1.13
Sudan,2020,30,Africa,-90,Africa,Northern Africa,69479,,44470984,0.16,
Taiwan,2020,30,Asia,23424971,Asia,Eastern Asia,7740580,,23292901,33.23,
Tanzania,2020,30,Africa,23424973,Africa,Eastern Africa,2868119,501881.0,61321080,4.68,0.82
Turkey,2020,30,Asia,23424969,Asia,Western Asia,1906049,151895.0,80830013,2.36,0.19
Uganda,2020,30,Africa,23424974,Africa,Eastern Africa,3187460,,44522380,7.16,
United States,2020,30,North America,23424977,Americas,Northern America,624280,77891.0,331055018,0.19,0.02
Vanuatu,2020,30,Oceania,23424907,Oceania,Melanesia,86178,43376.0,204960,42.05,21.16
Vatican,2020,30,Europe,23424986,Europe,Southern Europe,12378,,12378,100.0,
Yemen,2020,30,Asia,23425002,Asia,Western Asia,3704987,2762159.0,31696604,11.69,8.71
Algeria,2025,30,Africa,23424740,Africa,Northern Africa,14670,,45911529,0.03,
American Samoa,2025,30,Oceania,23424746,Oceania,Polynesia,33459,,33459,100.0,
Antarctica,2025,30,Antarctica,28289409,Antarctica,Antarctica,0,0.0,0,,
Argentina,2025,30,South America,23424747,Americas,South America,31360,106.0,45992615,0.07,0.0
Armenia,2025,30,Asia,23424743,Asia,Western Asia,408598,,2761000,14.8,
Australia,2025,30,Oceania,-90,Oceania,Australia and New Zealand,2854,,26223672,0.01,
Azerbaijan,2025,30,Asia,23424741,Asia,Western Asia,28530,,10344480,0.28,
Bolivia,2025,30,South America,23424762,Americas,South America,19330,,12645468,0.15,
Cameroon,2025,30,Africa,23424785,Africa,Middle Africa,1550049,1258920.0,29703347,5.22,4.24
Canada,2025,30,North America,23424775,Americas,Northern America,36580,1190.0,37275586,0.1,0.0
Chad,2025,30,Africa,23424777,Africa,Middle Africa,1240,,19517032,0.01,
Chile,2025,30,South America,23424782,Americas,South America,375429,293361.0,19361133,1.94,1.52
China,2025,30,Asia,23424781,Asia,Eastern Asia,3211517,446539.0,1404772563,0.23,0.03
Colombia,2025,30,South America,23424787,Americas,South America,2886884,1529253.0,51938979,5.56,2.94
Comoros,2025,30,Africa,23424786,Africa,Eastern Africa,378104,315770.0,720142,52.5,43.85
Costa Rica,2025,30,North America,23424791,Americas,Central America,3790033,2031201.0,5226736,72.51,38.86
Dem. Rep. Korea,2025,30,Asia,23424865,Asia,Eastern Asia,198870,33604.0,25564891,0.78,0.13
Democratic Republic of the Congo,2025,30,Africa,23424780,Africa,Middle Africa,1557802,1346357.0,108384624,1.44,1.24
Djibouti,2025,30,Africa,23424797,Africa,Eastern Africa,16634,482.0,898256,1.85,0.05
Dominica,2025,30,North America,23424798,Americas,Caribbean,58397,,58395,100.0,
Ecuador,2025,30,South America,23424801,Americas,South America,5079013,3595613.0,17956093,28.29,20.02
El Salvador,2025,30,North America,23424807,Americas,Central America,5837229,4401496.0,6369736,91.64,69.1
Equatorial Guinea,2025,30,Africa,23424804,Africa,Middle Africa,736069,,1664875,44.21,
Eritrea,2025,30,Africa,23424806,Africa,Eastern Africa,29400,2451.0,4048525,0.73,0.06
Ethiopia,2025,30,Africa,23424808,Africa,Eastern Africa,12401068,1062801.0,131977282,9.4,0.81
Fiji,2025,30,Oceania,23424813,Oceania,Melanesia,4498,,841446,0.53,
France,2025,30,Europe,-90,Europe,Western Europe,1294212,621099.0,65467733,1.98,0.95
French Southern and Antarctic Lands,2025,30,Seven seas (open ocean),28289406,Seven seas (open ocean),Seven seas (open ocean),0,,0,,
Georgia,2025,30,Asia,23424823,Asia,Western Asia,65825,,3592773,1.83,
Germany,2025,30,Europe,23424829,Europe,Western Europe,226837,,83104996,0.27,
Greece,2025,30,Europe,23424833,Europe,Southern Europe,39536,9821.0,9577163,0.41,0.1
Grenada,2025,30,North America,23424826,Americas,Caribbean,98014,68140.0,98013,100.0,69.52
Guatemala,2025,30,North America,23424834,Americas,Central America,8936063,5559879.0,18561628,48.14,29.95
Heard I. and McDonald Islands,2025,30,Seven seas (open ocean),28289411,Seven seas (open ocean),Seven seas (open ocean),0,,0,,
Honduras,2025,30,North America,23424841,Americas,Central America,484580,7664.0,10760299,4.5,0.07
Iceland,2025,30,Europe,23424845,Europe,Northern Europe,279677,2793.0,338013,82.74,0.83
Indonesia,2025,30,Asia,23424846,Asia,South-Eastern Asia,73566762,47391209.0,269448748,27.3,17.59
Iran,2025,30,Asia,23424851,Asia,Southern Asia,42761,521.0,89644349,0.05,0.0
Italy,2025,30,Europe,23424853,Europe,Southern Europe,8123450,4880310.0,57120187,14.22,8.54
Japan,2025,30,Asia,23424856,Asia,Eastern Asia,12397525,9049646.0,118073188,10.5,7.66
Jordan,2025,30,Asia,23424860,Asia,Western Asia,315,,11418201,0.0,
Kenya,2025,30,Africa,23424863,Africa,Eastern Africa,5103195,,57382670,8.89,
Mexico,2025,30,North America,23424900,Americas,Central America,20363890,1690793.0,129538146,15.72,1.31
Mongolia,2025,30,Asia,23424887,Asia,Eastern Asia,4399,,3541715,0.12,
Montserrat,2025,30,North America,23424888,Americas,Caribbean,2318,2318.0,2318,100.0,100.0
Myanmar,2025,30,Asia,23424763,Asia,South-Eastern Asia,340549,,53144581,0.64,
Netherlands,2025,30,Europe,-90,Europe,Western Europe,5770,4476.0,17509852,0.03,0.03
New Zealand,2025,30,Oceania,23424916,Oceania,Australia and New Zealand,1691556,115306.0,4882325,34.65,2.36
Nicaragua,2025,30,North America,23424915,Americas,Central America,3222107,3069806.0,7129034,45.2,43.06
Niger,2025,30,Africa,23424906,Africa,Western Africa,610,,29360052,0.0,
Northern Mariana Islands,2025,30,Oceania,23424788,Oceania,Micronesia,0,,46714,0.0,
Norway,2025,30,Europe,-90,Europe,Northern Europe,43,,4849006,0.0,
Panama,2025,30,North America,23424924,Americas,Central America,78681,,4509242,1.74,
Papua New Guinea,2025,30,Oceania,23424926,Oceania,Melanesia,909032,544871.0,9829899,9.25,5.54
Peru,2025,30,South America,23424919,Americas,South America,1316684,38355.0,34285481,3.84,0.11
Philippines,2025,30,Asia,23424934,Asia,South-Eastern Asia,17582842,8111631.0,109313828,16.08,7.42
Portugal,2025,30,Europe,23424925,Europe,Southern Europe,330608,89704.0,9221347,3.59,0.97
Republic of Cabo Verde,2025,30,Africa,23424794,Africa,Western Africa,34801,34801.0,536427,6.49,6.49
Republic of Korea,2025,30,Asia,23424868,Asia,Eastern Asia,433457,,48446667,0.89,
Russian Federation,2025,30,Europe,23424936,Europe,Eastern Europe,245717,200407.0,144910455,0.17,0.14
Rwanda,2025,30,Africa,23424937,Africa,Eastern Africa,1919374,838980.0,14656533,13.1,5.72
Saint Helena,2025,30,Seven seas (open ocean),23424944,Africa,Western Africa,523,,4254,12.29,
Saint Kitts and Nevis,2025,30,North America,23424940,Americas,Caribbean,32759,24100.0,32759,100.0,73.57
Saint Lucia,2025,30,North America,23424951,Americas,Caribbean,148023,,148788,99.49,
Saint Vincent and the Grenadines,2025,30,North America,23424981,Americas,Caribbean,43922,43922.0,50427,87.1,87.1
Samoa,2025,30,Oceania,23424992,Oceania,Polynesia,148627,,168276,88.32,
Saudi Arabia,2025,30,Asia,23424938,Asia,Western Asia,605735,,37232528,1.63,
Solomon Islands,2025,30,Oceania,23424766,Oceania,Melanesia,15172,9933.0,500715,3.03,1.98
South Africa,2025,30,Africa,23424942,Africa,Southern Africa,0,,61267877,0.0,
South Georgia and the Islands,2025,30,Seven seas (open ocean),23424955,Seven seas (open ocean),Seven seas (open ocean),0,,0,,
Spain,2025,30,Europe,23424950,Europe,Southern Europe,1770453,515438.0,45193871,3.92,1.14
Sudan,2025,30,Africa,-90,Africa,Northern Africa,83199,,50627142,0.16,
Taiwan,2025,30,Asia,23424971,Asia,Eastern Asia,8003323,,23458085,34.12,
Tanzania,2025,30,Africa,23424973,Africa,Eastern Africa,3253816,545845.0,70999767,4.58,0.77
Turkey,2025,30,Asia,23424969,Asia,Western Asia,1949951,156224.0,83360026,2.34,0.19
Uganda,2025,30,Africa,23424974,Africa,Eastern Africa,3486682,,51402115,6.78,
United States,2025,30,North America,23424977,Americas,Northern America,667287,88336.0,338628648,0.2,0.03
Vanuatu,2025,30,Oceania,23424907,Oceania,Melanesia,96240,46981.0,230232,41.8,20.41
Vatican,2025,30,Europe,23424986,Europe,Southern Europe,12478,,12478,100.0,
Yemen,2025,30,Asia,23425002,Asia,Western Asia,4199613,3152447.0,35320141,11.89,8.93
Algeria,2030,30,Africa,23424740,Africa,Northern Africa,16008,,48708918,0.03,
American Samoa,2030,30,Oceania,23424746,Oceania,Polynesia,31555,,31555,100.0,
Antarctica,2030,30,Antarctica,28289409,Antarctica,Antarctica,0,0.0,0,,
Argentina,2030,30,South America,23424747,Americas,South America,32656,108.0,47308813,0.07,0.0
Armenia,2030,30,Asia,23424743,Asia,Western Asia,400906,,2744839,14.61,
Australia,2030,30,Oceania,-90,Oceania,Australia and New Zealand,2763,,27423565,0.01,
Azerbaijan,2030,30,Asia,23424741,Asia,Western Asia,28785,,10543804,0.27,
Bolivia,2030,30,South America,23424762,Americas,South America,22240,,13501307,0.16,
Cameroon,2030,30,Africa,23424785,Africa,Middle Africa,1673377,1349145.0,33556897,4.99,4.02
Canada,2030,30,North America,23424775,Americas,Northern America,38094,1239.0,38774851,0.1,0.0
Chad,2030,30,Africa,23424777,Africa,Middle Africa,1711,,22539137,0.01,
Chile,2030,30,South America,23424782,Americas,South America,387073,300785.0,19601948,1.97,1.53
China,2030,30,Asia,23424781,Asia,Eastern Asia,3126510,441782.0,1395930095,0.22,0.03
Colombia,2030,30,South America,23424787,Americas,South America,2913991,1497005.0,53446895,5.45,2.8
Comoros,2030,30,Africa,23424786,Africa,Eastern Africa,410614,342871.0,781976,52.51,43.85
Costa Rica,2030,30,North America,23424791,Americas,Central America,3895891,2055936.0,5377339,72.45,38.23
Dem. Rep. Korea,2030,30,Asia,23424865,Asia,Eastern Asia,199244,34035.0,25793847,0.77,0.13
Democratic Republic of the Congo,2030,30,Africa,23424780,Africa,Middle Africa,1692124,1456676.0,126796103,1.33,1.15
Djibouti,2030,30,Africa,23424797,Africa,Eastern Africa,19606,442.0,956826,2.05,0.05
Dominica,2030,30,North America,23424798,Americas,Caribbean,60125,,60123,100.0,
Ecuador,2030,30,South America,23424801,Americas,South America,5330883,3809292.0,18843251,28.29,20.22
El Salvador,2030,30,North America,23424807,Americas,Central America,5961260,4508667.0,6497521,91.75,69.39
Equatorial Guinea,2030,30,Africa,23424804,Africa,Middle Africa,854333,,1850668,46.16,
Eritrea,2030,30,Africa,23424806,Africa,Eastern Africa,33378,2678.0,4465164,0.75,0.06
Ethiopia,2030,30,Africa,23424808,Africa,Eastern Africa,14076488,1192331.0,148248060,9.5,0.8
Fiji,2030,30,Oceania,23424813,Oceania,Melanesia,4560,,875856,0.52,
France,2030,30,Europe,-90,Europe,Western Europe,1335997,628838.0,66109535,2.02,0.95
French Southern and Antarctic Lands,2030,30,Seven seas (open ocean),28289406,Seven seas (open ocean),Seven seas (open ocean),0,,0,,
Georgia,2030,30,Asia,23424823,Asia,Western Asia,61853,,3535756,1.75,
Germany,2030,30,Europe,23424829,Europe,Western Europe,225949,,82670920,0.27,
Greece,2030,30,Europe,23424833,Europe,Southern Europe,38561,9712.0,9386880,0.41,0.1
Grenada,2030,30,North America,23424826,Americas,Caribbean,100194,68754.0,100193,100.0,68.62
Guatemala,2030,30,North America,23424834,Americas,Central America,9509256,5913798.0,19922498,47.73,29.68
Heard I. and McDonald Islands,2030,30,Seven seas (open ocean),28289411,Seven seas (open ocean),Seven seas (open ocean),0,,0,,
Honduras,2030,30,North America,23424841,Americas,Central America,520093,8033.0,11541015,4.51,0.07
Iceland,2030,30,Europe,23424845,Europe,Northern Europe,288279,2930.0,347395,82.98,0.84
Indonesia,2030,30,Asia,23424846,Asia,South-Eastern Asia,74696046,48250598.0,278872036,26.79,17.3
Iran,2030,30,Asia,23424851,Asia,Southern Asia,43135,550.0,92114187,0.05,0.0
Italy,2030,30,Europe,23424853,Europe,Southern Europe,8095435,4840367.0,56180449,14.41,8.62
Japan,2030,30,Asia,23424856,Asia,Eastern Asia,11985400,8746796.0,114705686,10.45,7.63
Jordan,2030,30,Asia,23424860,Asia,Western Asia,380,,11907691,0.0,
Kenya,2030,30,Africa,23424863,Africa,Eastern Africa,5468564,,63160307,8.66,
Mexico,2030,30,North America,23424900,Americas,Central America,20837926,1751558.0,133730796,15.58,1.31
Mongolia,2030,30,Asia,23424887,Asia,Eastern Asia,4377,,3739900,0.12,
Montserrat,2030,30,North America,23424888,Americas,Caribbean,2276,2276.0,2276,100.0,100.0
Myanmar,2030,30,Asia,23424763,Asia,South-Eastern Asia,332604,,54787969,0.61,
Netherlands,2030,30,Europe,-90,Europe,Western Europe,5982,4721.0,17734783,0.03,0.03
New Zealand,2030,30,Oceania,23424916,Oceania,Australia and New Zealand,1754128,116807.0,5051674,34.72,2.31
Nicaragua,2030,30,North America,23424915,Americas,Central America,3384016,3229310.0,7576781,44.66,42.62
Niger,2030,30,Africa,23424906,Africa,Western Africa,710,,35238879,0.0,
Northern Mariana Islands,2030,30,Oceania,23424788,Oceania,Micronesia,0,,47675,0.0,
Norway,2030,30,Europe,-90,Europe,Northern Europe,47,,5030339,0.0,
Panama,2030,30,North America,23424924,Americas,Central America,78331,,4784654,1.64,
Papua New Guinea,2030,30,Oceania,23424926,Oceania,Melanesia,953587,569544.0,10711449,8.9,5.32
Peru,2030,30,South America,23424919,Americas,South America,1382735,40282.0,35920724,3.85,0.11
Philippines,2030,30,Asia,23424934,Asia,South-Eastern Asia,18891071,8653471.0,117102352,16.13,7.39
Portugal,2030,30,Europe,23424925,Europe,Southern Europe,322865,87611.0,9078654,3.56,0.97
Republic of Cabo Verde,2030,30,Africa,23424794,Africa,Western Africa,37090,37090.0,563754,6.58,6.58
Republic of Korea,2030,30,Asia,23424868,Asia,Eastern Asia,402167,,48087868,0.84,
Russian Federation,2030,30,Europe,23424936,Europe,Eastern Europe,240677,197385.0,142842243,0.17,0.14
Rwanda,2030,30,Africa,23424937,Africa,Eastern Africa,2026303,921953.0,16289584,12.44,5.66
Saint Helena,2030,30,Seven seas (open ocean),23424944,Africa,Western Africa,526,,3962,13.28,
Saint Kitts and Nevis,2030,30,North America,23424940,Americas,Caribbean,33112,24174.0,33112,100.0,73.01
Saint Lucia,2030,30,North America,23424951,Americas,Caribbean,148817,,149653,99.44,
Saint Vincent and the Grenadines,2030,30,North America,23424981,Americas,Caribbean,43689,43689.0,50503,86.51,86.51
Samoa,2030,30,Oceania,23424992,Oceania,Polynesia,159840,,180566,88.52,
Saudi Arabia,2030,30,Asia,23424938,Asia,Western Asia,625770,,39673815,1.58,
Solomon Islands,2030,30,Oceania,23424766,Oceania,Melanesia,17250,11669.0,562073,3.07,2.08
South Africa,2030,30,Africa,23424942,Africa,Southern Africa,0,,64231646,0.0,
South Georgia and the Islands,2030,30,Seven seas (open ocean),23424955,Seven seas (open ocean),Seven seas (open ocean),0,,0,,
Spain,2030,30,Europe,23424950,Europe,Southern Europe,1774024,517671.0,44874279,3.95,1.15
Sudan,2030,30,Africa,-90,Africa,Northern Africa,97596,,57016946,0.17,
Taiwan,2030,30,Asia,23424971,Asia,Eastern Asia,8232423,,23520450,35.0,
Tanzania,2030,30,Africa,23424973,Africa,Eastern Africa,3708105,588122.0,81407890,4.55,0.72
Turkey,2030,30,Asia,23424969,Asia,Western Asia,1998528,163606.0,85567398,2.34,0.19
Uganda,2030,30,Africa,23424974,Africa,Eastern Africa,3750409,,58491778,6.41,
United States,2030,30,North America,23424977,Americas,Northern America,706510,99203.0,347044286,0.2,0.03
Vanuatu,2030,30,Oceania,23424907,Oceania,Melanesia,107134,50368.0,257696,41.57,19.55
Vatican,2030,30,Europe,23424986,Europe,Southern Europe,12537,,12537,100.0,
Yemen,2030,30,Asia,23425002,Asia,Western Asia,4755043,3595655.0,39132275,12.15,9.19
Algeria,1975,100,Africa,23424740,Africa,Northern Africa,34277,,15239910,0.22,
American Samoa,1975,100,Oceania,23424746,Oceania,Polynesia,23913,,23913,100.0,
Andorra,1975,100,Europe,23424744,Europe,Southern Europe,27599,,27609,99.96,
Anguilla,1975,100,North America,23424751,Americas,Caribbean,4279,3951.0,4279,100.0,92.33
Antarctica,1975,100,Antarctica,28289409,Antarctica,Antarctica,0,0.0,0,,
Antigua and Barbuda,1975,100,North America,23424737,Americas,Caribbean,59123,58459.0,59154,99.95,98.83
Argentina,1975,100,South America,23424747,Americas,South America,369651,99837.0,25733508,1.44,0.39
Armenia,1975,100,Asia,23424743,Asia,Western Asia,2803758,1785231.0,2807804,99.86,63.58
Australia,1975,100,Oceania,-90,Oceania,Australia and New Zealand,93677,,13577772,0.69,
Azerbaijan,1975,100,Asia,23424741,Asia,Western Asia,1212912,134223.0,5843582,20.76,2.3
Belgium,1975,100,Europe,23424757,Europe,Western Europe,474363,,9847512,4.82,
Bolivia,1975,100,South America,23424762,Americas,South America,45943,,5111702,0.9,
Cameroon,1975,100,Africa,23424785,Africa,Middle Africa,3312449,2736216.0,7355408,45.03,37.2
Canada,1975,100,North America,23424775,Americas,Northern America,1367881,23771.0,21614561,6.33,0.11
Chad,1975,100,Africa,23424777,Africa,Middle Africa,1029,,4153350,0.02,
Chile,1975,100,South America,23424782,Americas,South America,6487319,1859333.0,10414348,62.29,17.85
China,1975,100,Asia,23424781,Asia,Eastern Asia,14831412,2946630.0,907725877,1.63,0.32
Colombia,1975,100,South America,23424787,Americas,South America,6818413,6245635.0,23167003,29.43,26.96
Comoros,1975,100,Africa,23424786,Africa,Eastern Africa,220408,217822.0,229506,96.04,94.91
Costa Rica,1975,100,North America,23424791,Americas,Central America,2063818,1922830.0,2084331,99.02,92.25
Dem. Rep. Korea,1975,100,Asia,23424865,Asia,Eastern Asia,2430781,538821.0,16347547,14.87,3.3
Democratic Republic of the Congo,1975,100,Africa,23424780,Africa,Middle Africa,2523799,1310881.0,22966572,10.99,5.71
Djibouti,1975,100,Africa,23424797,Africa,Eastern Africa,141959,46775.0,141979,99.99,32.95
Dominica,1975,100,North America,23424798,Americas,Caribbean,50988,50988.0,50988,100.0,100.0
Ecuador,1975,100,South America,23424801,Americas,South America,3303030,3112178.0,6834426,48.33,45.54
El Salvador,1975,100,North America,23424807,Americas,Central America,4033674,3980378.0,4033651,100.0,98.68
Equatorial Guinea,1975,100,Africa,23424804,Africa,Middle Africa,36564,27239.0,253357,14.43,10.75
Eritrea,1975,100,Africa,23424806,Africa,Eastern Africa,254276,5261.0,1465137,17.36,0.36
Ethiopia,1975,100,Africa,23424808,Africa,Eastern Africa,12711245,3454016.0,32154678,39.53,10.74
Fiji,1975,100,Oceania,23424813,Oceania,Melanesia,9007,,493430,1.83,
France,1975,100,Europe,-90,Europe,Western Europe,2766008,897550.0,52017895,5.32,1.73
French Polynesia,1975,100,Oceania,23424817,Oceania,Polynesia,83269,,95434,87.25,
French Southern and Antarctic Lands,1975,100,Seven seas (open ocean),28289406,Seven seas (open ocean),Seven seas (open ocean),0,,0,,
Georgia,1975,100,Asia,23424823,Asia,Western Asia,2454813,,4896726,50.13,
Germany,1975,100,Europe,23424829,Europe,Western Europe,6690731,,78419820,8.53,
Greece,1975,100,Europe,23424833,Europe,Southern Europe,3581715,26866.0,8322448,43.04,0.32
Grenada,1975,100,North America,23424826,Americas,Caribbean,74701,74701.0,74701,100.0,100.0
Guam,1975,100,Oceania,23424832,Oceania,Micronesia,81960,,86086,95.21,
Guatemala,1975,100,North America,23424834,Americas,Central America,5363398,4945597.0,6180931,86.77,80.01
Heard I. and McDonald Islands,1975,100,Seven seas (open ocean),28289411,Seven seas (open ocean),Seven seas (open ocean),0,,0,,
Honduras,1975,100,North America,23424841,Americas,Central America,2381545,516788.0,3186651,74.74,16.22
Iceland,1975,100,Europe,23424845,Europe,Northern Europe,177481,41592.0,185073,95.9,22.47
India,1975,100,Asia,23424848,Asia,Southern Asia,528,,618398906,0.0,
Indonesia,1975,100,Asia,23424846,Asia,South-Eastern Asia,99519668,91806583.0,125799636,79.11,72.98
Iran,1975,100,Asia,23424851,Asia,Southern Asia,5550763,270341.0,32682757,16.98,0.83
Italy,1975,100,Europe,23424853,Europe,Southern Europe,14081330,8914725.0,53656399,26.24,16.61
Japan,1975,100,Asia,23424856,Asia,Eastern Asia,71513175,63525658.0,108328910,66.01,58.64
Jordan,1975,100,Asia,23424860,Asia,Western Asia,12811,,1888946,0.68,
Kenya,1975,100,Africa,23424863,Africa,Eastern Africa,9799199,12290.0,13679515,71.63,0.09
Luxembourg,1975,100,Europe,23424881,Europe,Western Europe,343319,,363630,94.41,
Malawi,1975,100,Africa,23424889,Africa,Eastern Africa,114446,114443.0,5291886,2.16,2.16
Mexico,1975,100,North America,23424900,Americas,Central America,29567560,20387372.0,58404930,50.63,34.91
Mongolia,1975,100,Asia,23424887,Asia,Eastern Asia,139158,,1488981,9.35,
Montserrat,1975,100,North America,23424888,Americas,Caribbean,7058,7058.0,7058,100.0,100.0
Myanmar,1975,100,Asia,23424763,Asia,South-Eastern Asia,972500,2272.0,29888741,3.25,0.01
Netherlands,1975,100,Europe,-90,Europe,Western Europe,74703,2205.0,13456471,0.56,0.02
New Zealand,1975,100,Oceania,23424916,Oceania,Australia and New Zealand,1253854,413339.0,2865228,43.76,14.43
Nicaragua,1975,100,North America,23424915,Americas,Central America,2223095,2168324.0,2806779,79.2,77.25
Niger,1975,100,Africa,23424906,Africa,Western Africa,81636,,5377411,1.52,
Nigeria,1975,100,Africa,23424908,Africa,Western Africa,112731,112731.0,62274585,0.18,0.18
Northern Mariana Islands,1975,100,Oceania,23424788,Oceania,Micronesia,13803,0.0,13803,100.0,0.0
Norway,1975,100,Europe,-90,Europe,Northern Europe,19,,3420948,0.0,
Panama,1975,100,North America,23424924,Americas,Central America,314774,,1689483,18.63,
Papua New Guinea,1975,100,Oceania,23424926,Oceania,Melanesia,602615,535273.0,2485433,24.25,21.54
Peru,1975,100,South America,23424919,Americas,South America,1391676,602447.0,15125014,9.2,3.98
Philippines,1975,100,Asia,23424934,Asia,South-Eastern Asia,29310053,24992589.0,37301877,78.58,67.0
Portugal,1975,100,Europe,23424925,Europe,Southern Europe,303426,113207.0,8444778,3.59,1.34
Republic of Cabo Verde,1975,100,Africa,23424794,Africa,Western Africa,157043,157043.0,257693,60.94,60.94
Republic of Korea,1975,100,Asia,23424868,Asia,Eastern Asia,8703599,,33058628,26.33,
Russian Federation,1975,100,Europe,23424936,Europe,Eastern Europe,2733603,335068.0,135604356,2.02,0.25
Rwanda,1975,100,Africa,23424937,Africa,Eastern Africa,3295456,2695728.0,4481014,73.54,60.16
Saint Helena,1975,100,Seven seas (open ocean),23424944,Africa,Western Africa,272,,5513,4.93,
Saint Kitts and Nevis,1975,100,North America,23424940,Americas,Caribbean,31083,31083.0,31083,100.0,100.0
Saint Lucia,1975,100,North America,23424951,Americas,Caribbean,94733,94733.0,94784,99.95,99.95
Saint Vincent and the Grenadines,1975,100,North America,23424981,Americas,Caribbean,51599,51599.0,51599,100.0,100.0
Saint-Barthélemy,1975,100,North America,56042304,Americas,Caribbean,1879,1879.0,1879,100.0,100.0
Saint-Martin,1975,100,North America,56042305,Americas,Caribbean,3439,3439.0,3439,100.0,100.0
Samoa,1975,100,Oceania,23424992,Oceania,Polynesia,110711,,110698,100.01,
Saudi Arabia,1975,100,Asia,23424938,Asia,Western Asia,1333879,,7743540,17.23,
Sint Maarten,1975,100,North America,-90,Americas,Caribbean,8945,8945.0,8945,100.0,100.0
Solomon Islands,1975,100,Oceania,23424766,Oceania,Melanesia,47045,39615.0,118822,39.59,33.34
Somaliland,1975,100,Africa,-99,Africa,Eastern Africa,3860,,1049719,0.37,
South Africa,1975,100,Africa,23424942,Africa,Southern Africa,0,,25622824,0.0,
South Georgia and the Islands,1975,100,Seven seas (open ocean),23424955,Seven seas (open ocean),Seven seas (open ocean),0,,0,,
South Sudan,1975,100,Africa,-99,Africa,Eastern Africa,5,,3698944,0.0,
Spain,1975,100,Europe,23424950,Europe,Southern Europe,5815166,666381.0,34148314,17.03,1.95
Sudan,1975,100,Africa,-90,Africa,Northern Africa,449121,,13491117,3.33,
Syria,1975,100,Asia,23424956,Asia,Western Asia,89522,,7343926,1.22,
Taiwan,1975,100,Asia,23424971,Asia,Eastern Asia,5457138,,16071792,33.95,
Tanzania,1975,100,Africa,23424973,Africa,Eastern Africa,2487985,1093976.0,16080327,15.47,6.8
Timor-Leste,1975,100,Asia,23424968,Asia,South-Eastern Asia,20344,20344.0,566888,3.59,3.59
Tonga,1975,100,Oceania,23424964,Oceania,Polynesia,64579,64579.0,64579,100.0,100.0
Tunisia,1975,100,Africa,23424967,Africa,Northern Africa,51013,,5311003,0.96,
Turkey,1975,100,Asia,23424969,Asia,Western Asia,5698798,223660.0,38228403,14.91,0.59
Uganda,1975,100,Africa,23424974,Africa,Eastern Africa,2855524,593963.0,11818130,24.16,5.03
United States,1975,100,North America,23424977,Americas,Northern America,6253893,1482317.0,207883973,3.01,0.71
Vanuatu,1975,100,Oceania,23424907,Oceania,Melanesia,60813,47761.0,64617,94.11,73.91
Vatican,1975,100,Europe,23424986,Europe,Southern Europe,10568,,10568,100.0,
Vietnam,1975,100,Asia,23424984,Asia,South-Eastern Asia,1250990,,45395442,2.76,
Yemen,1975,100,Asia,23425002,Asia,Western Asia,4969667,2468099.0,7714306,64.42,31.99
Zambia,1975,100,Africa,23425003,Africa,Eastern Africa,7933,2771.0,4837340,0.16,0.06
Algeria,1980,100,Africa,23424740,Africa,Northern Africa,43403,,18186321,0.24,
American Samoa,1980,100,Oceania,23424746,Oceania,Polynesia,26529,,26529,100.0,
Andorra,1980,100,Europe,23424744,Europe,Southern Europe,35535,,35551,99.95,
Anguilla,1980,100,North America,23424751,Americas,Caribbean,4407,4043.0,4407,100.0,91.74
Antarctica,1980,100,Antarctica,28289409,Antarctica,Antarctica,0,0.0,0,,
Antigua and Barbuda,1980,100,North America,23424737,Americas,Caribbean,59469,58769.0,59505,99.94,98.76
Argentina,1980,100,South America,23424747,Americas,South America,398281,107160.0,27876097,1.43,0.38
Armenia,1980,100,Asia,23424743,Asia,Western Asia,3105881,2020085.0,3110303,99.86,64.95
Australia,1980,100,Oceania,-90,Oceania,Australia and New Zealand,94128,,14366661,0.66,
Azerbaijan,1980,100,Asia,23424741,Asia,Western Asia,1305412,135533.0,6296856,20.73,2.15
Belgium,1980,100,Europe,23424757,Europe,Western Europe,475880,,9914629,4.8,
Bolivia,1980,100,South America,23424762,Americas,South America,49972,,5716103,0.87,
Cameroon,1980,100,Africa,23424785,Africa,Middle Africa,3728311,3107718.0,8458431,44.08,36.74
Canada,1980,100,North America,23424775,Americas,Northern America,1487749,25290.0,22947818,6.48,0.11
Chad,1980,100,Africa,23424777,Africa,Middle Africa,1370,,4487371,0.03,
Chile,1980,100,South America,23424782,Americas,South America,7142190,1882755.0,11239991,63.54,16.75
China,1980,100,Asia,23424781,Asia,Eastern Asia,15992725,3166215.0,974232513,1.64,0.32
Colombia,1980,100,South America,23424787,Americas,South America,7631237,6988456.0,25891610,29.47,26.99
Comoros,1980,100,Africa,23424786,Africa,Eastern Africa,255997,252533.0,268089,95.49,94.2
Costa Rica,1980,100,North America,23424791,Americas,Central America,2360590,2202987.0,2383964,99.02,92.41
Dem. Rep. Korea,1980,100,Asia,23424865,Asia,Eastern Asia,2521937,558243.0,17508458,14.4,3.19
Democratic Republic of the Congo,1980,100,Africa,23424780,Africa,Middle Africa,2917957,1522001.0,26565424,10.98,5.73
Djibouti,1980,100,Africa,23424797,Africa,Eastern Africa,236081,75034.0,236114,99.99,31.78
Dominica,1980,100,North America,23424798,Americas,Caribbean,52481,52481.0,52481,100.0,100.0
Ecuador,1980,100,South America,23424801,Americas,South America,3772408,3558067.0,7813742,48.28,45.54
El Salvador,1980,100,North America,23424807,Americas,Central America,4461042,4403220.0,4461019,100.0,98.7
Equatorial Guinea,1980,100,Africa,23424804,Africa,Middle Africa,42496,33453.0,253779,16.75,13.18
Eritrea,1980,100,Africa,23424806,Africa,Eastern Africa,303675,5145.0,1672023,18.16,0.31
Ethiopia,1980,100,Africa,23424808,Africa,Eastern Africa,13983204,3755667.0,34843728,40.13,10.78
Fiji,1980,100,Oceania,23424813,Oceania,Melanesia,10409,,553879,1.88,
France,1980,100,Europe,-90,Europe,Western Europe,2832635,941125.0,53320757,5.31,1.77
French Polynesia,1980,100,Oceania,23424817,Oceania,Polynesia,97095,,111178,87.33,
French Southern and Antarctic Lands,1980,100,Seven seas (open ocean),28289406,Seven seas (open ocean),Seven seas (open ocean),0,,0,,
Georgia,1980,100,Asia,23424823,Asia,Western Asia,2546949,,5064454,50.29,
Germany,1980,100,Europe,23424829,Europe,Western Europe,6721663,,77701260,8.65,
Greece,1980,100,Europe,23424833,Europe,Southern Europe,3839158,28264.0,8755417,43.85,0.32
Grenada,1980,100,North America,23424826,Americas,Caribbean,72402,72402.0,72402,100.0,100.0
Guam,1980,100,Oceania,23424832,Oceania,Micronesia,95954,,101632,94.41,
Guatemala,1980,100,North America,23424834,Americas,Central America,6011874,5539029.0,6963739,86.33,79.54
Heard I. and McDonald Islands,1980,100,Seven seas (open ocean),28289411,Seven seas (open ocean),Seven seas (open ocean),0,,0,,
Honduras,1980,100,North America,23424841,Americas,Central America,2792375,585510.0,3725583,74.95,15.72
Iceland,1980,100,Europe,23424845,Europe,Northern Europe,188286,41512.0,195218,96.45,21.26
India,1980,100,Asia,23424848,Asia,Southern Asia,630,,691061567,0.0,
Indonesia,1980,100,Asia,23424846,Asia,South-Eastern Asia,112024676,103463774.0,142104549,78.83,72.81
Iran,1980,100,Asia,23424851,Asia,Southern Asia,6500890,310690.0,38311825,16.97,0.81
Italy,1980,100,Europe,23424853,Europe,Southern Europe,14460061,9163723.0,54866930,26.35,16.7
Japan,1980,100,Asia,23424856,Asia,Eastern Asia,75268193,67105108.0,113385116,66.38,59.18
Jordan,1980,100,Asia,23424860,Asia,Western Asia,14555,,2219813,0.66,
Kenya,1980,100,Africa,23424863,Africa,Eastern Africa,11610380,14966.0,16209779,71.63,0.09
Luxembourg,1980,100,Europe,23424881,Europe,Western Europe,352500,,372635,94.6,
Malawi,1980,100,Africa,23424889,Africa,Eastern Africa,137371,137368.0,6285896,2.19,2.19
Mexico,1980,100,North America,23424900,Americas,Central America,34338037,23889905.0,67382114,50.96,35.45
Mongolia,1980,100,Asia,23424887,Asia,Eastern Asia,155105,,1700605,9.12,
Montserrat,1980,100,North America,23424888,Americas,Caribbean,6967,6967.0,6967,100.0,100.0
Myanmar,1980,100,Asia,23424763,Asia,South-Eastern Asia,1519325,3749.0,32790222,4.63,0.01
Netherlands,1980,100,Europe,-90,Europe,Western Europe,78086,2407.0,13914666,0.56,0.02
New Zealand,1980,100,Oceania,23424916,Oceania,Australia and New Zealand,1286696,401057.0,2916549,44.12,13.75
Nicaragua,1980,100,North America,23424915,Americas,Central America,2548833,2484870.0,3245388,78.54,76.57
Niger,1980,100,Africa,23424906,Africa,Western Africa,93083,,6213220,1.5,
Nigeria,1980,100,Africa,23424908,Africa,Western Africa,124721,124721.0,72288859,0.17,0.17
Northern Mariana Islands,1980,100,Oceania,23424788,Oceania,Micronesia,16041,0.0,16041,100.0,0.0
Norway,1980,100,Europe,-90,Europe,Northern Europe,20,,3487029,0.0,
Panama,1980,100,North America,23424924,Americas,Central America,359738,,1908015,18.85,
Papua New Guinea,1980,100,Oceania,23424926,Oceania,Melanesia,657815,584024.0,2766106,23.78,21.11
Peru,1980,100,South America,23424919,Americas,South America,1594080,707840.0,17131969,9.3,4.13
Philippines,1980,100,Asia,23424934,Asia,South-Eastern Asia,33825313,28661209.0,42860071,78.92,66.87
Portugal,1980,100,Europe,23424925,Europe,Southern Europe,312041,117596.0,8934426,3.49,1.32
Republic of Cabo Verde,1980,100,Africa,23424794,Africa,Western Africa,169608,169608.0,267036,63.52,63.52
Republic of Korea,1980,100,Asia,23424868,Asia,Eastern Asia,10110861,,35228364,28.7,
Russian Federation,1980,100,Europe,23424936,Europe,Eastern Europe,2813670,359338.0,140104599,2.01,0.26
Rwanda,1980,100,Africa,23424937,Africa,Eastern Africa,3797738,3053466.0,5206798,72.94,58.64
Saint Helena,1980,100,Seven seas (open ocean),23424944,Africa,Western Africa,304,,5718,5.32,
Saint Kitts and Nevis,1980,100,North America,23424940,Americas,Caribbean,30396,30396.0,30396,100.0,100.0
Saint Lucia,1980,100,North America,23424951,Americas,Caribbean,103351,103351.0,103397,99.96,99.96
Saint Vincent and the Grenadines,1980,100,North America,23424981,Americas,Caribbean,53740,53740.0,53740,100.0,100.0
Saint-Barthélemy,1980,100,North America,56042304,Americas,Caribbean,2250,2250.0,2250,100.0,100.0
Saint-Martin,1980,100,North America,56042305,Americas,Caribbean,4117,4117.0,4117,100.0,100.0
Samoa,1980,100,Oceania,23424992,Oceania,Polynesia,118290,,118275,100.01,
Saudi Arabia,1980,100,Asia,23424938,Asia,Western Asia,1603651,,9972393,16.08,
Sint Maarten,1980,100,North America,-90,Americas,Caribbean,11635,11635.0,11635,100.0,100.0
Solomon Islands,1980,100,Oceania,23424766,Oceania,Melanesia,59357,50732.0,141491,41.95,35.86
Somaliland,1980,100,Africa,-99,Africa,Eastern Africa,5745,,1434335,0.4,
South Africa,1980,100,Africa,23424942,Africa,Southern Africa,0,,29283822,0.0,
South Georgia and the Islands,1980,100,Seven seas (open ocean),23424955,Seven seas (open ocean),Seven seas (open ocean),0,,0,,
South Sudan,1980,100,Africa,-99,Africa,Eastern Africa,10,,4169511,0.0,
Spain,1980,100,Europe,23424950,Europe,Southern Europe,6104212,723127.0,35808890,17.05,2.02
Sudan,1980,100,Africa,-90,Africa,Northern Africa,569598,,16661009,3.42,
Syria,1980,100,Asia,23424956,Asia,Western Asia,102541,,8713011,1.18,
Taiwan,1980,100,Asia,23424971,Asia,Eastern Asia,6565558,,17601805,37.3,
Tanzania,1980,100,Africa,23424973,Africa,Eastern Africa,2960760,1310471.0,19107591,15.5,6.86
Timor-Leste,1980,100,Asia,23424968,Asia,South-Eastern Asia,21500,21500.0,607673,3.54,3.54
Tonga,1980,100,Oceania,23424964,Oceania,Polynesia,68723,68723.0,68723,100.0,100.0
Tunisia,1980,100,Africa,23424967,Africa,Northern Africa,58820,,6056603,0.97,
Turkey,1980,100,Asia,23424969,Asia,Western Asia,6372663,252224.0,42392553,15.03,0.59
Uganda,1980,100,Africa,23424974,Africa,Eastern Africa,3217940,652940.0,13382122,24.05,4.88
United States,1980,100,North America,23424977,Americas,Northern America,7132312,1668280.0,219655415,3.25,0.76
Vanuatu,1980,100,Oceania,23424907,Oceania,Melanesia,70521,54531.0,74973,94.06,72.73
Vatican,1980,100,Europe,23424986,Europe,Southern Europe,10848,,10848,100.0,
Vietnam,1980,100,Asia,23424984,Asia,South-Eastern Asia,1417221,,51219782,2.77,
Yemen,1980,100,Asia,23425002,Asia,Western Asia,5866040,2954594.0,9049730,64.82,32.65
Zambia,1980,100,Africa,23425003,Africa,Eastern Africa,10630,3211.0,5652606,0.19,0.06
Algeria,1985,100,Africa,23424740,Africa,Northern Africa,54715,,21517617,0.25,
American Samoa,1985,100,Oceania,23424746,Oceania,Polynesia,32412,,32412,100.0,
Andorra,1985,100,Europe,23424744,Europe,Southern Europe,43686,,43708,99.95,
Anguilla,1985,100,North America,23424751,Americas,Caribbean,4670,4240.0,4670,100.0,90.79
Antarctica,1985,100,Antarctica,28289409,Antarctica,Antarctica,0,0.0,0,,
Antigua and Barbuda,1985,100,North America,23424737,Americas,Caribbean,59176,58446.0,59216,99.93,98.7
Argentina,1985,100,South America,23424747,Americas,South America,442750,118998.0,30124580,1.47,0.4
Armenia,1985,100,Asia,23424743,Asia,Western Asia,3269712,2206616.0,3274492,99.85,67.39
Australia,1985,100,Oceania,-90,Oceania,Australia and New Zealand,98726,,15406985,0.64,
Azerbaijan,1985,100,Asia,23424741,Asia,Western Asia,1428898,140250.0,6798331,21.02,2.06
Belgium,1985,100,Europe,23424757,Europe,Western Europe,478779,,9966394,4.8,
Bolivia,1985,100,South America,23424762,Americas,South America,53712,,6362922,0.84,
Cameroon,1985,100,Africa,23424785,Africa,Middle Africa,4188332,3529921.0,9716254,43.11,36.33
Canada,1985,100,North America,23424775,Americas,Northern America,1616336,25752.0,24246815,6.67,0.11
Chad,1985,100,Africa,23424777,Africa,Middle Africa,1958,,5055962,0.04,
Chile,1985,100,South America,23424782,Americas,South America,7768362,1952453.0,12087334,64.27,16.15
China,1985,100,Asia,23424781,Asia,Eastern Asia,17222777,3399860.0,1051060826,1.64,0.32
Colombia,1985,100,South America,23424787,Americas,South America,8515782,7798902.0,28985174,29.38,26.91
Comoros,1985,100,Africa,23424786,Africa,Eastern Africa,291314,287341.0,305147,95.47,94.16
Costa Rica,1985,100,North America,23424791,Americas,Central America,2710955,2534170.0,2737660,99.02,92.57
Dem. Rep. Korea,1985,100,Asia,23424865,Asia,Eastern Asia,2674936,592144.0,18749925,14.27,3.16
Democratic Republic of the Congo,1985,100,Africa,23424780,Africa,Middle Africa,3329489,1741109.0,30606606,10.88,5.69
Djibouti,1985,100,Africa,23424797,Africa,Eastern Africa,280421,71177.0,280455,99.99,25.38
Dominica,1985,100,North America,23424798,Americas,Caribbean,51589,51589.0,51589,100.0,100.0
Ecuador,1985,100,South America,23424801,Americas,South America,4295171,4053663.0,8880615,48.37,45.65
El Salvador,1985,100,North America,23424807,Americas,Central America,4825322,4764597.0,4825299,100.0,98.74
Equatorial Guinea,1985,100,Africa,23424804,Africa,Middle Africa,55362,42331.0,343785,16.1,12.31
Eritrea,1985,100,Africa,23424806,Africa,Eastern Africa,361178,5099.0,1912815,18.88,0.27
Ethiopia,1985,100,Africa,23424808,Africa,Eastern Africa,16322970,4350266.0,40165834,40.64,10.83
Fiji,1985,100,Oceania,23424813,Oceania,Melanesia,12164,,627396,1.94,
France,1985,100,Europe,-90,Europe,Western Europe,2933279,1015982.0,54798743,5.35,1.85
French Polynesia,1985,100,Oceania,23424817,Oceania,Polynesia,110827,,126828,87.38,
French Southern and Antarctic Lands,1985,100,Seven seas (open ocean),28289406,Seven seas (open ocean),Seven seas (open ocean),0,,0,,
Georgia,1985,100,Asia,23424823,Asia,Western Asia,2648024,,5252350,50.42,
Germany,1985,100,Europe,23424829,Europe,Western Europe,6715965,,77551622,8.66,
Greece,1985,100,Europe,23424833,Europe,Southern Europe,3966651,31185.0,9223831,43.0,0.34
Grenada,1985,100,North America,23424826,Americas,Caribbean,76563,76563.0,76563,100.0,100.0
Guam,1985,100,Oceania,23424832,Oceania,Micronesia,107931,,114196,94.51,
Guatemala,1985,100,North America,23424834,Americas,Central America,6789826,6254046.0,7902073,85.92,79.14
Heard I. and McDonald Islands,1985,100,Seven seas (open ocean),28289411,Seven seas (open ocean),Seven seas (open ocean),0,,0,,
Honduras,1985,100,North America,23424841,Americas,Central America,3254178,655848.0,4327092,75.2,15.16
Iceland,1985,100,Europe,23424845,Europe,Northern Europe,200292,42763.0,207115,96.71,20.65
India,1985,100,Asia,23424848,Asia,Southern Asia,814,,773852012,0.0,
Indonesia,1985,100,Asia,23424846,Asia,South-Eastern Asia,124651709,115179864.0,159100848,78.35,72.39
Iran,1985,100,Asia,23424851,Asia,Southern Asia,7628375,374536.0,46998945,16.23,0.8
Italy,1985,100,Europe,23424853,Europe,Southern Europe,14673921,9221050.0,55173178,26.6,16.71
Japan,1985,100,Asia,23424856,Asia,Eastern Asia,77980334,69634702.0,116786201,66.77,59.63
Jordan,1985,100,Asia,23424860,Asia,Western Asia,19344,,2753835,0.7,
Kenya,1985,100,Africa,23424863,Africa,Eastern Africa,13909792,18565.0,19467408,71.45,0.1
Luxembourg,1985,100,Europe,23424881,Europe,Western Europe,354913,,374829,94.69,
Malawi,1985,100,Africa,23424889,Africa,Eastern Africa,169546,169543.0,7647757,2.22,2.22
Mexico,1985,100,North America,23424900,Americas,Central America,38029424,26428671.0,74520620,51.03,35.46
Mongolia,1985,100,Asia,23424887,Asia,Eastern Asia,174543,,1922001,9.08,
Montserrat,1985,100,North America,23424888,Americas,Caribbean,6665,6665.0,6665,100.0,100.0
Myanmar,1985,100,Asia,23424763,Asia,South-Eastern Asia,2259467,6123.0,35919178,6.29,0.02
Netherlands,1985,100,Europe,-90,Europe,Western Europe,79554,2528.0,14296303,0.56,0.02
New Zealand,1985,100,Oceania,23424916,Oceania,Australia and New Zealand,1346259,411724.0,3032381,44.4,13.58
Nicaragua,1985,100,North America,23424915,Americas,Central America,2880682,2807937.0,3698122,77.9,75.93
Niger,1985,100,Africa,23424906,Africa,Western Africa,107010,,7230201,1.48,
Nigeria,1985,100,Africa,23424908,Africa,Western Africa,135645,135645.0,82832786,0.16,0.16
Northern Mariana Islands,1985,100,Oceania,23424788,Oceania,Micronesia,29074,0.0,29074,100.0,0.0
Norway,1985,100,Europe,-90,Europe,Northern Europe,21,,3548685,0.0,
Panama,1985,100,North America,23424924,Americas,Central America,403661,,2145035,18.82,
Papua New Guinea,1985,100,Oceania,23424926,Oceania,Melanesia,716473,635741.0,3077020,23.28,20.66
Peru,1985,100,South America,23424919,Americas,South America,1801525,804687.0,19327984,9.32,4.16
Philippines,1985,100,Asia,23424934,Asia,South-Eastern Asia,38621840,32485397.0,48780885,79.17,66.59
Portugal,1985,100,Europe,23424925,Europe,Southern Europe,328053,121290.0,9118574,3.6,1.33
Republic of Cabo Verde,1985,100,Africa,23424794,Africa,Western Africa,185880,185880.0,285081,65.2,65.2
Republic of Korea,1985,100,Asia,23424868,Asia,Eastern Asia,11160907,,38148247,29.26,
Russian Federation,1985,100,Europe,23424936,Europe,Eastern Europe,2913423,370291.0,144805179,2.01,0.26
Rwanda,1985,100,Africa,23424937,Africa,Eastern Africa,4491465,3552480.0,6215761,72.26,57.15
Saint Helena,1985,100,Seven seas (open ocean),23424944,Africa,Western Africa,340,,5896,5.77,
Saint Kitts and Nevis,1985,100,North America,23424940,Americas,Caribbean,29591,29591.0,29591,100.0,100.0
Saint Lucia,1985,100,North America,23424951,Americas,Caribbean,112663,112663.0,112706,99.96,99.96
Saint Vincent and the Grenadines,1985,100,North America,23424981,Americas,Caribbean,55881,55881.0,55881,100.0,100.0
Saint-Barthélemy,1985,100,North America,56042304,Americas,Caribbean,3108,3108.0,3108,100.0,100.0
Saint-Martin,1985,100,North America,56042305,Americas,Caribbean,8473,8473.0,8473,100.0,100.0
Samoa,1985,100,Oceania,23424992,Oceania,Polynesia,120296,,120282,100.01,
Saudi Arabia,1985,100,Asia,23424938,Asia,Western Asia,1849225,,12633947,14.64,
Sint Maarten,1985,100,North America,-90,Americas,Caribbean,19582,19582.0,19582,100.0,100.0
Solomon Islands,1985,100,Oceania,23424766,Oceania,Melanesia,75639,65642.0,169568,44.61,38.71
Somaliland,1985,100,Africa,-99,Africa,Eastern Africa,6138,,1606048,0.38,
South Africa,1985,100,Africa,23424942,Africa,Southern Africa,0,,33543418,0.0,
South Georgia and the Islands,1985,100,Seven seas (open ocean),23424955,Seven seas (open ocean),Seven seas (open ocean),0,,0,,
South Sudan,1985,100,Africa,-99,Africa,Eastern Africa,22,,4680935,0.0,
Spain,1985,100,Europe,23424950,Europe,Southern Europe,6328019,760964.0,36732448,17.23,2.07
Sudan,1985,100,Africa,-90,Africa,Northern Africa,679283,,19502363,3.48,
Syria,1985,100,Asia,23424956,Asia,Western Asia,121239,,10318149,1.18,
Taiwan,1985,100,Asia,23424971,Asia,Eastern Asia,7605432,,18988313,40.05,
Tanzania,1985,100,Africa,23424973,Africa,Eastern Africa,3446398,1518188.0,22351610,15.42,6.79
Timor-Leste,1985,100,Asia,23424968,Asia,South-Eastern Asia,22434,22434.0,646485,3.47,3.47
Tonga,1985,100,Oceania,23424964,Oceania,Polynesia,70838,70838.0,70838,100.0,100.0
Tunisia,1985,100,Africa,23424967,Africa,Northern Africa,67479,,6884297,0.98,
Turkey,1985,100,Asia,23424969,Asia,Western Asia,7031098,283796.0,47174218,14.9,0.6
Uganda,1985,100,Africa,23424974,Africa,Eastern Africa,3597352,709134.0,15149826,23.75,4.68
United States,1985,100,North America,23424977,Americas,Northern America,7806697,1770524.0,231451497,3.37,0.76
Vanuatu,1985,100,Oceania,23424907,Oceania,Melanesia,80313,59823.0,85315,94.14,70.12
Vatican,1985,100,Europe,23424986,Europe,Southern Europe,11305,,11305,100.0,
Vietnam,1985,100,Asia,23424984,Asia,South-Eastern Asia,1586251,,57883487,2.74,
Yemen,1985,100,Asia,23425002,Asia,Western Asia,7095392,3636145.0,10863959,65.31,33.47
Zambia,1985,100,Africa,23425003,Africa,Eastern Africa,14853,3863.0,6632179,0.22,0.06
Algeria,1990,100,Africa,23424740,Africa,Northern Africa,67061,,24837478,0.27,
American Samoa,1990,100,Oceania,23424746,Oceania,Polynesia,39338,,39338,100.0,
Andorra,1990,100,Europe,23424744,Europe,Southern Europe,53365,,53400,99.93,
Anguilla,1990,100,North America,23424751,Americas,Caribbean,5665,5095.0,5665,100.0,89.94
Antarctica,1990,100,Antarctica,28289409,Antarctica,Antarctica,0,0.0,0,,
Antigua and Barbuda,1990,100,North America,23424737,Americas,Caribbean,57274,56547.0,57316,99.93,98.66
Argentina,1990,100,South America,23424747,Americas,South America,489596,131495.0,32460008,1.51,0.41
Armenia,1990,100,Asia,23424743,Asia,Western Asia,3521773,2404443.0,3527124,99.85,68.17
Australia,1990,100,Oceania,-90,Oceania,Australia and New Zealand,103070,,16628114,0.62,
Azerbaijan,1990,100,Asia,23424741,Asia,Western Asia,1559022,145169.0,7327837,21.28,1.98
Belgium,1990,100,Europe,23424757,Europe,Western Europe,482936,,10044796,4.81,
Bolivia,1990,100,South America,23424762,Americas,South America,57125,,7070950,0.81,
Cameroon,1990,100,Africa,23424785,Africa,Middle Africa,4767283,4079891.0,11306097,42.17,36.09
Canada,1990,100,North America,23424775,Americas,Northern America,1835170,26512.0,25974074,7.07,0.1
Chad,1990,100,Africa,23424777,Africa,Middle Africa,2964,,5928059,0.05,
Chile,1990,100,South America,23424782,Americas,South America,8453411,2095991.0,13086603,64.6,16.02
China,1990,100,Asia,23424781,Asia,Eastern Asia,18597784,3665957.0,1142999954,1.63,0.32
Colombia,1990,100,South America,23424787,Americas,South America,9443311,8649270.0,32196598,29.33,26.86
Comoros,1990,100,Africa,23424786,Africa,Eastern Africa,332856,328229.0,348933,95.39,94.07
Costa Rica,1990,100,North America,23424791,Americas,Central America,3091071,2897107.0,3120926,99.04,92.83
Dem. Rep. Korea,1990,100,Asia,23424865,Asia,Eastern Asia,2843056,629440.0,20080314,14.16,3.13
Democratic Republic of the Congo,1990,100,Africa,23424780,Africa,Middle Africa,3839488,2009979.0,35728839,10.75,5.63
Djibouti,1990,100,Africa,23424797,Africa,Eastern Africa,393350,80066.0,393388,99.99,20.35
Dominica,1990,100,North America,23424798,Americas,Caribbean,50361,50361.0,50361,100.0,100.0
Ecuador,1990,100,South America,23424801,Americas,South America,4870903,4597495.0,10025987,48.58,45.86
El Salvador,1990,100,North America,23424807,Americas,Central America,5309866,5244812.0,5309843,100.0,98.78
Equatorial Guinea,1990,100,Africa,23424804,Africa,Middle Africa,70665,54679.0,425462,16.61,12.85
Eritrea,1990,100,Africa,23424806,Africa,Eastern Africa,424146,5231.0,2170319,19.54,0.24
Ethiopia,1990,100,Africa,23424808,Africa,Eastern Africa,19530525,5210217.0,47725520,40.92,10.92
Fiji,1990,100,Oceania,23424813,Oceania,Melanesia,13249,,675191,1.96,
France,1990,100,Europe,-90,Europe,Western Europe,3062893,1120172.0,56230441,5.45,1.99
French Polynesia,1990,100,Oceania,23424817,Oceania,Polynesia,123165,,141197,87.23,
French Southern and Antarctic Lands,1990,100,Seven seas (open ocean),28289406,Seven seas (open ocean),Seven seas (open ocean),0,,0,,
Georgia,1990,100,Asia,23424823,Asia,Western Asia,2676707,,5302368,50.48,
Germany,1990,100,Europe,23424829,Europe,Western Europe,6855984,,79275935,8.65,
Greece,1990,100,Europe,23424833,Europe,Southern Europe,4054489,34101.0,9636311,42.08,0.35
Grenada,1990,100,North America,23424826,Americas,Caribbean,75175,75175.0,75175,100.0,100.0
Guam,1990,100,Oceania,23424832,Oceania,Micronesia,119722,,126626,94.55,
Guatemala,1990,100,North America,23424834,Americas,Central America,7731445,7118517.0,9045355,85.47,78.7
Heard I. and McDonald Islands,1990,100,Seven seas (open ocean),28289411,Seven seas (open ocean),Seven seas (open ocean),0,,0,,
Honduras,1990,100,North America,23424841,Americas,Central America,3752602,730995.0,4983424,75.3,14.67
Iceland,1990,100,Europe,23424845,Europe,Northern Europe,212692,43725.0,219321,96.98,19.94
India,1990,100,Asia,23424848,Asia,Southern Asia,1024,,863390766,0.0,
Indonesia,1990,100,Asia,23424846,Asia,South-Eastern Asia,136072932,125867885.0,174872188,77.81,71.98
Iran,1990,100,Asia,23424851,Asia,Southern Asia,8592202,434523.0,55461705,15.49,0.78
Italy,1990,100,Europe,23424853,Europe,Southern Europe,14864109,9230911.0,55297142,26.88,16.69
Japan,1990,100,Asia,23424856,Asia,Eastern Asia,79836105,71481739.0,119431028,66.85,59.85
Jordan,1990,100,Asia,23424860,Asia,Western Asia,26557,,3481872,0.76,
Kenya,1990,100,Africa,23424863,Africa,Eastern Africa,16496857,22798.0,23171825,71.19,0.1
Luxembourg,1990,100,Europe,23424881,Europe,Western Europe,368515,,388556,94.84,
Malawi,1990,100,Africa,23424889,Africa,Eastern Africa,215447,215444.0,9556044,2.25,2.25
Mexico,1990,100,North America,23424900,Americas,Central America,41756336,29152813.0,81333807,51.34,35.84
Mongolia,1990,100,Asia,23424887,Asia,Eastern Asia,195278,,2163138,9.03,
Montserrat,1990,100,North America,23424888,Americas,Caribbean,6425,6425.0,6425,100.0,100.0
Myanmar,1990,100,Asia,23424763,Asia,South-Eastern Asia,3083437,9427.0,38826256,7.94,0.02
Netherlands,1990,100,Europe,-90,Europe,Western Europe,80500,2629.0,14722976,0.55,0.02
New Zealand,1990,100,Oceania,23424916,Oceania,Australia and New Zealand,1417747,422529.0,3151590,44.99,13.41
Nicaragua,1990,100,North America,23424915,Americas,Central America,3214466,3133047.0,4156503,77.34,75.38
Niger,1990,100,Africa,23424906,Africa,Western Africa,123227,,8414372,1.46,
Nigeria,1990,100,Africa,23424908,Africa,Western Africa,148216,148216.0,94362881,0.16,0.16
Northern Mariana Islands,1990,100,Oceania,23424788,Oceania,Micronesia,43578,0.0,43578,100.0,0.0
Norway,1990,100,Europe,-90,Europe,Northern Europe,22,,3628787,0.0,
Panama,1990,100,North America,23424924,Americas,Central America,447891,,2395056,18.7,
Papua New Guinea,1990,100,Oceania,23424926,Oceania,Melanesia,785164,696521.0,3456292,22.72,20.15
Peru,1990,100,South America,23424919,Americas,South America,2013338,900148.0,21630130,9.31,4.16
Philippines,1990,100,Asia,23424934,Asia,South-Eastern Asia,43721830,36537189.0,55051513,79.42,66.37
Portugal,1990,100,Europe,23424925,Europe,Southern Europe,344142,122274.0,9114666,3.78,1.34
Republic of Cabo Verde,1990,100,Africa,23424794,Africa,Western Africa,203532,203532.0,305013,66.73,66.73
Republic of Korea,1990,100,Asia,23424868,Asia,Eastern Asia,12334439,,40994772,30.09,
Russian Federation,1990,100,Europe,23424936,Europe,Eastern Europe,3042773,374988.0,149953361,2.03,0.25
Rwanda,1990,100,Africa,23424937,Africa,Eastern Africa,5199287,4031149.0,7262351,71.59,55.51
Saint Helena,1990,100,Seven seas (open ocean),23424944,Africa,Western Africa,367,,5811,6.32,
Saint Kitts and Nevis,1990,100,North America,23424940,Americas,Caribbean,28372,28372.0,28372,100.0,100.0
Saint Lucia,1990,100,North America,23424951,Americas,Caribbean,120373,120373.0,120412,99.97,99.97
Saint Vincent and the Grenadines,1990,100,North America,23424981,Americas,Caribbean,56691,56691.0,56691,100.0,100.0
Saint-Barthélemy,1990,100,North America,56042304,Americas,Caribbean,4045,4045.0,4045,100.0,100.0
Saint-Martin,1990,100,North America,56042305,Americas,Caribbean,15384,15384.0,15384,100.0,100.0
Samoa,1990,100,Oceania,23424992,Oceania,Polynesia,122119,,122104,100.01,
Saudi Arabia,1990,100,Asia,23424938,Asia,Western Asia,2005215,,15675443,12.79,
Sint Maarten,1990,100,North America,-90,Americas,Caribbean,30562,30562.0,30562,100.0,100.0
Solomon Islands,1990,100,Oceania,23424766,Oceania,Melanesia,92827,81315.0,199440,46.54,40.77
Somaliland,1990,100,Africa,-99,Africa,Eastern Africa,6339,,1686618,0.38,
South Africa,1990,100,Africa,23424942,Africa,Southern Africa,0,,39620172,0.0,
South Georgia and the Islands,1990,100,Seven seas (open ocean),23424955,Seven seas (open ocean),Seven seas (open ocean),0,,0,,
South Sudan,1990,100,Africa,-99,Africa,Eastern Africa,43,,4724819,0.0,
Spain,1990,100,Europe,23424950,Europe,Southern Europe,6498071,786485.0,37122027,17.5,2.12
Sudan,1990,100,Africa,-90,Africa,Northern Africa,735277,,21072130,3.49,
Syria,1990,100,Asia,23424956,Asia,Western Asia,143543,,12145968,1.18,
Taiwan,1990,100,Asia,23424971,Asia,Eastern Asia,8748608,,20051543,43.63,
Tanzania,1990,100,Africa,23424973,Africa,Eastern Africa,3989971,1744444.0,25957105,15.37,6.72
Timor-Leste,1990,100,Asia,23424968,Asia,South-Eastern Asia,24662,24662.0,718967,3.43,3.43
Tonga,1990,100,Oceania,23424964,Oceania,Polynesia,73874,73874.0,73874,100.0,100.0
Tunisia,1990,100,Africa,23424967,Africa,Northern Africa,76861,,7770829,0.99,
Turkey,1990,100,Asia,23424969,Asia,Western Asia,7687348,319098.0,51989530,14.79,0.61
Uganda,1990,100,Africa,23424974,Africa,Eastern Africa,4152852,789612.0,17711453,23.45,4.46
United States,1990,100,North America,23424977,Americas,Northern America,8775653,1924991.0,244172306,3.59,0.79
Vanuatu,1990,100,Oceania,23424907,Oceania,Melanesia,91965,65983.0,97625,94.2,67.59
Vatican,1990,100,Europe,23424986,Europe,Southern Europe,11831,,11831,100.0,
Vietnam,1990,100,Asia,23424984,Asia,South-Eastern Asia,1756870,,64803315,2.71,
Yemen,1990,100,Asia,23425002,Asia,Western Asia,8656666,4527522.0,13173338,65.71,34.37
Zambia,1990,100,Africa,23425003,Africa,Eastern Africa,19927,4658.0,7650057,0.26,0.06
Algeria,1995,100,Africa,23424740,Africa,Northern Africa,79775,,27750201,0.29,
American Samoa,1995,100,Oceania,23424746,Oceania,Polynesia,44496,,44496,100.0,
Andorra,1995,100,Europe,23424744,Europe,Southern Europe,62600,,62650,99.92,
Anguilla,1995,100,North America,23424751,Americas,Caribbean,6524,5866.0,6524,100.0,89.91
Antarctica,1995,100,Antarctica,28289409,Antarctica,Antarctica,0,0.0,0,,
Antigua and Barbuda,1995,100,North America,23424737,Americas,Caribbean,61530,60711.0,61578,99.92,98.59
Argentina,1995,100,South America,23424747,Americas,South America,539746,146220.0,34747277,1.55,0.42
Armenia,1995,100,Asia,23424743,Asia,Western Asia,3293102,2263387.0,3297829,99.86,68.63
Australia,1995,100,Oceania,-90,Oceania,Australia and New Zealand,101743,,17548746,0.58,
Azerbaijan,1995,100,Asia,23424741,Asia,Western Asia,1657838,148107.0,7776928,21.32,1.9
Belgium,1995,100,Europe,23424757,Europe,Western Europe,488942,,10178906,4.8,
Bolivia,1995,100,South America,23424762,Americas,South America,60955,,7813576,0.78,
Cameroon,1995,100,Africa,23424785,Africa,Middle Africa,5383729,4675416.0,13041079,41.28,35.85
Canada,1995,100,North America,23424775,Americas,Northern America,2085977,27695.0,27535646,7.58,0.1
Chad,1995,100,Africa,23424777,Africa,Middle Africa,4487,,6996643,0.06,
Chile,1995,100,South America,23424782,Americas,South America,9210698,2245350.0,14160481,65.05,15.86
China,1995,100,Asia,23424781,Asia,Eastern Asia,19106887,3737092.0,1205872507,1.58,0.31
Colombia,1995,100,South America,23424787,Americas,South America,10312818,9448406.0,35516500,29.04,26.6
Comoros,1995,100,Africa,23424786,Africa,Eastern Africa,373066,367743.0,391560,95.28,93.92
Costa Rica,1995,100,North America,23424791,Americas,Central America,3500304,3291172.0,3533128,99.07,93.15
Dem. Rep. Korea,1995,100,Asia,23424865,Asia,Eastern Asia,3058727,679693.0,21574806,14.18,3.15
Democratic Republic of the Congo,1995,100,Africa,23424780,Africa,Middle Africa,4572827,2401549.0,42957940,10.64,5.59
Djibouti,1995,100,Africa,23424797,Africa,Eastern Africa,461674,73877.0,461707,99.99,16.0
Dominica,1995,100,North America,23424798,Americas,Caribbean,50899,50899.0,50899,100.0,100.0
Ecuador,1995,100,South America,23424801,Americas,South America,5374359,5076115.0,11110510,48.37,45.69
El Salvador,1995,100,North America,23424807,Americas,Central America,5690153,5621130.0,5690127,100.0,98.79
Equatorial Guinea,1995,100,Africa,23424804,Africa,Middle Africa,91777,73337.0,510842,17.97,14.36
Eritrea,1995,100,Africa,23424806,Africa,Eastern Africa,514625,4855.0,2190899,23.49,0.22
Ethiopia,1995,100,Africa,23424808,Africa,Eastern Africa,23595382,6304255.0,57212158,41.24,11.02
Fiji,1995,100,Oceania,23424813,Oceania,Melanesia,13543,,687071,1.97,
France,1995,100,Europe,-90,Europe,Western Europe,3188072,1218537.0,57368553,5.56,2.12
French Polynesia,1995,100,Oceania,23424817,Oceania,Polynesia,133148,,152974,87.04,
French Southern and Antarctic Lands,1995,100,Seven seas (open ocean),28289406,Seven seas (open ocean),Seven seas (open ocean),0,,0,,
Georgia,1995,100,Asia,23424823,Asia,Western Asia,2426609,,4794101,50.62,
Germany,1995,100,Europe,23424829,Europe,Western Europe,7045198,,81022718,8.7,
Greece,1995,100,Europe,23424833,Europe,Southern Europe,4155277,36244.0,10018901,41.47,0.36
Grenada,1995,100,North America,23424826,Americas,Caribbean,79558,79558.0,79558,100.0,100.0
Guam,1995,100,Oceania,23424832,Oceania,Micronesia,130253,,137761,94.55,
Guatemala,1995,100,North America,23424834,Americas,Central America,8776466,8084519.0,10321584,85.03,78.33
Heard I. and McDonald Islands,1995,100,Seven seas (open ocean),28289411,Seven seas (open ocean),Seven seas (open ocean),0,,0,,
Honduras,1995,100,North America,23424841,Americas,Central America,4305240,819982.0,5730959,75.12,14.31
Iceland,1995,100,Europe,23424845,Europe,Northern Europe,225151,44574.0,231453,97.28,19.26
India,1995,100,Asia,23424848,Asia,Southern Asia,1101,,956545341,0.0,
Indonesia,1995,100,Asia,23424846,Asia,South-Eastern Asia,146679367,135746706.0,190119983,77.15,71.4
Iran,1995,100,Asia,23424851,Asia,Southern Asia,9156999,452571.0,60413575,15.16,0.75
Italy,1995,100,Europe,23424853,Europe,Southern Europe,14909821,9246354.0,55432909,26.9,16.68
Japan,1995,100,Asia,23424856,Asia,Eastern Asia,81213735,72749106.0,121289051,66.96,59.98
Jordan,1995,100,Asia,23424860,Asia,Western Asia,37484,,4454940,0.84,
Kenya,1995,100,Africa,23424863,Africa,Eastern Africa,19019343,27772.0,26899167,70.71,0.1
Luxembourg,1995,100,Europe,23424881,Europe,Western Europe,393159,,413976,94.97,
Malawi,1995,100,Africa,23424889,Africa,Eastern Africa,231107,231104.0,10134094,2.28,2.28
Mexico,1995,100,North America,23424900,Americas,Central America,45595697,31713306.0,89531829,50.93,35.42
Mongolia,1995,100,Asia,23424887,Asia,Eastern Asia,205994,,2331776,8.83,
Montserrat,1995,100,North America,23424888,Americas,Caribbean,4962,4962.0,4962,100.0,100.0
Myanmar,1995,100,Asia,23424763,Asia,South-Eastern Asia,3811526,12660.0,41319189,9.22,0.03
Netherlands,1995,100,Europe,-90,Europe,Western Europe,81980,2783.0,15218927,0.54,0.02
New Zealand,1995,100,Oceania,23424916,Oceania,Australia and New Zealand,1566321,437468.0,3403046,46.03,12.86
Nicaragua,1995,100,North America,23424915,Americas,Central America,3570086,3481659.0,4644209,76.87,74.97
Niger,1995,100,Africa,23424906,Africa,Western Africa,143514,,9867054,1.45,
Nigeria,1995,100,Africa,23424908,Africa,Western Africa,162075,162075.0,107224464,0.15,0.15
Northern Mariana Islands,1995,100,Oceania,23424788,Oceania,Micronesia,45152,0.0,45152,100.0,0.0
Norway,1995,100,Europe,-90,Europe,Northern Europe,23,,3744604,0.0,
Panama,1995,100,North America,23424924,Americas,Central America,489582,,2660290,18.4,
Papua New Guinea,1995,100,Oceania,23424926,Oceania,Melanesia,925473,820682.0,4138060,22.36,19.83
Peru,1995,100,South America,23424919,Americas,South America,2211697,986385.0,23920117,9.25,4.12
Philippines,1995,100,Asia,23424934,Asia,South-Eastern Asia,49619702,41260038.0,62236045,79.73,66.3
Portugal,1995,100,Europe,23424925,Europe,Southern Europe,345885,123300.0,9144940,3.78,1.35
Republic of Cabo Verde,1995,100,Africa,23424794,Africa,Western Africa,231221,231221.0,351821,65.72,65.72
Republic of Korea,1995,100,Asia,23424868,Asia,Eastern Asia,12455090,,42218163,29.5,
Russian Federation,1995,100,Europe,23424936,Europe,Eastern Europe,3107389,355132.0,150479695,2.06,0.24
Rwanda,1995,100,Africa,23424937,Africa,Eastern Africa,4054938,2976646.0,5667080,71.55,52.53
Saint Helena,1995,100,Seven seas (open ocean),23424944,Africa,Western Africa,384,,5533,6.94,
Saint Kitts and Nevis,1995,100,North America,23424940,Americas,Caribbean,29670,29670.0,29670,100.0,100.0
Saint Lucia,1995,100,North America,23424951,Americas,Caribbean,128877,128877.0,128916,99.97,99.97
Saint Vincent and the Grenadines,1995,100,North America,23424981,Americas,Caribbean,57449,57449.0,57449,100.0,100.0
Saint-Barthélemy,1995,100,North America,56042304,Americas,Caribbean,4813,4813.0,4813,100.0,100.0
Saint-Martin,1995,100,North America,56042305,Americas,Caribbean,16448,16448.0,16448,100.0,100.0
Samoa,1995,100,Oceania,23424992,Oceania,Polynesia,127130,,127115,100.01,
Saudi Arabia,1995,100,Asia,23424938,Asia,Western Asia,2124418,,18497414,11.48,
Sint Maarten,1995,100,North America,-90,Americas,Caribbean,33394,33394.0,33394,100.0,100.0
Solomon Islands,1995,100,Oceania,23424766,Oceania,Melanesia,112001,98819.0,231933,48.29,42.61
Somaliland,1995,100,Africa,-99,Africa,Eastern Africa,5921,,1824236,0.32,
South Africa,1995,100,Africa,23424942,Africa,Southern Africa,0,,43696703,0.0,
South Georgia and the Islands,1995,100,Seven seas (open ocean),23424955,Seven seas (open ocean),Seven seas (open ocean),0,,0,,
South Sudan,1995,100,Africa,-99,Africa,Eastern Africa,93,,5271684,0.0,
Spain,1995,100,Europe,23424950,Europe,Southern Europe,6721618,812649.0,37985501,17.7,2.14
Sudan,1995,100,Africa,-90,Africa,Northern Africa,824417,,23286212,3.54,
Syria,1995,100,Asia,23424956,Asia,Western Asia,164982,,13996265,1.18,
Taiwan,1995,100,Asia,23424971,Asia,Eastern Asia,9372396,,20897635,44.85,
Tanzania,1995,100,Africa,23424973,Africa,Eastern Africa,4661535,2007941.0,30272386,15.4,6.63
Timor-Leste,1995,100,Asia,23424968,Asia,South-Eastern Asia,26358,26358.0,777443,3.39,3.39
Tonga,1995,100,Oceania,23424964,Oceania,Polynesia,76677,76677.0,76677,100.0,100.0
Tunisia,1995,100,Africa,23424967,Africa,Northern Africa,85466,,8557296,1.0,
Turkey,1995,100,Asia,23424969,Asia,Western Asia,8486990,364275.0,56769294,14.95,0.64
Uganda,1995,100,Africa,23424974,Africa,Eastern Africa,4806324,869263.0,20812863,23.09,4.18
United States,1995,100,North America,23424977,Americas,Northern America,9924663,2197921.0,261525201,3.79,0.84
Vanuatu,1995,100,Oceania,23424907,Oceania,Melanesia,104348,72998.0,110807,94.17,65.88
Vatican,1995,100,Europe,23424986,Europe,Southern Europe,11859,,11859,100.0,
Vietnam,1995,100,Asia,23424984,Asia,South-Eastern Asia,1907194,,71498233,2.67,
Yemen,1995,100,Asia,23425002,Asia,Western Asia,10475887,5604917.0,15855324,66.07,35.35
Zambia,1995,100,Africa,23425003,Africa,Eastern Africa,25753,5297.0,8656466,0.3,0.06
Algeria,2000,100,Africa,23424740,Africa,Northern Africa,91420,,30023595,0.3,
American Samoa,2000,100,Oceania,23424746,Oceania,Polynesia,48598,,48598,100.0,
Andorra,2000,100,Europe,23424744,Europe,Southern Europe,65649,,65709,99.91,
Anguilla,2000,100,North America,23424751,Americas,Caribbean,7470,6715.0,7470,100.0,89.89
Antarctica,2000,100,Antarctica,28289409,Antarctica,Antarctica,0,0.0,0,,
Antigua and Barbuda,2000,100,North America,23424737,Americas,Caribbean,67093,66152.0,67147,99.92,98.52
Argentina,2000,100,South America,23424747,Americas,South America,586253,160988.0,36852868,1.59,0.44
Armenia,2000,100,Asia,23424743,Asia,Western Asia,3142219,2162315.0,3146488,99.86,68.72
Australia,2000,100,Oceania,-90,Oceania,Australia and New Zealand,111039,,18523298,0.6,
Azerbaijan,2000,100,Asia,23424741,Asia,Western Asia,1717966,145670.0,8070003,21.29,1.81
Belgium,2000,100,Europe,23424757,Europe,Western Europe,497291,,10346987,4.81,
Bolivia,2000,100,South America,23424762,Americas,South America,64448,,8561119,0.75,
Cameroon,2000,100,Africa,23424785,Africa,Middle Africa,6017190,5301469.0,14872648,40.46,35.65
Canada,2000,100,North America,23424775,Americas,Northern America,2265488,28227.0,28885889,7.84,0.1
Chad,2000,100,Africa,23424777,Africa,Middle Africa,6909,,8365427,0.08,
Chile,2000,100,South America,23424782,Americas,South America,9936301,2337708.0,15096662,65.82,15.48
China,2000,100,Asia,23424781,Asia,Eastern Asia,18769438,3630280.0,1249662753,1.5,0.29
Colombia,2000,100,South America,23424787,Americas,South America,10999267,10078262.0,38716270,28.41,26.03
Comoros,2000,100,Africa,23424786,Africa,Eastern Africa,413343,407257.0,434486,95.13,93.73
Costa Rica,2000,100,North America,23424791,Americas,Central America,3902730,3684915.0,3937817,99.11,93.58
Dem. Rep. Korea,2000,100,Asia,23424865,Asia,Eastern Asia,3245574,724001.0,22641055,14.33,3.2
Democratic Republic of the Congo,2000,100,Africa,23424780,Africa,Middle Africa,5023364,2636699.0,48252243,10.41,5.46
Djibouti,2000,100,Africa,23424797,Africa,Eastern Africa,585544,93099.0,585583,99.99,15.9
Dominica,2000,100,North America,23424798,Americas,Caribbean,50988,50988.0,50988,100.0,100.0
Ecuador,2000,100,South America,23424801,Americas,South America,5849899,5529735.0,12147561,48.16,45.52
El Salvador,2000,100,North America,23424807,Americas,Central America,5901808,5830849.0,5901781,100.0,98.8
Equatorial Guinea,2000,100,Africa,23424804,Africa,Middle Africa,138653,121060.0,616521,22.49,19.64
Eritrea,2000,100,Africa,23424806,Africa,Eastern Africa,644658,4754.0,2435819,26.47,0.2
Ethiopia,2000,100,Africa,23424808,Africa,Eastern Africa,27613998,7414727.0,66634033,41.44,11.13
Fiji,2000,100,Oceania,23424813,Oceania,Melanesia,14487,,724471,2.0,
France,2000,100,Europe,-90,Europe,Western Europe,3302645,1295510.0,58723473,5.62,2.21
French Polynesia,2000,100,Oceania,23424817,Oceania,Polynesia,143830,,164992,87.17,
French Southern and Antarctic Lands,2000,100,Seven seas (open ocean),28289406,Seven seas (open ocean),Seven seas (open ocean),0,,0,,
Georgia,2000,100,Asia,23424823,Asia,Western Asia,2134037,,4188355,50.95,
Germany,2000,100,Europe,23424829,Europe,Western Europe,7148884,,81450054,8.78,
Greece,2000,100,Europe,23424833,Europe,Southern Europe,4240014,38073.0,10301442,41.16,0.37
Grenada,2000,100,North America,23424826,Americas,Caribbean,82715,82715.0,82715,100.0,100.0
Guam,2000,100,Oceania,23424832,Oceania,Micronesia,139745,,147878,94.5,
Guatemala,2000,100,North America,23424834,Americas,Central America,9911924,9147614.0,11692819,84.77,78.23
Heard I. and McDonald Islands,2000,100,Seven seas (open ocean),28289411,Seven seas (open ocean),Seven seas (open ocean),0,,0,,
Honduras,2000,100,North America,23424841,Americas,Central America,4919501,908950.0,6561059,74.98,13.85
Iceland,2000,100,Europe,23424845,Europe,Northern Europe,239239,44692.0,245104,97.61,18.23
India,2000,100,Asia,23424848,Asia,Southern Asia,1197,,1051367184,0.0,
Indonesia,2000,100,Asia,23424846,Asia,South-Eastern Asia,156848092,145307744.0,205315269,76.39,70.77
Iran,2000,100,Asia,23424851,Asia,Southern Asia,9779442,445914.0,65106444,15.02,0.68
Italy,2000,100,Europe,23424853,Europe,Southern Europe,14887203,9252874.0,55523054,26.81,16.66
Japan,2000,100,Asia,23424856,Asia,Eastern Asia,82897439,74328019.0,122592283,67.62,60.63
Jordan,2000,100,Asia,23424860,Asia,Western Asia,44413,,5050672,0.88,
Kenya,2000,100,Africa,23424863,Africa,Eastern Africa,21654975,33077.0,30893412,70.1,0.11
Luxembourg,2000,100,Europe,23424881,Europe,Western Europe,419527,,441141,95.1,
Malawi,2000,100,Africa,23424889,Africa,Eastern Africa,259126,259124.0,11253023,2.3,2.3
Mexico,2000,100,North America,23424900,Americas,Central America,49326836,34238307.0,97385807,50.65,35.16
Mongolia,2000,100,Asia,23424887,Asia,Eastern Asia,206618,,2452311,8.43,
Montserrat,2000,100,North America,23424888,Americas,Caribbean,3005,3005.0,3005,100.0,100.0
Myanmar,2000,100,Asia,23424763,Asia,South-Eastern Asia,4344977,16465.0,43743505,9.93,0.04
Netherlands,2000,100,Europe,-90,Europe,Western Europe,82145,2972.0,15665593,0.52,0.02
New Zealand,2000,100,Oceania,23424916,Oceania,Australia and New Zealand,1674289,448677.0,3565537,46.96,12.58
Nicaragua,2000,100,North America,23424915,Americas,Central America,3810822,3716423.0,5038466,75.63,73.76
Niger,2000,100,Africa,23424906,Africa,Western Africa,168897,,11684744,1.45,
Nigeria,2000,100,Africa,23424908,Africa,Western Africa,177655,177655.0,121773958,0.15,0.15
Northern Mariana Islands,2000,100,Oceania,23424788,Oceania,Micronesia,72047,0.0,72046,100.0,0.0
Norway,2000,100,Europe,-90,Europe,Northern Europe,26,,3870990,0.0,
Panama,2000,100,North America,23424924,Americas,Central America,530970,,2945275,18.03,
Papua New Guinea,2000,100,Oceania,23424926,Oceania,Melanesia,1086347,963195.0,4952920,21.93,19.45
Peru,2000,100,South America,23424919,Americas,South America,2386447,1060202.0,26081265,9.15,4.06
Philippines,2000,100,Asia,23424934,Asia,South-Eastern Asia,55840229,45976185.0,70177675,79.57,65.51
Portugal,2000,100,Europe,23424925,Europe,Southern Europe,353020,128617.0,9376611,3.76,1.37
Republic of Cabo Verde,2000,100,Africa,23424794,Africa,Western Africa,259691,259691.0,392436,66.17,66.17
Republic of Korea,2000,100,Asia,23424868,Asia,Eastern Asia,12666835,,43603434,29.05,
Russian Federation,2000,100,Europe,23424936,Europe,Eastern Europe,3126678,331278.0,148669853,2.1,0.22
Rwanda,2000,100,Africa,23424937,Africa,Eastern Africa,5710150,4074175.0,8054506,70.89,50.58
Saint Helena,2000,100,Seven seas (open ocean),23424944,Africa,Western Africa,398,,5205,7.65,
Saint Kitts and Nevis,2000,100,North America,23424940,Americas,Caribbean,31651,31651.0,31651,100.0,100.0
Saint Lucia,2000,100,North America,23424951,Americas,Caribbean,134888,134888.0,134926,99.97,99.97
Saint Vincent and the Grenadines,2000,100,North America,23424981,Americas,Caribbean,57068,57068.0,57068,100.0,100.0
Saint-Barthélemy,2000,100,North America,56042304,Americas,Caribbean,5554,5554.0,5554,100.0,100.0
Saint-Martin,2000,100,North America,56042305,Americas,Caribbean,16925,16925.0,16925,100.0,100.0
Samoa,2000,100,Oceania,23424992,Oceania,Polynesia,133714,,133699,100.01,
Saudi Arabia,2000,100,Asia,23424938,Asia,Western Asia,2301174,,21109556,10.9,
Sint Maarten,2000,100,North America,-90,Americas,Caribbean,32349,32349.0,32349,100.0,100.0
Solomon Islands,2000,100,Oceania,23424766,Oceania,Melanesia,134201,119317.0,267402,50.19,44.62
Somaliland,2000,100,Africa,-99,Africa,Eastern Africa,7574,,2274770,0.33,
South Africa,2000,100,Africa,23424942,Africa,Southern Africa,0,,46504472,0.0,
South Georgia and the Islands,2000,100,Seven seas (open ocean),23424955,Seven seas (open ocean),Seven seas (open ocean),0,,0,,
South Sudan,2000,100,Africa,-99,Africa,Eastern Africa,201,,6076371,0.0,
Spain,2000,100,Europe,23424950,Europe,Southern Europe,6951508,842058.0,38846992,17.89,2.17
Sudan,2000,100,Africa,-90,Africa,Northern Africa,972793,,26315371,3.7,
Syria,2000,100,Asia,23424956,Asia,Western Asia,182629,,15922363,1.15,
Taiwan,2000,100,Asia,23424971,Asia,Eastern Asia,9900130,,21632542,45.76,
Tanzania,2000,100,Africa,23424973,Africa,Eastern Africa,5279661,2233423.0,34151720,15.46,6.54
Timor-Leste,2000,100,Asia,23424968,Asia,South-Eastern Asia,27847,27847.0,834176,3.34,3.34
Tonga,2000,100,Oceania,23424964,Oceania,Polynesia,80489,80489.0,80489,100.0,100.0
Tunisia,2000,100,Africa,23424967,Africa,Northern Africa,92980,,9093449,1.02,
Turkey,2000,100,Asia,23424969,Asia,Western Asia,9289118,417154.0,61437332,15.12,0.68
Uganda,2000,100,Africa,23424974,Africa,Eastern Africa,5488991,947517.0,24159051,22.72,3.92
United States,2000,100,North America,23424977,Americas,Northern America,10953212,2439763.0,278063907,3.94,0.88
Vanuatu,2000,100,Oceania,23424907,Oceania,Melanesia,118010,80197.0,125333,94.16,63.99
Vatican,2000,100,Europe,23424986,Europe,Southern Europe,11632,,11632,100.0,
Vietnam,2000,100,Asia,23424984,Asia,South-Eastern Asia,1999267,,76621656,2.61,
Yemen,2000,100,Asia,23425002,Asia,Western Asia,12153157,6551632.0,18333580,66.29,35.74
Zambia,2000,100,Africa,23425003,Africa,Eastern Africa,33727,6482.0,9872112,0.34,0.07
Algeria,2005,100,Africa,23424740,Africa,Northern Africa,103550,,32183109,0.32,
American Samoa,2005,100,Oceania,23424746,Oceania,Polynesia,47748,,47748,100.0,
Andorra,2005,100,Europe,23424744,Europe,Southern Europe,79120,,79207,99.89,
Anguilla,2005,100,North America,23424751,Americas,Caribbean,8161,7325.0,8161,100.0,89.76
Antarctica,2005,100,Antarctica,28289409,Antarctica,Antarctica,0,0.0,0,,
Antigua and Barbuda,2005,100,North America,23424737,Americas,Caribbean,70881,69823.0,70941,99.92,98.42
Argentina,2005,100,South America,23424747,Americas,South America,636610,178555.0,38832910,1.64,0.46
Armenia,2005,100,Asia,23424743,Asia,Western Asia,3023130,2101829.0,3027047,99.87,69.43
Australia,2005,100,Oceania,-90,Oceania,Australia and New Zealand,113078,,19638881,0.58,
Azerbaijan,2005,100,Asia,23424741,Asia,Western Asia,1803506,147140.0,8524386,21.16,1.73
Belgium,2005,100,Europe,23424757,Europe,Western Europe,508633,,10599185,4.8,
Bolivia,2005,100,South America,23424762,Americas,South America,70203,,9337331,0.75,
Cameroon,2005,100,Africa,23424785,Africa,Middle Africa,6748815,6019961.0,17014024,39.67,35.38
Canada,2005,100,North America,23424775,Americas,Northern America,2407683,27940.0,30348157,7.93,0.09
Chad,2005,100,Africa,23424777,Africa,Middle Africa,10802,,10103678,0.11,
Chile,2005,100,South America,23424782,Americas,South America,10521955,2439071.0,15908420,66.14,15.33
China,2005,100,Asia,23424781,Asia,Eastern Asia,19178330,3718128.0,1288932024,1.49,0.29
Colombia,2005,100,South America,23424787,Americas,South America,11532258,10575798.0,41673211,27.67,25.38
Comoros,2005,100,Africa,23424786,Africa,Eastern Africa,456776,449717.0,481213,94.92,93.45
Costa Rica,2005,100,North America,23424791,Americas,Central America,4231519,3993754.0,4271052,99.07,93.51
Dem. Rep. Korea,2005,100,Asia,23424865,Asia,Eastern Asia,3378779,759020.0,23358013,14.47,3.25
Democratic Republic of the Congo,2005,100,Africa,23424780,Africa,Middle Africa,5856598,3063837.0,56130886,10.43,5.46
Djibouti,2005,100,Africa,23424797,Africa,Eastern Africa,656352,99985.0,656391,99.99,15.23
Dominica,2005,100,North America,23424798,Americas,Caribbean,52009,52009.0,52009,100.0,100.0
Ecuador,2005,100,South America,23424801,Americas,South America,6401606,6053816.0,13274895,48.22,45.6
El Salvador,2005,100,North America,23424807,Americas,Central America,5982531,5912997.0,5982501,100.0,98.84
Equatorial Guinea,2005,100,Africa,23424804,Africa,Middle Africa,195171,174281.0,789527,24.72,22.07
Eritrea,2005,100,Africa,23424806,Africa,Eastern Africa,764888,5238.0,2879065,26.57,0.18
Ethiopia,2005,100,Africa,23424808,Africa,Eastern Africa,31971523,8638584.0,76929960,41.56,11.23
Fiji,2005,100,Oceania,23424813,Oceania,Melanesia,15506,,764175,2.03,
France,2005,100,Europe,-90,Europe,Western Europe,3378258,1309846.0,60609111,5.57,2.16
French Polynesia,2005,100,Oceania,23424817,Oceania,Polynesia,154110,,176773,87.18,
French Southern and Antarctic Lands,2005,100,Seven seas (open ocean),28289406,Seven seas (open ocean),Seven seas (open ocean),0,,0,,
Georgia,2005,100,Asia,23424823,Asia,Western Asia,1999731,,3880282,51.54,
Germany,2005,100,Europe,23424829,Europe,Western Europe,7176921,,81115997,8.85,
Greece,2005,100,Europe,23424833,Europe,Southern Europe,4242375,39232.0,10369749,40.91,0.38
Grenada,2005,100,North America,23424826,Americas,Caribbean,85204,85204.0,85204,100.0,100.0
Guam,2005,100,Oceania,23424832,Oceania,Micronesia,143788,,152136,94.51,
Guatemala,2005,100,North America,23424834,Americas,Central America,11050704,10211206.0,13086368,84.44,78.03
Heard I. and McDonald Islands,2005,100,Seven seas (open ocean),28289411,Seven seas (open ocean),Seven seas (open ocean),0,,0,,
Honduras,2005,100,North America,23424841,Americas,Central America,5579819,997559.0,7453092,74.87,13.38
Iceland,2005,100,Europe,23424845,Europe,Northern Europe,254893,46366.0,260435,97.87,17.8
India,2005,100,Asia,23424848,Asia,Southern Asia,1369,,1145961608,0.0,
Indonesia,2005,100,Asia,23424846,Asia,South-Eastern Asia,165729744,153706797.0,219317098,75.57,70.08
Iran,2005,100,Asia,23424851,Asia,Southern Asia,10456262,406137.0,69686015,15.0,0.58
Italy,2005,100,Europe,23424853,Europe,Southern Europe,15103695,9330577.0,56739025,26.62,16.44
Japan,2005,100,Asia,23424856,Asia,Eastern Asia,83944254,75458539.0,123655780,67.89,61.02
Jordan,2005,100,Asia,23424860,Asia,Western Asia,51212,,5670904,0.9,
Kenya,2005,100,Africa,23424863,Africa,Eastern Africa,24852508,39574.0,35886819,69.25,0.11
Luxembourg,2005,100,Europe,23424881,Europe,Western Europe,447025,,469776,95.16,
Malawi,2005,100,Africa,23424889,Africa,Eastern Africa,298715,298713.0,12796803,2.33,2.33
Mexico,2005,100,North America,23424900,Americas,Central America,52690562,36177657.0,104907133,50.23,34.49
Mongolia,2005,100,Asia,23424887,Asia,Eastern Asia,195109,,2562207,7.61,
Montserrat,2005,100,North America,23424888,Americas,Caribbean,2583,2583.0,2583,100.0,100.0
Myanmar,2005,100,Asia,23424763,Asia,South-Eastern Asia,4664443,20784.0,45784106,10.19,0.05
Netherlands,2005,100,Europe,-90,Europe,Western Europe,81309,3614.0,16029051,0.51,0.02
New Zealand,2005,100,Oceania,23424916,Oceania,Australia and New Zealand,1820360,469352.0,3816964,47.69,12.3
Nicaragua,2005,100,North America,23424915,Americas,Central America,3986100,3886504.0,5365941,74.29,72.43
Niger,2005,100,Africa,23424906,Africa,Western Africa,199972,,13923114,1.44,
Nigeria,2005,100,Africa,23424908,Africa,Western Africa,199884,199884.0,139274140,0.14,0.14
Northern Mariana Islands,2005,100,Oceania,23424788,Oceania,Micronesia,62740,0.0,62740,100.0,0.0
Norway,2005,100,Europe,-90,Europe,Northern Europe,28,,3996821,0.0,
Panama,2005,100,North America,23424924,Americas,Central America,588709,,3244618,18.14,
Papua New Guinea,2005,100,Oceania,23424926,Oceania,Melanesia,1254954,1111656.0,5863700,21.4,18.96
Peru,2005,100,South America,23424919,Americas,South America,2511930,1123944.0,27563390,9.11,4.08
Philippines,2005,100,Asia,23424934,Asia,South-Eastern Asia,61838682,50543783.0,77772610,79.51,64.99
Portugal,2005,100,Europe,23424925,Europe,Southern Europe,360417,134714.0,9587868,3.76,1.41
Republic of Cabo Verde,2005,100,Africa,23424794,Africa,Western Africa,280055,280055.0,421447,66.45,66.45
Republic of Korea,2005,100,Asia,23424868,Asia,Eastern Asia,12928091,,44745216,28.89,
Russian Federation,2005,100,Europe,23424936,Europe,Eastern Europe,3092334,306862.0,145549931,2.12,0.21
Rwanda,2005,100,Africa,23424937,Africa,Eastern Africa,6335589,4328314.0,8971035,70.62,48.25
Saint Helena,2005,100,Seven seas (open ocean),23424944,Africa,Western Africa,402,,4733,8.49,
Saint Kitts and Nevis,2005,100,North America,23424940,Americas,Caribbean,32666,32666.0,32666,100.0,100.0
Saint Lucia,2005,100,North America,23424951,Americas,Caribbean,139612,139612.0,139650,99.97,99.97
Saint Vincent and the Grenadines,2005,100,North America,23424981,Americas,Caribbean,56104,56104.0,56104,100.0,100.0
Saint-Barthélemy,2005,100,North America,56042304,Americas,Caribbean,6337,6337.0,6337,100.0,100.0
Saint-Martin,2005,100,North America,56042305,Americas,Caribbean,19112,19112.0,19112,100.0,100.0
Samoa,2005,100,Oceania,23424992,Oceania,Polynesia,136994,,136979,100.01,
Saudi Arabia,2005,100,Asia,23424938,Asia,Western Asia,2411813,,23910690,10.09,
Sint Maarten,2005,100,North America,-90,Americas,Caribbean,34398,34398.0,34398,100.0,100.0
Solomon Islands,2005,100,Oceania,23424766,Oceania,Melanesia,156587,140110.0,301587,51.92,46.46
Somaliland,2005,100,Africa,-99,Africa,Eastern Africa,9701,,2748952,0.35,
South Africa,2005,100,Africa,23424942,Africa,Southern Africa,0,,48691559,0.0,
South Georgia and the Islands,2005,100,Seven seas (open ocean),23424955,Seven seas (open ocean),Seven seas (open ocean),0,,0,,
South Sudan,2005,100,Africa,-99,Africa,Eastern Africa,439,,7612885,0.01,
Spain,2005,100,Europe,23424950,Europe,Southern Europe,7511062,931729.0,41598884,18.06,2.24
Sudan,2005,100,Africa,-90,Africa,Northern Africa,1144696,,29582021,3.87,
Syria,2005,100,Asia,23424956,Asia,Western Asia,196056,,18125287,1.08,
Taiwan,2005,100,Asia,23424971,Asia,Eastern Asia,10353038,,22235534,46.56,
Tanzania,2005,100,Africa,23424973,Africa,Eastern Africa,6034832,2518592.0,39106144,15.43,6.44
Timor-Leste,2005,100,Asia,23424968,Asia,South-Eastern Asia,30320,30320.0,919807,3.3,3.3
Tonga,2005,100,Oceania,23424964,Oceania,Polynesia,84477,84477.0,84477,100.0,100.0
Tunisia,2005,100,Africa,23424967,Africa,Northern Africa,98395,,9530587,1.03,
Turkey,2005,100,Asia,23424969,Asia,Western Asia,9927775,461744.0,65864498,15.07,0.7
Uganda,2005,100,Africa,23424974,Africa,Eastern Africa,6271851,1027700.0,28094850,22.32,3.66
United States,2005,100,North America,23424977,Americas,Northern America,11894690,2619836.0,292325066,4.07,0.9
Vanuatu,2005,100,Oceania,23424907,Oceania,Melanesia,134409,88830.0,142749,94.16,62.23
Vatican,2005,100,Europe,23424986,Europe,Southern Europe,11674,,11674,100.0,
Vietnam,2005,100,Asia,23424984,Asia,South-Eastern Asia,2026345,,80695674,2.51,
Yemen,2005,100,Asia,23425002,Asia,Western Asia,13941457,7582038.0,20967477,66.49,36.16
Zambia,2005,100,Africa,23425003,Africa,Eastern Africa,44156,8143.0,11563749,0.38,0.07
Algeria,2010,100,Africa,23424740,Africa,Northern Africa,118342,,35045175,0.34,
American Samoa,2010,100,Oceania,23424746,Oceania,Polynesia,44637,,44637,100.0,
Andorra,2010,100,Europe,23424744,Europe,Southern Europe,70820,,70903,99.88,
Anguilla,2010,100,North America,23424751,Americas,Caribbean,8804,7891.0,8805,99.99,89.62
Antarctica,2010,100,Antarctica,28289409,Antarctica,Antarctica,0,0.0,0,,
Antigua and Barbuda,2010,100,North America,23424737,Americas,Caribbean,75475,74276.0,75543,99.91,98.32
Argentina,2010,100,South America,23424747,Americas,South America,689216,197231.0,40840615,1.69,0.48
Armenia,2010,100,Asia,23424743,Asia,Western Asia,2923713,2058165.0,2927352,99.88,70.31
Australia,2010,100,Oceania,-90,Oceania,Australia and New Zealand,116694,,21430390,0.54,
Azerbaijan,2010,100,Asia,23424741,Asia,Western Asia,1886775,147123.0,9093658,20.75,1.62
Belgium,2010,100,Europe,23424757,Europe,Western Europe,523817,,10958645,4.78,
Bolivia,2010,100,South America,23424762,Americas,South America,78566,,10170070,0.77,
Cameroon,2010,100,Africa,23424785,Africa,Middle Africa,7606212,6842889.0,19572095,38.86,34.96
Canada,2010,100,North America,23424775,Americas,Northern America,2599370,27031.0,32015827,8.12,0.08
Chad,2010,100,Africa,23424777,Africa,Middle Africa,16511,,11985641,0.14,
Chile,2010,100,South America,23424782,Americas,South America,11062738,2570479.0,16722617,66.15,15.37
China,2010,100,Asia,23424781,Asia,Eastern Asia,19731993,3843251.0,1330699560,1.48,0.29
Colombia,2010,100,South America,23424787,Americas,South America,11899433,10921479.0,44237371,26.9,24.69
Comoros,2010,100,Africa,23424786,Africa,Eastern Africa,505633,497316.0,534339,94.63,93.07
Costa Rica,2010,100,North America,23424791,Americas,Central America,4529906,4273745.0,4573978,99.04,93.44
Dem. Rep. Korea,2010,100,Asia,23424865,Asia,Eastern Asia,3493219,790428.0,23961266,14.58,3.3
Democratic Republic of the Congo,2010,100,Africa,23424780,Africa,Middle Africa,6766403,3528185.0,65913014,10.27,5.35
Djibouti,2010,100,Africa,23424797,Africa,Eastern Africa,725130,103433.0,725168,99.99,14.26
Dominica,2010,100,North America,23424798,Americas,Caribbean,52825,52825.0,52825,100.0,100.0
Ecuador,2010,100,South America,23424801,Americas,South America,7011274,6630249.0,14480105,48.42,45.79
El Salvador,2010,100,North America,23424807,Americas,Central America,6059469,5991232.0,6059436,100.0,98.87
Equatorial Guinea,2010,100,Africa,23424804,Africa,Middle Africa,261477,234770.0,1014730,25.77,23.14
Eritrea,2010,100,Africa,23424806,Africa,Eastern Africa,845382,5497.0,3207853,26.35,0.17
Ethiopia,2010,100,Africa,23424808,Africa,Eastern Africa,37026434,10001217.0,88559571,41.81,11.29
Fiji,2010,100,Oceania,23424813,Oceania,Melanesia,16368,,793619,2.06,
France,2010,100,Europe,-90,Europe,Western Europe,3499012,1365962.0,62622829,5.59,2.18
French Polynesia,2010,100,Oceania,23424817,Oceania,Polynesia,159640,,183151,87.16,
French Southern and Antarctic Lands,2010,100,Seven seas (open ocean),28289406,Seven seas (open ocean),Seven seas (open ocean),0,,0,,
Georgia,2010,100,Asia,23424823,Asia,Western Asia,1952661,,3746158,52.12,
Germany,2010,100,Europe,23424829,Europe,Western Europe,7226126,,81231353,8.9,
Greece,2010,100,Europe,23424833,Europe,Southern Europe,4209674,39616.0,10295129,40.89,0.38
Grenada,2010,100,North America,23424826,Americas,Caribbean,88431,88431.0,88431,100.0,100.0
Guam,2010,100,Oceania,23424832,Oceania,Micronesia,145160,,153718,94.43,
Guatemala,2010,100,North America,23424834,Americas,Central America,12156139,11236080.0,14492440,83.88,77.53
Heard I. and McDonald Islands,2010,100,Seven seas (open ocean),28289411,Seven seas (open ocean),Seven seas (open ocean),0,,0,,
Honduras,2010,100,North America,23424841,Americas,Central America,6226330,1072550.0,8323896,74.8,12.89
Iceland,2010,100,Europe,23424845,Europe,Northern Europe,275556,48842.0,280902,98.1,17.39
India,2010,100,Asia,23424848,Asia,Southern Asia,1581,,1231579444,0.0,
Indonesia,2010,100,Asia,23424846,Asia,South-Eastern Asia,174362768,161908412.0,233757911,74.59,69.26
Iran,2010,100,Asia,23424851,Asia,Southern Asia,11253591,357500.0,74798887,15.05,0.48
Italy,2010,100,Europe,23424853,Europe,Southern Europe,15400052,9425997.0,58335711,26.4,16.16
Japan,2010,100,Asia,23424856,Asia,Eastern Asia,84209463,75821967.0,124028135,67.9,61.13
Jordan,2010,100,Asia,23424860,Asia,Western Asia,63738,,6919148,0.92,
Kenya,2010,100,Africa,23424863,Africa,Eastern Africa,28321839,46833.0,41555667,68.15,0.11
Luxembourg,2010,100,Europe,23424881,Europe,Western Europe,487673,,511654,95.31,
Malawi,2010,100,Africa,23424889,Africa,Eastern Africa,349851,349849.0,14779158,2.37,2.37
Mexico,2010,100,North America,23424900,Americas,Central America,55906574,38048628.0,111957548,49.94,33.98
Mongolia,2010,100,Asia,23424887,Asia,Eastern Asia,182439,,2706741,6.74,
Montserrat,2010,100,North America,23424888,Americas,Caribbean,2726,2726.0,2726,100.0,100.0
Myanmar,2010,100,Asia,23424763,Asia,South-Eastern Asia,4791374,25196.0,47375406,10.11,0.05
Netherlands,2010,100,Europe,-90,Europe,Western Europe,80704,4443.0,16388779,0.49,0.03
New Zealand,2010,100,Oceania,23424916,Oceania,Australia and New Zealand,1928398,487911.0,4011215,48.08,12.16
Nicaragua,2010,100,North America,23424915,Americas,Central America,4213364,4107289.0,5763059,73.11,71.27
Niger,2010,100,Africa,23424906,Africa,Western Africa,237756,,16721029,1.42,
Nigeria,2010,100,Africa,23424908,Africa,Western Africa,225515,225515.0,159583533,0.14,0.14
Northern Mariana Islands,2010,100,Oceania,23424788,Oceania,Micronesia,50150,0.0,50150,100.0,0.0
Norway,2010,100,Europe,-90,Europe,Northern Europe,31,,4238682,0.0,
Panama,2010,100,North America,23424924,Americas,Central America,648034,,3557527,18.22,
Papua New Guinea,2010,100,Oceania,23424926,Oceania,Melanesia,1428822,1264028.0,6871437,20.79,18.4
Peru,2010,100,South America,23424919,Americas,South America,2620373,1186667.0,28650298,9.15,4.14
Philippines,2010,100,Asia,23424934,Asia,South-Eastern Asia,67992073,55281422.0,85432325,79.59,64.71
Portugal,2010,100,Europe,23424925,Europe,Southern Europe,360841,137632.0,9647054,3.74,1.43
Republic of Cabo Verde,2010,100,Africa,23424794,Africa,Western Africa,297062,297062.0,446381,66.55,66.55
Republic of Korea,2010,100,Asia,23424868,Asia,Eastern Asia,13197360,,45670165,28.9,
Russian Federation,2010,100,Europe,23424936,Europe,Eastern Europe,3081780,287993.0,144953493,2.13,0.2
Rwanda,2010,100,Africa,23424937,Africa,Eastern Africa,7195037,4737518.0,10248901,70.2,46.22
Saint Helena,2010,100,Seven seas (open ocean),23424944,Africa,Western Africa,423,,4505,9.39,
Saint Kitts and Nevis,2010,100,North America,23424940,Americas,Caribbean,33290,33290.0,33290,100.0,100.0
Saint Lucia,2010,100,North America,23424951,Americas,Caribbean,144009,144009.0,144045,99.98,99.98
Saint Vincent and the Grenadines,2010,100,North America,23424981,Americas,Caribbean,54566,54566.0,54566,100.0,100.0
Saint-Barthélemy,2010,100,North America,56042304,Americas,Caribbean,7112,7112.0,7112,100.0,100.0
Saint-Martin,2010,100,North America,56042305,Americas,Caribbean,20818,20818.0,20818,100.0,100.0
Samoa,2010,100,Oceania,23424992,Oceania,Polynesia,141162,,141147,100.01,
Saudi Arabia,2010,100,Asia,23424938,Asia,Western Asia,2853343,,28834410,9.9,
Sint Maarten,2010,100,North America,-90,Americas,Caribbean,36414,36414.0,36414,100.0,100.0
Solomon Islands,2010,100,Oceania,23424766,Oceania,Melanesia,182538,164406.0,339871,53.71,48.37
Somaliland,2010,100,Africa,-99,Africa,Eastern Africa,11701,,3193307,0.37,
South Africa,2010,100,Africa,23424942,Africa,Southern Africa,0,,51437012,0.0,
South Georgia and the Islands,2010,100,Seven seas (open ocean),23424955,Seven seas (open ocean),Seven seas (open ocean),0,,0,,
South Sudan,2010,100,Africa,-99,Africa,Eastern Africa,909,,9654621,0.01,
Spain,2010,100,Europe,23424950,Europe,Southern Europe,8114733,1023645.0,44298309,18.32,2.31
Sudan,2010,100,Africa,-90,Africa,Northern Africa,1383408,,33801130,4.09,
Syria,2010,100,Asia,23424956,Asia,Western Asia,209169,,21800142,0.96,
Taiwan,2010,100,Asia,23424971,Asia,Eastern Asia,10761423,,22534802,47.75,
Tanzania,2010,100,Africa,23424973,Africa,Eastern Africa,6851836,2838080.0,44768227,15.31,6.34
Timor-Leste,2010,100,Asia,23424968,Asia,South-Eastern Asia,32800,32800.0,1033873,3.17,3.17
Tonga,2010,100,Oceania,23424964,Oceania,Polynesia,87351,87351.0,87351,100.0,100.0
Tunisia,2010,100,Africa,23424967,Africa,Northern Africa,102718,,9988083,1.03,
Turkey,2010,100,Asia,23424969,Asia,Western Asia,10447023,496142.0,70216178,14.88,0.71
Uganda,2010,100,Africa,23424974,Africa,Eastern Africa,7128386,1105371.0,32494911,21.94,3.4
United States,2010,100,North America,23424977,Americas,Northern America,12749676,2824390.0,306548175,4.16,0.92
Vanuatu,2010,100,Oceania,23424907,Oceania,Melanesia,152369,97980.0,161809,94.17,60.55
Vatican,2010,100,Europe,23424986,Europe,Southern Europe,11825,,11825,100.0,
Vietnam,2010,100,Asia,23424984,Asia,South-Eastern Asia,2035138,,84909273,2.4,
Yemen,2010,100,Asia,23425002,Asia,Western Asia,16169530,8800608.0,24330034,66.46,36.17
Zambia,2010,100,Africa,23425003,Africa,Eastern Africa,58265,10633.0,13809046,0.42,0.08
Algeria,2015,100,Africa,23424740,Africa,Northern Africa,137171,,38674218,0.35,
American Samoa,2015,100,Oceania,23424746,Oceania,Polynesia,41925,,41925,100.0,
Andorra,2015,100,Europe,23424744,Europe,Southern Europe,70914,,71006,99.87,
Anguilla,2015,100,North America,23424751,Americas,Caribbean,9612,8582.0,9612,100.0,89.28
Antarctica,2015,100,Antarctica,28289409,Antarctica,Antarctica,0,0.0,0,,
Antigua and Barbuda,2015,100,North America,23424737,Americas,Caribbean,78378,77089.0,78448,99.91,98.27
Argentina,2015,100,South America,23424747,Americas,South America,754542,218197.0,42967520,1.76,0.51
Armenia,2015,100,Asia,23424743,Asia,Western Asia,2857976,2039677.0,2861376,99.88,71.28
Australia,2015,100,Oceania,-90,Oceania,Australia and New Zealand,115999,,23182300,0.5,
Azerbaijan,2015,100,Asia,23424741,Asia,Western Asia,2008649,148933.0,9706901,20.69,1.53
Belgium,2015,100,Europe,23424757,Europe,Western Europe,539663,,11326647,4.76,
Bolivia,2015,100,South America,23424762,Americas,South America,88735,,11021558,0.81,
Cameroon,2015,100,Africa,23424785,Africa,Middle Africa,8628225,7799324.0,22657906,38.08,34.42
Canada,2015,100,North America,23424775,Americas,Northern America,2768057,26936.0,33718218,8.21,0.08
Chad,2015,100,Africa,23424777,Africa,Middle Africa,24949,,14224574,0.18,
Chile,2015,100,South America,23424782,Americas,South America,11606935,2721423.0,17573677,66.05,15.49
China,2015,100,Asia,23424781,Asia,Eastern Asia,20159262,3897627.0,1375196089,1.47,0.28
Colombia,2015,100,South America,23424787,Americas,South America,12096370,11121117.0,46514971,26.01,23.91
Comoros,2015,100,Africa,23424786,Africa,Eastern Africa,562831,553148.0,596183,94.41,92.78
Costa Rica,2015,100,North America,23424791,Americas,Central America,4797014,4527581.0,4844387,99.02,93.46
Dem. Rep. Korea,2015,100,Asia,23424865,Asia,Eastern Asia,3592704,812069.0,24564565,14.63,3.31
Democratic Republic of the Congo,2015,100,Africa,23424780,Africa,Middle Africa,7674458,3981024.0,78102557,9.83,5.1
Djibouti,2015,100,Africa,23424797,Africa,Eastern Africa,791628,104071.0,791664,100.0,13.15
Dominica,2015,100,North America,23424798,Americas,Caribbean,54399,54399.0,54399,100.0,100.0
Ecuador,2015,100,South America,23424801,Americas,South America,7575934,7162936.0,15663076,48.37,45.73
El Salvador,2015,100,North America,23424807,Americas,Central America,6175131,6107106.0,6175095,100.0,98.9
Equatorial Guinea,2015,100,Africa,23424804,Africa,Middle Africa,340675,308418.0,1260309,27.03,24.47
Eritrea,2015,100,Africa,23424806,Africa,Eastern Africa,876291,5968.0,3422068,25.61,0.17
Ethiopia,2015,100,Africa,23424808,Africa,Eastern Africa,42846063,11534068.0,101655659,42.15,11.35
Fiji,2015,100,Oceania,23424813,Oceania,Melanesia,16878,,807072,2.09,
France,2015,100,Europe,-90,Europe,Western Europe,3578266,1393371.0,64064900,5.59,2.17
French Polynesia,2015,100,Oceania,23424817,Oceania,Polynesia,162905,,186701,87.25,
French Southern and Antarctic Lands,2015,100,Seven seas (open ocean),28289406,Seven seas (open ocean),Seven seas (open ocean),0,,0,,
Georgia,2015,100,Asia,23424823,Asia,Western Asia,1925521,,3669540,52.47,
Germany,2015,100,Europe,23424829,Europe,Western Europe,7332108,,81977387,8.94,
Greece,2015,100,Europe,23424833,Europe,Southern Europe,4148837,39127.0,10084502,41.14,0.39
Grenada,2015,100,North America,23424826,Americas,Caribbean,92193,92193.0,92193,100.0,100.0
Guam,2015,100,Oceania,23424832,Oceania,Micronesia,148363,,157127,94.42,
Guatemala,2015,100,North America,23424834,Americas,Central America,13251018,12243499.0,15945168,83.1,76.79
Heard I. and McDonald Islands,2015,100,Seven seas (open ocean),28289411,Seven seas (open ocean),Seven seas (open ocean),0,,0,,
Honduras,2015,100,North America,23424841,Americas,Central America,6842173,1131245.0,9152946,74.75,12.36
Iceland,2015,100,Europe,23424845,Europe,Northern Europe,287859,51127.0,293095,98.21,17.44
India,2015,100,Asia,23424848,Asia,Southern Asia,1788,,1313395628,0.0,
Indonesia,2015,100,Asia,23424846,Asia,South-Eastern Asia,182522775,169682111.0,248047434,73.58,68.41
Iran,2015,100,Asia,23424851,Asia,Southern Asia,12149232,352183.0,81128566,14.98,0.43
Italy,2015,100,Europe,23424853,Europe,Southern Europe,15453610,9339151.0,58755533,26.3,15.89
Japan,2015,100,Asia,23424856,Asia,Eastern Asia,84074407,75759916.0,123213246,68.23,61.49
Jordan,2015,100,Asia,23424860,Asia,Western Asia,94800,,9470100,1.0,
Kenya,2015,100,Africa,23424863,Africa,Eastern Africa,31415269,53765.0,46901625,66.98,0.11
Luxembourg,2015,100,Europe,23424881,Europe,Western Europe,547261,,572811,95.54,
Malawi,2015,100,Africa,23424889,Africa,Eastern Africa,411514,411511.0,17023248,2.42,2.42
Mexico,2015,100,North America,23424900,Americas,Central America,59471927,40217384.0,119522192,49.76,33.65
Mongolia,2015,100,Asia,23424887,Asia,Eastern Asia,182943,,2969429,6.16,
Montserrat,2015,100,North America,23424888,Americas,Caribbean,2781,2781.0,2781,100.0,100.0
Myanmar,2015,100,Asia,23424763,Asia,South-Eastern Asia,4908874,31854.0,49378551,9.94,0.06
Netherlands,2015,100,Europe,-90,Europe,Western Europe,80551,5128.0,16817924,0.48,0.03
New Zealand,2015,100,Oceania,23424916,Oceania,Australia and New Zealand,2061360,499066.0,4231520,48.71,11.79
Nicaragua,2015,100,North America,23424915,Americas,Central America,4436025,4320745.0,6200081,71.55,69.69
Niger,2015,100,Africa,23424906,Africa,Western Africa,283862,,20204122,1.4,
Nigeria,2015,100,Africa,23424908,Africa,Western Africa,254002,254002.0,182460348,0.14,0.14
Northern Mariana Islands,2015,100,Oceania,23424788,Oceania,Micronesia,48108,0.0,48108,100.0,0.0
Norway,2015,100,Europe,-90,Europe,Northern Europe,35,,4507580,0.0,
Panama,2015,100,North America,23424924,Americas,Central America,709128,,3885814,18.25,
Papua New Guinea,2015,100,Oceania,23424926,Oceania,Melanesia,1590695,1404987.0,7901462,20.13,17.78
Peru,2015,100,South America,23424919,Americas,South America,2762478,1259916.0,30105740,9.18,4.18
Philippines,2015,100,Asia,23424934,Asia,South-Eastern Asia,74076530,59885948.0,93096503,79.57,64.33
Portugal,2015,100,Europe,23424925,Europe,Southern Europe,348232,133689.0,9423032,3.7,1.42
Republic of Cabo Verde,2015,100,Africa,23424794,Africa,Western Africa,313641,313641.0,474957,66.04,66.04
Republic of Korea,2015,100,Asia,23424868,Asia,Eastern Asia,13778187,,47734835,28.86,
Russian Federation,2015,100,Europe,23424936,Europe,Eastern Europe,3132622,282514.0,146360063,2.14,0.19
Rwanda,2015,100,Africa,23424937,Africa,Eastern Africa,8094013,5090672.0,11576111,69.92,43.98
Saint Helena,2015,100,Seven seas (open ocean),23424944,Africa,Western Africa,476,,4604,10.34,
Saint Kitts and Nevis,2015,100,North America,23424940,Americas,Caribbean,33607,33607.0,33607,100.0,100.0
Saint Lucia,2015,100,North America,23424951,Americas,Caribbean,147188,147188.0,147222,99.98,99.98
Saint Vincent and the Grenadines,2015,100,North America,23424981,Americas,Caribbean,52810,52810.0,52810,100.0,100.0
Saint-Barthélemy,2015,100,North America,56042304,Americas,Caribbean,7676,7676.0,7676,100.0,100.0
Saint-Martin,2015,100,North America,56042305,Americas,Caribbean,19995,19995.0,19995,100.0,100.0
Samoa,2015,100,Oceania,23424992,Oceania,Polynesia,147353,,147338,100.01,
Saudi Arabia,2015,100,Asia,23424938,Asia,Western Asia,2883220,,32104489,8.98,
Sint Maarten,2015,100,North America,-90,Americas,Caribbean,40405,40405.0,40405,100.0,100.0
Solomon Islands,2015,100,Oceania,23424766,Oceania,Melanesia,214442,194354.0,387428,55.35,50.17
Somaliland,2015,100,Africa,-99,Africa,Eastern Africa,12813,,3571177,0.36,
South Africa,2015,100,Africa,23424942,Africa,Southern Africa,0,,55496257,0.0,
South Georgia and the Islands,2015,100,Seven seas (open ocean),23424955,Seven seas (open ocean),Seven seas (open ocean),0,,0,,
South Sudan,2015,100,Africa,-99,Africa,Eastern Africa,1469,,11143359,0.01,
Spain,2015,100,Europe,23424950,Europe,Southern Europe,8356604,1030869.0,44192571,18.91,2.33
Sudan,2015,100,Africa,-90,Africa,Northern Africa,1673638,,38243719,4.38,
Syria,2015,100,Asia,23424956,Asia,Western Asia,221622,,18759594,1.18,
Taiwan,2015,100,Asia,23424971,Asia,Eastern Asia,11149645,,22972012,48.54,
Tanzania,2015,100,Africa,23424973,Africa,Eastern Africa,7894273,3255371.0,52182166,15.13,6.24
Timor-Leste,2015,100,Asia,23424968,Asia,South-Eastern Asia,34750,34750.0,1146931,3.03,3.03
Tonga,2015,100,Oceania,23424964,Oceania,Polynesia,87562,87562.0,87562,100.0,100.0
Tunisia,2015,100,Africa,23424967,Africa,Northern Africa,108509,,10590050,1.02,
Turkey,2015,100,Asia,23424969,Asia,Western Asia,11590063,570409.0,76492591,15.15,0.75
Uganda,2015,100,Africa,23424974,Africa,Eastern Africa,8115153,1187087.0,37623707,21.57,3.16
United States,2015,100,North America,23424977,Americas,Northern America,13412767,3023429.0,319833585,4.19,0.95
Vanuatu,2015,100,Oceania,23424907,Oceania,Melanesia,170485,109379.0,181336,94.02,60.32
Vatican,2015,100,Europe,23424986,Europe,Southern Europe,12052,,12052,100.0,
Vietnam,2015,100,Asia,23424984,Asia,South-Eastern Asia,2079088,,89640192,2.32,
Yemen,2015,100,Asia,23425002,Asia,Western Asia,18637800,10150069.0,28029124,66.49,36.21
Zambia,2015,100,Africa,23425003,Africa,Eastern Africa,74849,13179.0,16285578,0.46,0.08
Algeria,2020,100,Africa,23424740,Africa,Northern Africa,157109,,42514701,0.37,
American Samoa,2020,100,Oceania,23424746,Oceania,Polynesia,36265,,36265,100.0,
Andorra,2020,100,Europe,23424744,Europe,Southern Europe,76653,,76763,99.86,
Anguilla,2020,100,North America,23424751,Americas,Caribbean,10134,8922.0,10134,100.0,88.04
Antarctica,2020,100,Antarctica,28289409,Antarctica,Antarctica,0,0.0,0,,
Antigua and Barbuda,2020,100,North America,23424737,Americas,Caribbean,78655,77386.0,78716,99.92,98.31
Argentina,2020,100,South America,23424747,Americas,South America,810111,235168.0,44715827,1.81,0.53
Armenia,2020,100,Asia,23424743,Asia,Western Asia,2785202,1989651.0,2788626,99.88,71.35
Australia,2020,100,Oceania,-90,Oceania,Australia and New Zealand,115605,,24978304,0.46,
Azerbaijan,2020,100,Asia,23424741,Asia,Western Asia,2092860,146373.0,10124768,20.67,1.45
Belgium,2020,100,Europe,23424757,Europe,Western Europe,552127,,11635607,4.75,
Bolivia,2020,100,South America,23424762,Americas,South America,96144,,11854699,0.81,
Cameroon,2020,100,Africa,23424785,Africa,Middle Africa,9751386,8850413.0,26090835,37.37,33.92
Canada,2020,100,North America,23424775,Americas,Northern America,2949792,28689.0,35793166,8.24,0.08
Chad,2020,100,Africa,23424777,Africa,Middle Africa,36715,,16746086,0.22,
Chile,2020,100,South America,23424782,Americas,South America,12495305,2974423.0,18978577,65.84,15.67
China,2020,100,Asia,23424781,Asia,Eastern Asia,20326452,3851530.0,1405565188,1.45,0.27
Colombia,2020,100,South America,23424787,Americas,South America,12695515,11671489.0,50277041,25.25,23.21
Comoros,2020,100,Africa,23424786,Africa,Eastern Africa,622549,612540.0,657359,94.7,93.18
Costa Rica,2020,100,North America,23424791,Americas,Central America,5022892,4750556.0,5070754,99.06,93.69
Dem. Rep. Korea,2020,100,Asia,23424865,Asia,Eastern Asia,3658566,813911.0,25119551,14.56,3.24
Democratic Republic of the Congo,2020,100,Africa,23424780,Africa,Middle Africa,8515971,4382878.0,92248145,9.23,4.75
Djibouti,2020,100,Africa,23424797,Africa,Eastern Africa,836521,82903.0,836549,100.0,9.91
Dominica,2020,100,North America,23424798,Americas,Caribbean,56417,56417.0,56417,100.0,100.0
Ecuador,2020,100,South America,23424801,Americas,South America,8223336,7773861.0,17016516,48.33,45.68
El Salvador,2020,100,North America,23424807,Americas,Central America,6236080,6168827.0,6236043,100.0,98.92
Equatorial Guinea,2020,100,Africa,23424804,Africa,Middle Africa,629885,623753.0,1485611,42.4,41.99
Eritrea,2020,100,Africa,23424806,Africa,Eastern Africa,973027,8120.0,3677064,26.46,0.22
Ethiopia,2020,100,Africa,23424808,Africa,Eastern Africa,49454892,13281753.0,116318933,42.52,11.42
Fiji,2020,100,Oceania,23424813,Oceania,Melanesia,17001,,812820,2.09,
France,2020,100,Europe,-90,Europe,Western Europe,3643471,1416543.0,64836584,5.62,2.18
French Polynesia,2020,100,Oceania,23424817,Oceania,Polynesia,168944,,192800,87.63,
French Southern and Antarctic Lands,2020,100,Seven seas (open ocean),28289406,Seven seas (open ocean),Seven seas (open ocean),0,,0,,
Georgia,2020,100,Asia,23424823,Asia,Western Asia,1898649,,3656297,51.93,
Germany,2020,100,Europe,23424829,Europe,Western Europe,7482324,,83233927,8.99,
Greece,2020,100,Europe,23424833,Europe,Southern Europe,4014824,38940.0,9809587,40.93,0.4
Grenada,2020,100,North America,23424826,Americas,Caribbean,94702,94702.0,94702,100.0,100.0
Guam,2020,100,Oceania,23424832,Oceania,Micronesia,148694,,157116,94.64,
Guatemala,2020,100,North America,23424834,Americas,Central America,14229793,13131621.0,17293364,82.28,75.93
Heard I. and McDonald Islands,2020,100,Seven seas (open ocean),28289411,Seven seas (open ocean),Seven seas (open ocean),0,,0,,
Honduras,2020,100,North America,23424841,Americas,Central America,7526416,1116210.0,9975223,75.45,11.19
Iceland,2020,100,Europe,23424845,Europe,Northern Europe,320852,55206.0,326096,98.39,16.93
India,2020,100,Asia,23424848,Asia,Southern Asia,1964,,1386429441,0.0,
Indonesia,2020,100,Asia,23424846,Asia,South-Eastern Asia,188780044,175703625.0,259976558,72.61,67.58
Iran,2020,100,Asia,23424851,Asia,Southern Asia,13182733,365803.0,86564880,15.23,0.42
Italy,2020,100,Europe,23424853,Europe,Southern Europe,15262708,9087512.0,58062954,26.29,15.65
Japan,2020,100,Asia,23424856,Asia,Eastern Asia,83137001,74991474.0,121288367,68.54,61.83
Jordan,2020,100,Asia,23424860,Asia,Western Asia,94210,,10906862,0.86,
Kenya,2020,100,Africa,23424863,Africa,Eastern Africa,34199988,60918.0,52045879,65.71,0.12
Luxembourg,2020,100,Europe,23424881,Europe,Western Europe,606056,,632905,95.76,
Malawi,2020,100,Africa,23424889,Africa,Eastern Africa,483315,483312.0,19489981,2.48,2.48
Mexico,2020,100,North America,23424900,Americas,Central America,61358505,40511669.0,125282432,48.98,32.34
Mongolia,2020,100,Asia,23424887,Asia,Eastern Asia,184126,,3298551,5.58,
Montserrat,2020,100,North America,23424888,Americas,Caribbean,2425,2425.0,2425,100.0,100.0
Myanmar,2020,100,Asia,23424763,Asia,South-Eastern Asia,4865058,41193.0,51262123,9.49,0.08
Netherlands,2020,100,Europe,-90,Europe,Western Europe,79910,5473.0,17217252,0.46,0.03
New Zealand,2020,100,Oceania,23424916,Oceania,Australia and New Zealand,2316292,516732.0,4656013,49.75,11.1
Nicaragua,2020,100,North America,23424915,Americas,Central America,4675905,4556351.0,6652507,70.29,68.49
Niger,2020,100,Africa,23424906,Africa,Western Africa,339664,,24397955,1.39,
Nigeria,2020,100,Africa,23424908,Africa,Western Africa,282388,282388.0,206618218,0.14,0.14
Northern Mariana Islands,2020,100,Oceania,23424788,Oceania,Micronesia,46017,0.0,46017,100.0,0.0
Norway,2020,100,Europe,-90,Europe,Northern Europe,40,,4681564,0.0,
Panama,2020,100,North America,23424924,Americas,Central America,758186,,4219322,17.97,
Papua New Guinea,2020,100,Oceania,23424926,Oceania,Melanesia,1724963,1521818.0,8918829,19.34,17.06
Peru,2020,100,South America,23424919,Americas,South America,2984563,1355965.0,32625021,9.15,4.16
Philippines,2020,100,Asia,23424934,Asia,South-Eastern Asia,80863392,65183176.0,101438621,79.72,64.26
Portugal,2020,100,Europe,23424925,Europe,Southern Europe,342463,131270.0,9336094,3.67,1.41
Republic of Cabo Verde,2020,100,Africa,23424794,Africa,Western Africa,328707,328707.0,508467,64.65,64.65
Republic of Korea,2020,100,Asia,23424868,Asia,Eastern Asia,14184947,,48569257,29.21,
Russian Federation,2020,100,Europe,23424936,Europe,Eastern Europe,3166981,278427.0,147268316,2.15,0.19
Rwanda,2020,100,Africa,23424937,Africa,Eastern Africa,9113373,5468075.0,13069031,69.73,41.84
Saint Helena,2020,100,Seven seas (open ocean),23424944,Africa,Western Africa,507,,4489,11.29,
Saint Kitts and Nevis,2020,100,North America,23424940,Americas,Caribbean,32600,32600.0,32600,100.0,100.0
Saint Lucia,2020,100,North America,23424951,Americas,Caribbean,147934,147934.0,147964,99.98,99.98
Saint Vincent and the Grenadines,2020,100,North America,23424981,Americas,Caribbean,51082,51082.0,51082,100.0,100.0
Saint-Barthélemy,2020,100,North America,56042304,Americas,Caribbean,8548,8548.0,8548,100.0,100.0
Saint-Martin,2020,100,North America,56042305,Americas,Caribbean,18546,18546.0,18546,100.0,100.0
Samoa,2020,100,Oceania,23424992,Oceania,Polynesia,155824,,155809,100.01,
Saudi Arabia,2020,100,Asia,23424938,Asia,Western Asia,2675334,,35270292,7.59,
Sint Maarten,2020,100,North America,-90,Americas,Caribbean,41317,41317.0,41317,100.0,100.0
Solomon Islands,2020,100,Oceania,23424766,Oceania,Melanesia,255697,234002.0,442580,57.77,52.87
Somaliland,2020,100,Africa,-99,Africa,Eastern Africa,11370,,4123717,0.28,
South Africa,2020,100,Africa,23424942,Africa,Southern Africa,0,,58412964,0.0,
South Georgia and the Islands,2020,100,Seven seas (open ocean),23424955,Seven seas (open ocean),Seven seas (open ocean),0,,0,,
South Sudan,2020,100,Africa,-99,Africa,Eastern Africa,1443,,10589589,0.01,
Spain,2020,100,Europe,23424950,Europe,Southern Europe,8776174,1062178.0,45123302,19.45,2.35
Sudan,2020,100,Africa,-90,Africa,Northern Africa,2161539,,44470984,4.86,
Syria,2020,100,Asia,23424956,Asia,Western Asia,220702,,20329296,1.09,
Taiwan,2020,100,Asia,23424971,Asia,Eastern Asia,11666505,,23292901,50.09,
Tanzania,2020,100,Africa,23424973,Africa,Eastern Africa,9162675,3766257.0,61321080,14.94,6.14
Timor-Leste,2020,100,Asia,23424968,Asia,South-Eastern Asia,35025,35025.0,1237625,2.83,2.83
Tonga,2020,100,Oceania,23424964,Oceania,Polynesia,87831,87831.0,87831,100.0,100.0
Tunisia,2020,100,Africa,23424967,Africa,Northern Africa,113195,,11146682,1.02,
Turkey,2020,100,Asia,23424969,Asia,Western Asia,12208065,610765.0,80830013,15.1,0.76
Uganda,2020,100,Africa,23424974,Africa,Eastern Africa,9571572,1308389.0,44522380,21.5,2.94
United States,2020,100,North America,23424977,Americas,Northern America,14083623,3228924.0,331055018,4.25,0.98
Vanuatu,2020,100,Oceania,23424907,Oceania,Melanesia,192672,120996.0,204960,94.0,59.03
Vatican,2020,100,Europe,23424986,Europe,Southern Europe,12378,,12378,100.0,
Vietnam,2020,100,Asia,23424984,Asia,South-Eastern Asia,2128459,,94021785,2.26,
Yemen,2020,100,Asia,23425002,Asia,Western Asia,21084384,11577682.0,31696604,66.52,36.53
Zambia,2020,100,Africa,23425003,Africa,Eastern Africa,91789,15520.0,18980121,0.48,0.08
Algeria,2025,100,Africa,23424740,Africa,Northern Africa,175774,,45911529,0.38,
American Samoa,2025,100,Oceania,23424746,Oceania,Polynesia,33459,,33459,100.0,
Andorra,2025,100,Europe,23424744,Europe,Southern Europe,79256,,79372,99.85,
Anguilla,2025,100,North America,23424751,Americas,Caribbean,10381,9140.0,10381,100.0,88.05
Antarctica,2025,100,Antarctica,28289409,Antarctica,Antarctica,0,0.0,0,,
Antigua and Barbuda,2025,100,North America,23424737,Americas,Caribbean,80434,79118.0,80497,99.92,98.29
Argentina,2025,100,South America,23424747,Americas,South America,846830,245873.0,45992615,1.84,0.53
Armenia,2025,100,Asia,23424743,Asia,Western Asia,2757673,1987623.0,2761000,99.88,71.99
Australia,2025,100,Oceania,-90,Oceania,Australia and New Zealand,113279,,26223672,0.43,
Azerbaijan,2025,100,Asia,23424741,Asia,Western Asia,2130640,140488.0,10344480,20.6,1.36
Belgium,2025,100,Europe,23424757,Europe,Western Europe,561490,,11815616,4.75,
Bolivia,2025,100,South America,23424762,Americas,South America,107795,,12645468,0.85,
Cameroon,2025,100,Africa,23424785,Africa,Middle Africa,10931190,9958417.0,29703347,36.8,33.53
Canada,2025,100,North America,23424775,Americas,Northern America,3091211,29998.0,37275586,8.29,0.08
Chad,2025,100,Africa,23424777,Africa,Middle Africa,52595,,19517032,0.27,
Chile,2025,100,South America,23424782,Americas,South America,12749869,3053147.0,19361133,65.85,15.77
China,2025,100,Asia,23424781,Asia,Eastern Asia,20107085,3744615.0,1404772563,1.43,0.27
Colombia,2025,100,South America,23424787,Americas,South America,12755745,11733811.0,51938979,24.56,22.59
Comoros,2025,100,Africa,23424786,Africa,Eastern Africa,680669,669333.0,720142,94.52,92.94
Costa Rica,2025,100,North America,23424791,Americas,Central America,5178336,4902762.0,5226736,99.07,93.8
Dem. Rep. Korea,2025,100,Asia,23424865,Asia,Eastern Asia,3735306,833587.0,25564891,14.61,3.26
Democratic Republic of the Congo,2025,100,Africa,23424780,Africa,Middle Africa,9352371,4792414.0,108384624,8.63,4.42
Djibouti,2025,100,Africa,23424797,Africa,Eastern Africa,898228,81166.0,898256,100.0,9.04
Dominica,2025,100,North America,23424798,Americas,Caribbean,58395,58395.0,58395,100.0,100.0
Ecuador,2025,100,South America,23424801,Americas,South America,8691033,8214393.0,17956093,48.4,45.75
El Salvador,2025,100,North America,23424807,Americas,Central America,6369775,6302253.0,6369736,100.0,98.94
Equatorial Guinea,2025,100,Africa,23424804,Africa,Middle Africa,736887,731367.0,1664875,44.26,43.93
Eritrea,2025,100,Africa,23424806,Africa,Eastern Africa,1070047,9417.0,4048525,26.43,0.23
Ethiopia,2025,100,Africa,23424808,Africa,Eastern Africa,56711666,15130152.0,131977282,42.97,11.46
Fiji,2025,100,Oceania,23424813,Oceania,Melanesia,17665,,841446,2.1,
France,2025,100,Europe,-90,Europe,Western Europe,3700492,1450187.0,65467733,5.65,2.22
French Polynesia,2025,100,Oceania,23424817,Oceania,Polynesia,175379,,199538,87.89,
French Southern and Antarctic Lands,2025,100,Seven seas (open ocean),28289406,Seven seas (open ocean),Seven seas (open ocean),0,,0,,
Georgia,2025,100,Asia,23424823,Asia,Western Asia,1864018,,3592773,51.88,
Germany,2025,100,Europe,23424829,Europe,Western Europe,7495427,,83104996,9.02,
Greece,2025,100,Europe,23424833,Europe,Southern Europe,3942089,38311.0,9577163,41.16,0.4
Grenada,2025,100,North America,23424826,Americas,Caribbean,98013,98013.0,98013,100.0,100.0
Guam,2025,100,Oceania,23424832,Oceania,Micronesia,153802,,162312,94.76,
Guatemala,2025,100,North America,23424834,Americas,Central America,15169445,13997598.0,18561628,81.72,75.41
Heard I. and McDonald Islands,2025,100,Seven seas (open ocean),28289411,Seven seas (open ocean),Seven seas (open ocean),0,,0,,
Honduras,2025,100,North America,23424841,Americas,Central America,8098760,1177479.0,10760299,75.27,10.94
Iceland,2025,100,Europe,23424845,Europe,Northern Europe,332695,57925.0,338013,98.43,17.14
India,2025,100,Asia,23424848,Asia,Southern Asia,1943,,1444320653,0.0,
Indonesia,2025,100,Asia,23424846,Asia,South-Eastern Asia,193062227,179942716.0,269448748,71.65,66.78
Iran,2025,100,Asia,23424851,Asia,Southern Asia,13763979,374046.0,89644349,15.35,0.42
Italy,2025,100,Europe,23424853,Europe,Southern Europe,14996534,8843448.0,57120187,26.25,15.48
Japan,2025,100,Asia,23424856,Asia,Eastern Asia,81351919,73402249.0,118073188,68.9,62.17
Jordan,2025,100,Asia,23424860,Asia,Western Asia,102413,,11418201,0.9,
Kenya,2025,100,Africa,23424863,Africa,Eastern Africa,36894760,67795.0,57382670,64.3,0.12
Luxembourg,2025,100,Europe,23424881,Europe,Western Europe,642717,,670026,95.92,
Malawi,2025,100,Africa,23424889,Africa,Eastern Africa,561397,561395.0,22185299,2.53,2.53
Mexico,2025,100,North America,23424900,Americas,Central America,63212778,41528451.0,129538146,48.8,32.06
Mongolia,2025,100,Asia,23424887,Asia,Eastern Asia,188950,,3541715,5.33,
Montserrat,2025,100,North America,23424888,Americas,Caribbean,2318,2318.0,2318,100.0,100.0
Myanmar,2025,100,Asia,23424763,Asia,South-Eastern Asia,4762524,46962.0,53144581,8.96,0.09
Netherlands,2025,100,Europe,-90,Europe,Western Europe,79182,5770.0,17509852,0.45,0.03
New Zealand,2025,100,Oceania,23424916,Oceania,Australia and New Zealand,2441945,527286.0,4882325,50.02,10.8
Nicaragua,2025,100,North America,23424915,Americas,Central America,4923638,4795432.0,7129034,69.06,67.27
Niger,2025,100,Africa,23424906,Africa,Western Africa,404462,,29360052,1.38,
Nigeria,2025,100,Africa,23424908,Africa,Western Africa,307977,307977.0,232691427,0.13,0.13
Northern Mariana Islands,2025,100,Oceania,23424788,Oceania,Micronesia,46714,0.0,46714,100.0,0.0
Norway,2025,100,Europe,-90,Europe,Northern Europe,43,,4849006,0.0,
Panama,2025,100,North America,23424924,Americas,Central America,800518,,4509242,17.75,
Papua New Guinea,2025,100,Oceania,23424926,Oceania,Melanesia,1836266,1620012.0,9829899,18.68,16.48
Peru,2025,100,South America,23424919,Americas,South America,3129618,1427493.0,34285481,9.13,4.16
Philippines,2025,100,Asia,23424934,Asia,South-Eastern Asia,87176567,70026877.0,109313828,79.75,64.06
Portugal,2025,100,Europe,23424925,Europe,Southern Europe,335628,128289.0,9221347,3.64,1.39
Republic of Cabo Verde,2025,100,Africa,23424794,Africa,Western Africa,334442,334442.0,536427,62.35,62.35
Republic of Korea,2025,100,Asia,23424868,Asia,Eastern Asia,14216980,,48446667,29.35,
Russian Federation,2025,100,Europe,23424936,Europe,Eastern Europe,3156080,269834.0,144910455,2.18,0.19
Rwanda,2025,100,Africa,23424937,Africa,Eastern Africa,10203225,5842083.0,14656533,69.62,39.86
Saint Helena,2025,100,Seven seas (open ocean),23424944,Africa,Western Africa,523,,4254,12.29,
Saint Kitts and Nevis,2025,100,North America,23424940,Americas,Caribbean,32759,32759.0,32759,100.0,100.0
Saint Lucia,2025,100,North America,23424951,Americas,Caribbean,148759,148759.0,148788,99.98,99.98
Saint Vincent and the Grenadines,2025,100,North America,23424981,Americas,Caribbean,50427,50427.0,50427,100.0,100.0
Saint-Barthélemy,2025,100,North America,56042304,Americas,Caribbean,8809,8809.0,8809,100.0,100.0
Saint-Martin,2025,100,North America,56042305,Americas,Caribbean,18560,18560.0,18560,100.0,100.0
Samoa,2025,100,Oceania,23424992,Oceania,Polynesia,168293,,168276,100.01,
Saudi Arabia,2025,100,Asia,23424938,Asia,Western Asia,2697794,,37232528,7.25,
Sint Maarten,2025,100,North America,-90,Americas,Caribbean,41317,41317.0,41317,100.0,100.0
Solomon Islands,2025,100,Oceania,23424766,Oceania,Melanesia,299896,276429.0,500715,59.89,55.21
Somaliland,2025,100,Africa,-99,Africa,Eastern Africa,12524,,4568831,0.27,
South Africa,2025,100,Africa,23424942,Africa,Southern Africa,0,,61267877,0.0,
South Georgia and the Islands,2025,100,Seven seas (open ocean),23424955,Seven seas (open ocean),Seven seas (open ocean),0,,0,,
South Sudan,2025,100,Africa,-99,Africa,Eastern Africa,1961,,11477539,0.02,
Spain,2025,100,Europe,23424950,Europe,Southern Europe,8933668,1077736.0,45193871,19.77,2.38
Sudan,2025,100,Africa,-90,Africa,Northern Africa,2580232,,50627142,5.1,
Syria,2025,100,Asia,23424956,Asia,Western Asia,274859,,24909761,1.1,
Taiwan,2025,100,Asia,23424971,Asia,Eastern Asia,12081319,,23458085,51.5,
Tanzania,2025,100,Africa,23424973,Africa,Eastern Africa,10515724,4289388.0,70999767,14.81,6.04
Timor-Leste,2025,100,Asia,23424968,Asia,South-Eastern Asia,35969,35969.0,1334403,2.7,2.7
Tonga,2025,100,Oceania,23424964,Oceania,Polynesia,92324,92324.0,92324,100.0,100.0
Tunisia,2025,100,Africa,23424967,Africa,Northern Africa,118284,,11611836,1.02,
Turkey,2025,100,Asia,23424969,Asia,Western Asia,12622781,642880.0,83360026,15.14,0.77
Uganda,2025,100,Africa,23424974,Africa,Eastern Africa,10961265,1396371.0,51402115,21.32,2.72
United States,2025,100,North America,23424977,Americas,Northern America,14621418,3366762.0,338628648,4.32,0.99
Vanuatu,2025,100,Oceania,23424907,Oceania,Melanesia,216319,133958.0,230232,93.96,58.18
Vatican,2025,100,Europe,23424986,Europe,Southern Europe,12478,,12478,100.0,
Vietnam,2025,100,Asia,23424984,Asia,South-Eastern Asia,2160205,,97465095,2.22,
Yemen,2025,100,Asia,23425002,Asia,Western Asia,23505959,12938149.0,35320141,66.55,36.63
Zambia,2025,100,Africa,23425003,Africa,Eastern Africa,108764,17561.0,21801170,0.5,0.08
Algeria,2030,100,Africa,23424740,Africa,Northern Africa,192124,,48708918,0.39,
American Samoa,2030,100,Oceania,23424746,Oceania,Polynesia,31555,,31555,100.0,
Andorra,2030,100,Europe,23424744,Europe,Southern Europe,80005,,80130,99.84,
Anguilla,2030,100,North America,23424751,Americas,Caribbean,10383,9157.0,10383,100.0,88.19
Antarctica,2030,100,Antarctica,28289409,Antarctica,Antarctica,0,0.0,0,,
Antigua and Barbuda,2030,100,North America,23424737,Americas,Caribbean,82021,80685.0,82084,99.92,98.3
Argentina,2030,100,South America,23424747,Americas,South America,882276,255977.0,47308813,1.86,0.54
Armenia,2030,100,Asia,23424743,Asia,Western Asia,2741625,1992536.0,2744839,99.88,72.59
Australia,2030,100,Oceania,-90,Oceania,Australia and New Zealand,110586,,27423565,0.4,
Azerbaijan,2030,100,Asia,23424741,Asia,Western Asia,2160967,134198.0,10543804,20.5,1.27
Belgium,2030,100,Europe,23424757,Europe,Western Europe,569618,,11942248,4.77,
Bolivia,2030,100,South America,23424762,Americas,South America,121364,,13501307,0.9,
Cameroon,2030,100,Africa,23424785,Africa,Middle Africa,12220187,11169125.0,33556897,36.42,33.28
Canada,2030,100,North America,23424775,Americas,Northern America,3242808,31220.0,38774851,8.36,0.08
Chad,2030,100,Africa,23424777,Africa,Middle Africa,73328,,22539137,0.33,
Chile,2030,100,South America,23424782,Americas,South America,12957757,3083992.0,19601948,66.1,15.73
China,2030,100,Asia,23424781,Asia,Eastern Asia,19921326,3680720.0,1395930095,1.43,0.26
Colombia,2030,100,South America,23424787,Americas,South America,12738028,11735383.0,53446895,23.83,21.96
Comoros,2030,100,Africa,23424786,Africa,Eastern Africa,736749,723742.0,781976,94.22,92.55
Costa Rica,2030,100,North America,23424791,Americas,Central America,5328034,5045678.0,5377339,99.08,93.83
Dem. Rep. Korea,2030,100,Asia,23424865,Asia,Eastern Asia,3779691,845604.0,25793847,14.65,3.28
Democratic Republic of the Congo,2030,100,Africa,23424780,Africa,Middle Africa,10159149,5194458.0,126796103,8.01,4.1
Djibouti,2030,100,Africa,23424797,Africa,Eastern Africa,956797,77496.0,956826,100.0,8.1
Dominica,2030,100,North America,23424798,Americas,Caribbean,60123,60123.0,60123,100.0,100.0
Ecuador,2030,100,South America,23424801,Americas,South America,9144867,8643122.0,18843251,48.53,45.87
El Salvador,2030,100,North America,23424807,Americas,Central America,6497563,6429999.0,6497521,100.0,98.96
Equatorial Guinea,2030,100,Africa,23424804,Africa,Middle Africa,855331,848676.0,1850668,46.22,45.86
Eritrea,2030,100,Africa,23424806,Africa,Eastern Africa,1185710,11005.0,4465164,26.55,0.25
Ethiopia,2030,100,Africa,23424808,Africa,Eastern Africa,64479050,17029937.0,148248060,43.49,11.49
Fiji,2030,100,Oceania,23424813,Oceania,Melanesia,18305,,875856,2.09,
France,2030,100,Europe,-90,Europe,Western Europe,3756288,1483354.0,66109535,5.68,2.24
French Polynesia,2030,100,Oceania,23424817,Oceania,Polynesia,182006,,206263,88.24,
French Southern and Antarctic Lands,2030,100,Seven seas (open ocean),28289406,Seven seas (open ocean),Seven seas (open ocean),0,,0,,
Georgia,2030,100,Asia,23424823,Asia,Western Asia,1834576,,3535756,51.89,
Germany,2030,100,Europe,23424829,Europe,Western Europe,7465182,,82670920,9.03,
Greece,2030,100,Europe,23424833,Europe,Southern Europe,3893491,37822.0,9386880,41.48,0.4
Grenada,2030,100,North America,23424826,Americas,Caribbean,100193,100193.0,100193,100.0,100.0
Guam,2030,100,Oceania,23424832,Oceania,Micronesia,158632,,167246,94.85,
Guatemala,2030,100,North America,23424834,Americas,Central America,16197958,14951053.0,19922498,81.3,75.05
Heard I. and McDonald Islands,2030,100,Seven seas (open ocean),28289411,Seven seas (open ocean),Seven seas (open ocean),0,,0,,
Honduras,2030,100,North America,23424841,Americas,Central America,8656210,1248773.0,11541015,75.0,10.82
Iceland,2030,100,Europe,23424845,Europe,Northern Europe,342114,60219.0,347395,98.48,17.33
India,2030,100,Asia,23424848,Asia,Southern Asia,1936,,1504379738,0.0,
Indonesia,2030,100,Asia,23424846,Asia,South-Eastern Asia,197145788,184016646.0,278872036,70.69,65.99
Iran,2030,100,Asia,23424851,Asia,Southern Asia,14279450,380211.0,92114187,15.5,0.41
Italy,2030,100,Europe,23424853,Europe,Southern Europe,14762166,8651216.0,56180449,26.28,15.4
Japan,2030,100,Asia,23424856,Asia,Eastern Asia,79394967,71653779.0,114705686,69.22,62.47
Jordan,2030,100,Asia,23424860,Asia,Western Asia,111939,,11907691,0.94,
Kenya,2030,100,Africa,23424863,Africa,Eastern Africa,39657006,74825.0,63160307,62.79,0.12
Luxembourg,2030,100,Europe,23424881,Europe,Western Europe,670613,,698485,96.01,
Malawi,2030,100,Africa,23424889,Africa,Eastern Africa,645869,645867.0,25135972,2.57,2.57
Mexico,2030,100,North America,23424900,Americas,Central America,65336116,42854117.0,133730796,48.86,32.05
Mongolia,2030,100,Asia,23424887,Asia,Eastern Asia,190308,,3739900,5.09,
Montserrat,2030,100,North America,23424888,Americas,Caribbean,2276,2276.0,2276,100.0,100.0
Myanmar,2030,100,Asia,23424763,Asia,South-Eastern Asia,4623289,53065.0,54787969,8.44,0.1
Netherlands,2030,100,Europe,-90,Europe,Western Europe,78449,5982.0,17734783,0.44,0.03
New Zealand,2030,100,Oceania,23424916,Oceania,Australia and New Zealand,2519738,533284.0,5051674,49.88,10.56
Nicaragua,2030,100,North America,23424915,Americas,Central America,5155357,5019994.0,7576781,68.04,66.25
Niger,2030,100,Africa,23424906,Africa,Western Africa,477871,,35238879,1.36,
Nigeria,2030,100,Africa,23424908,Africa,Western Africa,336016,336016.0,260518320,0.13,0.13
Northern Mariana Islands,2030,100,Oceania,23424788,Oceania,Micronesia,47675,0.0,47675,100.0,0.0
Norway,2030,100,Europe,-90,Europe,Northern Europe,47,,5030339,0.0,
Panama,2030,100,North America,23424924,Americas,Central America,837985,,4784654,17.51,
Papua New Guinea,2030,100,Oceania,23424926,Oceania,Melanesia,1925921,1698963.0,10711449,17.98,15.86
Peru,2030,100,South America,23424919,Americas,South America,3269552,1503198.0,35920724,9.1,4.18
Philippines,2030,100,Asia,23424934,Asia,South-Eastern Asia,93447904,74870751.0,117102352,79.8,63.94
Portugal,2030,100,Europe,23424925,Europe,Southern Europe,327747,125134.0,9078654,3.61,1.38
Republic of Cabo Verde,2030,100,Africa,23424794,Africa,Western Africa,338916,338916.0,563754,60.12,60.12
Republic of Korea,2030,100,Asia,23424868,Asia,Eastern Asia,14216745,,48087868,29.56,
Russian Federation,2030,100,Europe,23424936,Europe,Eastern Europe,3151467,264302.0,142842243,2.21,0.19
Rwanda,2030,100,Africa,23424937,Africa,Eastern Africa,11344647,6182080.0,16289584,69.64,37.95
Saint Helena,2030,100,Seven seas (open ocean),23424944,Africa,Western Africa,526,,3962,13.28,
Saint Kitts and Nevis,2030,100,North America,23424940,Americas,Caribbean,33112,33112.0,33112,100.0,100.0
Saint Lucia,2030,100,North America,23424951,Americas,Caribbean,149626,149626.0,149653,99.98,99.98
Saint Vincent and the Grenadines,2030,100,North America,23424981,Americas,Caribbean,50503,50503.0,50503,100.0,100.0
Saint-Barthélemy,2030,100,North America,56042304,Americas,Caribbean,8863,8863.0,8863,100.0,100.0
Saint-Martin,2030,100,North America,56042305,Americas,Caribbean,19172,19172.0,19172,100.0,100.0
Samoa,2030,100,Oceania,23424992,Oceania,Polynesia,180583,,180566,100.01,
Saudi Arabia,2030,100,Asia,23424938,Asia,Western Asia,2798745,,39673815,7.05,
Sint Maarten,2030,100,North America,-90,Americas,Caribbean,41298,41298.0,41298,100.0,100.0
Solomon Islands,2030,100,Oceania,23424766,Oceania,Melanesia,348793,323596.0,562073,62.05,57.57
Somaliland,2030,100,Africa,-99,Africa,Eastern Africa,14779,,5001721,0.3,
South Africa,2030,100,Africa,23424942,Africa,Southern Africa,0,,64231646,0.0,
South Georgia and the Islands,2030,100,Seven seas (open ocean),23424955,Seven seas (open ocean),Seven seas (open ocean),0,,0,,
South Sudan,2030,100,Africa,-99,Africa,Eastern Africa,2592,,12599986,0.02,
Spain,2030,100,Europe,23424950,Europe,Southern Europe,8974332,1084390.0,44874279,20.0,2.42
Sudan,2030,100,Africa,-90,Africa,Northern Africa,2996994,,57016946,5.26,
Syria,2030,100,Asia,23424956,Asia,Western Asia,304707,,29198146,1.04,
Taiwan,2030,100,Asia,23424971,Asia,Eastern Asia,12395860,,23520450,52.7,
Tanzania,2030,100,Africa,23424973,Africa,Eastern Africa,12000584,4833324.0,81407890,14.74,5.94
Timor-Leste,2030,100,Asia,23424968,Asia,South-Eastern Asia,36510,36510.0,1427033,2.56,2.56
Tonga,2030,100,Oceania,23424964,Oceania,Polynesia,96860,96860.0,96860,100.0,100.0
Tunisia,2030,100,Africa,23424967,Africa,Northern Africa,122468,,12010745,1.02,
Turkey,2030,100,Asia,23424969,Asia,Western Asia,13140391,687053.0,85567398,15.36,0.8
Uganda,2030,100,Africa,23424974,Africa,Eastern Africa,12356969,1467621.0,58491778,21.13,2.51
United States,2030,100,North America,23424977,Americas,Northern America,15166475,3509674.0,347044286,4.37,1.01
Vanuatu,2030,100,Oceania,23424907,Oceania,Melanesia,242174,147019.0,257696,93.98,57.05
Vatican,2030,100,Europe,23424986,Europe,Southern Europe,12537,,12537,100.0,
Vietnam,2030,100,Asia,23424984,Asia,South-Eastern Asia,2171910,,100063261,2.17,
Yemen,2030,100,Asia,23425002,Asia,Western Asia,26082109,14473930.0,39132275,66.65,36.99
Zambia,2030,100,Africa,23425003,Africa,Eastern Africa,125871,18987.0,24822620,0.51,0.08
Algeria,1975,300,Africa,23424740,Africa,Northern Africa,37098,,15239910,0.24,
American Samoa,1975,300,Oceania,23424746,Oceania,Polynesia,23913,23913.0,23913,100.0,100.0
Andorra,1975,300,Europe,23424744,Europe,Southern Europe,27609,,27609,100.0,
Anguilla,1975,300,North America,23424751,Americas,Caribbean,4279,4279.0,4279,100.0,100.0
Antarctica,1975,300,Antarctica,28289409,Antarctica,Antarctica,0,0.0,0,,
Antigua and Barbuda,1975,300,North America,23424737,Americas,Caribbean,59154,59154.0,59154,100.0,100.0
Argentina,1975,300,South America,23424747,Americas,South America,3901446,835232.0,25733508,15.16,3.25
Armenia,1975,300,Asia,23424743,Asia,Western Asia,2807804,2807804.0,2807804,100.0,100.0
Australia,1975,300,Oceania,-90,Oceania,Australia and New Zealand,3693091,,13577772,27.2,
Azerbaijan,1975,300,Asia,23424741,Asia,Western Asia,3899576,2393439.0,5843582,66.73,40.96
Bangladesh,1975,300,Asia,23424759,Asia,Southern Asia,7436,,72982624,0.01,
Barbados,1975,300,North America,23424754,Americas,Caribbean,165598,165589.0,165589,100.01,100.0
Belgium,1975,300,Europe,23424757,Europe,Western Europe,9679078,,9847512,98.29,
Belize,1975,300,North America,23424760,Americas,Central America,54614,4681.0,100813,54.17,4.64
Bolivia,1975,300,South America,23424762,Americas,South America,2334410,1249386.0,5111702,45.67,24.44
British Virgin Islands,1975,300,North America,23424983,Americas,Caribbean,7823,7823.0,7823,100.0,100.0
Burundi,1975,300,Africa,23424774,Africa,Eastern Africa,3780331,3668005.0,3780331,100.0,97.03
Cambodia,1975,300,Asia,23424776,Asia,South-Eastern Asia,25433,28.0,6661532,0.38,0.0
Cameroon,1975,300,Africa,23424785,Africa,Middle Africa,4738081,4708857.0,7355408,64.42,64.02
Canada,1975,300,North America,23424775,Americas,Northern America,2419632,296100.0,21614561,11.19,1.37
Central African Republic,1975,300,Africa,23424792,Africa,Middle Africa,3752,,2273157,0.17,
Chad,1975,300,Africa,23424777,Africa,Middle Africa,160887,,4153350,3.87,
Chile,1975,300,South America,23424782,Americas,South America,10113179,8911176.0,10414348,97.11,85.57
China,1975,300,Asia,23424781,Asia,Eastern Asia,108391102,22243029.0,907725877,11.94,2.45
Colombia,1975,300,South America,23424787,Americas,South America,16527524,16332547.0,23167003,71.34,70.5
Comoros,1975,300,Africa,23424786,Africa,Eastern Africa,229506,229506.0,229506,100.0,100.0
Costa Rica,1975,300,North America,23424791,Americas,Central America,2084332,2084337.0,2084331,100.0,100.0
Dem. Rep. Korea,1975,300,Asia,23424865,Asia,Eastern Asia,16036520,6023470.0,16347547,98.1,36.85
Democratic Republic of the Congo,1975,300,Africa,23424780,Africa,Middle Africa,5536188,3918049.0,22966572,24.11,17.06
Djibouti,1975,300,Africa,23424797,Africa,Eastern Africa,141979,141979.0,141979,100.0,100.0
Dominica,1975,300,North America,23424798,Americas,Caribbean,50988,50988.0,50988,100.0,100.0
Ecuador,1975,300,South America,23424801,Americas,South America,6780842,6781817.0,6834426,99.22,99.23
Egypt,1975,300,Africa,23424802,Africa,Northern Africa,1768,,37765477,0.0,
El Salvador,1975,300,North America,23424807,Americas,Central America,4033658,4033657.0,4033651,100.0,100.0
Equatorial Guinea,1975,300,Africa,23424804,Africa,Middle Africa,137941,111378.0,253357,54.45,43.96
Eritrea,1975,300,Africa,23424806,Africa,Eastern Africa,1307302,424943.0,1465137,89.23,29.0
Ethiopia,1975,300,Africa,23424808,Africa,Eastern Africa,27757897,23049534.0,32154678,86.33,71.68
Fiji,1975,300,Oceania,23424813,Oceania,Melanesia,0,,493430,0.0,
France,1975,300,Europe,-90,Europe,Western Europe,29789060,919370.0,52017895,57.27,1.77
French Polynesia,1975,300,Oceania,23424817,Oceania,Polynesia,87710,,95434,91.91,
French Southern and Antarctic Lands,1975,300,Seven seas (open ocean),28289406,Seven seas (open ocean),Seven seas (open ocean),0,,0,,
Gabon,1975,300,Africa,23424822,Africa,Middle Africa,164,,596067,0.03,
Georgia,1975,300,Asia,23424823,Asia,Western Asia,4896728,3045264.0,4896726,100.0,62.19
Germany,1975,300,Europe,23424829,Europe,Western Europe,41167640,,78419820,52.5,
Greece,1975,300,Europe,23424833,Europe,Southern Europe,5982387,4160246.0,8322448,71.88,49.99
Grenada,1975,300,North America,23424826,Americas,Caribbean,74701,74701.0,74701,100.0,100.0
Guam,1975,300,Oceania,23424832,Oceania,Micronesia,86084,,86086,100.0,
Guatemala,1975,300,North America,23424834,Americas,Central America,6179016,6172036.0,6180931,99.97,99.86
Heard I. and McDonald Islands,1975,300,Seven seas (open ocean),28289411,Seven seas (open ocean),Seven seas (open ocean),0,,0,,
Honduras,1975,300,North America,23424841,Americas,Central America,3153088,2913270.0,3186651,98.95,91.42
Iceland,1975,300,Europe,23424845,Europe,Northern Europe,185078,184924.0,185073,100.0,99.92
India,1975,300,Asia,23424848,Asia,Southern Asia,252074,2091.0,618398906,0.04,0.0
Indonesia,1975,300,Asia,23424846,Asia,South-Eastern Asia,114448091,114021164.0,125799636,90.98,90.64
Iran,1975,300,Asia,23424851,Asia,Southern Asia,13725314,1878042.0,32682757,42.0,5.75
Iraq,1975,300,Asia,23424855,Asia,Western Asia,1030919,6611.0,11617233,8.87,0.06
Israel,1975,300,Asia,23424852,Asia,Western Asia,2940280,,3012086,97.62,
Italy,1975,300,Europe,23424853,Europe,Southern Europe,27851068,23233001.0,53656399,51.91,43.3
Japan,1975,300,Asia,23424856,Asia,Eastern Asia,108305828,104852217.0,108328910,99.98,96.79
Jordan,1975,300,Asia,23424860,Asia,Western Asia,1842329,,1888946,97.53,
Kenya,1975,300,Africa,23424863,Africa,Eastern Africa,13608696,6919792.0,13679515,99.48,50.59
Lao PDR,1975,300,Asia,23424872,Asia,South-Eastern Asia,116233,,3000844,3.87,
Lebanon,1975,300,Asia,23424873,Asia,Western Asia,2011549,,2011549,100.0,
Libya,1975,300,Africa,23424882,Africa,Northern Africa,168,,2248282,0.01,
Luxembourg,1975,300,Europe,23424881,Europe,Western Europe,363630,,363630,100.0,
Madagascar,1975,300,Africa,23424883,Africa,Eastern Africa,13106,,7626273,0.17,
Malawi,1975,300,Africa,23424889,Africa,Eastern Africa,506795,506795.0,5291886,9.58,9.58
Malaysia,1975,300,Asia,23424901,Asia,South-Eastern Asia,345481,143817.0,10802585,3.2,1.33
Malta,1975,300,Europe,23424897,Europe,Southern Europe,301101,301101.0,301101,100.0,100.0
Mauritius,1975,300,Seven seas (open ocean),23424894,Africa,Eastern Africa,839860,839860.0,839860,100.0,100.0
Mexico,1975,300,North America,23424900,Americas,Central America,49058854,42838230.0,58404930,84.0,73.35
Mongolia,1975,300,Asia,23424887,Asia,Eastern Asia,508581,,1488981,34.16,
Montserrat,1975,300,North America,23424888,Americas,Caribbean,7058,7058.0,7058,100.0,100.0
Morocco,1975,300,Africa,23424893,Africa,Northern Africa,95164,76244.0,17346186,0.55,0.44
Mozambique,1975,300,Africa,23424902,Africa,Eastern Africa,629,629.0,9419459,0.01,0.01
Myanmar,1975,300,Asia,23424763,Asia,South-Eastern Asia,25083777,345321.0,29888741,83.92,1.16
Netherlands,1975,300,Europe,-90,Europe,Western Europe,11704442,2205.0,13456471,86.98,0.02
New Caledonia,1975,300,Oceania,23424903,Oceania,Melanesia,20539,20539.0,76942,26.69,26.69
New Zealand,1975,300,Oceania,23424916,Oceania,Australia and New Zealand,2195183,2037010.0,2865228,76.61,71.09
Nicaragua,1975,300,North America,23424915,Americas,Central America,2772239,2772069.0,2806779,98.77,98.76
Niger,1975,300,Africa,23424906,Africa,Western Africa,164381,,5377411,3.06,
Nigeria,1975,300,Africa,23424908,Africa,Western Africa,12423562,12153400.0,62274585,19.95,19.52
Northern Cyprus,1975,300,Asia,-90,Asia,Western Asia,5401,,253049,2.13,
Northern Mariana Islands,1975,300,Oceania,23424788,Oceania,Micronesia,13803,12668.0,13803,100.0,91.78
Norway,1975,300,Europe,-90,Europe,Northern Europe,19,,3420948,0.0,
Oman,1975,300,Asia,23424898,Asia,Western Asia,3601,,787093,0.46,
Palestine,1975,300,Asia,28289408,Asia,Western Asia,1116868,,1566906,71.28,
Panama,1975,300,North America,23424924,Americas,Central America,967863,327722.0,1689483,57.29,19.4
Papua New Guinea,1975,300,Oceania,23424926,Oceania,Melanesia,2251630,2251454.0,2485433,90.59,90.59
Peru,1975,300,South America,23424919,Americas,South America,3495359,2976667.0,15125014,23.11,19.68
Philippines,1975,300,Asia,23424934,Asia,South-Eastern Asia,35235647,35194725.0,37301877,94.46,94.35
Pitcairn Islands,1975,300,Oceania,23424918,Oceania,Polynesia,0,,0,,
Portugal,1975,300,Europe,23424925,Europe,Southern Europe,410907,172664.0,8444778,4.87,2.04
Puerto Rico,1975,300,North America,23424935,Americas,Caribbean,243521,11115.0,2910519,8.37,0.38
Republic of Cabo Verde,1975,300,Africa,23424794,Africa,Western Africa,257693,257693.0,257693,100.0,100.0
Republic of Korea,1975,300,Asia,23424868,Asia,Eastern Asia,33004105,2101811.0,33058628,99.84,6.36
Russian Federation,1975,300,Europe,23424936,Europe,Eastern Europe,11298349,396612.0,135604356,8.33,0.29
Rwanda,1975,300,Africa,23424937,Africa,Eastern Africa,4481014,4481014.0,4481014,100.0,100.0
Saint Helena,1975,300,Seven seas (open ocean),23424944,Africa,Western Africa,272,,5513,4.93,
Saint Kitts and Nevis,1975,300,North America,23424940,Americas,Caribbean,31083,31083.0,31083,100.0,100.0
Saint Lucia,1975,300,North America,23424951,Americas,Caribbean,94784,94784.0,94784,100.0,100.0
Saint Vincent and the Grenadines,1975,300,North America,23424981,Americas,Caribbean,51599,51599.0,51599,100.0,100.0
Saint-Barthélemy,1975,300,North America,56042304,Americas,Caribbean,1879,1879.0,1879,100.0,100.0
Saint-Martin,1975,300,North America,56042305,Americas,Caribbean,3439,3439.0,3439,100.0,100.0
Samoa,1975,300,Oceania,23424992,Oceania,Polynesia,110694,99824.0,110698,100.0,90.18
San Marino,1975,300,Europe,23424947,Europe,Southern Europe,19132,,19132,100.0,
Saudi Arabia,1975,300,Asia,23424938,Asia,Western Asia,4654029,839695.0,7743540,60.1,10.84
Sint Maarten,1975,300,North America,-90,Americas,Caribbean,8945,8945.0,8945,100.0,100.0
Solomon Islands,1975,300,Oceania,23424766,Oceania,Melanesia,117376,117436.0,118822,98.78,98.83
Somaliland,1975,300,Africa,-99,Africa,Eastern Africa,541258,272577.0,1049719,51.56,25.97
South Africa,1975,300,Africa,23424942,Africa,Southern Africa,0,,25622824,0.0,
South Georgia and the Islands,1975,300,Seven seas (open ocean),23424955,Seven seas (open ocean),Seven seas (open ocean),0,,0,,
South Sudan,1975,300,Africa,-99,Africa,Eastern Africa,3292,,3698944,0.09,
Spain,1975,300,Europe,23424950,Europe,Southern Europe,21434075,1214309.0,34148314,62.77,3.56
Sudan,1975,300,Africa,-90,Africa,Northern Africa,4514339,,13491117,33.46,
Switzerland,1975,300,Europe,23424957,Europe,Western Europe,908238,,6345354,14.31,
Syria,1975,300,Asia,23424956,Asia,Western Asia,5491789,,7343926,74.78,
São Tomé and Principe,1975,300,Africa,23424966,Africa,Middle Africa,4354,,77393,5.63,
Taiwan,1975,300,Asia,23424971,Asia,Eastern Asia,16032807,,16071792,99.76,
Tanzania,1975,300,Africa,23424973,Africa,Eastern Africa,11697870,7882960.0,16080327,72.75,49.02
Timor-Leste,1975,300,Asia,23424968,Asia,South-Eastern Asia,566886,566886.0,566888,100.0,100.0
Tonga,1975,300,Oceania,23424964,Oceania,Polynesia,64579,64579.0,64579,100.0,100.0
Trinidad and Tobago,1975,300,North America,23424958,Americas,Caribbean,1013376,1013376.0,1013376,100.0,100.0
Tunisia,1975,300,Africa,23424967,Africa,Northern Africa,3797094,,5311003,71.49,
Turkey,1975,300,Asia,23424969,Asia,Western Asia,33694784,5433894.0,38228403,88.14,14.21
Turkmenistan,1975,300,Asia,23424972,Asia,Central Asia,17361,,2543153,0.68,
Uganda,1975,300,Africa,23424974,Africa,Eastern Africa,10248533,3291003.0,11818130,86.72,27.85
United States,1975,300,North America,23424977,Americas,Northern America,35652518,5866829.0,207883973,17.15,2.82
United States Virgin Islands,1975,300,North America,23424985,Americas,Caribbean,62752,62752.0,62752,100.0,100.0
Vanuatu,1975,300,Oceania,23424907,Oceania,Melanesia,64616,64616.0,64617,100.0,100.0
Vatican,1975,300,Europe,23424986,Europe,Southern Europe,10568,10568.0,10568,100.0,100.0
Venezuela,1975,300,South America,23424982,Americas,South America,361163,322793.0,12674264,2.85,2.55
Vietnam,1975,300,Asia,23424984,Asia,South-Eastern Asia,13292290,8206975.0,45395442,29.28,18.08
Wallis and Futuna Islands,1975,300,Oceania,23424989,Oceania,Polynesia,4806,2117.0,4806,100.0,44.05
Yemen,1975,300,Asia,23425002,Asia,Western Asia,7695912,7090107.0,7714306,99.76,91.91
Zambia,1975,300,Africa,23425003,Africa,Eastern Africa,319443,266011.0,4837340,6.6,5.5
Algeria,1980,300,Africa,23424740,Africa,Northern Africa,46929,,18186321,0.26,
American Samoa,1980,300,Oceania,23424746,Oceania,Polynesia,26529,26529.0,26529,100.0,100.0
Andorra,1980,300,Europe,23424744,Europe,Southern Europe,35551,,35551,100.0,
Anguilla,1980,300,North America,23424751,Americas,Caribbean,4407,4407.0,4407,100.0,100.0
Antarctica,1980,300,Antarctica,28289409,Antarctica,Antarctica,0,0.0,0,,
Antigua and Barbuda,1980,300,North America,23424737,Americas,Caribbean,59505,59505.0,59505,100.0,100.0
Argentina,1980,300,South America,23424747,Americas,South America,4363490,933540.0,27876097,15.65,3.35
Armenia,1980,300,Asia,23424743,Asia,Western Asia,3110303,3110303.0,3110303,100.0,100.0
Australia,1980,300,Oceania,-90,Oceania,Australia and New Zealand,3848254,,14366661,26.79,
Azerbaijan,1980,300,Asia,23424741,Asia,Western Asia,4154135,2540118.0,6296856,65.97,40.34
Bangladesh,1980,300,Asia,23424759,Asia,Southern Asia,8951,,82030502,0.01,
Barbados,1980,300,North America,23424754,Americas,Caribbean,170792,170783.0,170783,100.01,100.0
Belgium,1980,300,Europe,23424757,Europe,Western Europe,9750418,,9914629,98.34,
Belize,1980,300,North America,23424760,Americas,Central America,63895,5452.0,113704,56.19,4.79
Bolivia,1980,300,South America,23424762,Americas,South America,2574099,1390160.0,5716103,45.03,24.32
British Virgin Islands,1980,300,North America,23424983,Americas,Caribbean,8396,8396.0,8396,100.0,100.0
Burundi,1980,300,Africa,23424774,Africa,Eastern Africa,4348738,4221124.0,4348738,100.0,97.07
Cambodia,1980,300,Asia,23424776,Asia,South-Eastern Asia,26019,30.0,6157679,0.42,0.0
Cameroon,1980,300,Africa,23424785,Africa,Middle Africa,5454305,5416649.0,8458431,64.48,64.04
Canada,1980,300,North America,23424775,Americas,Northern America,2613172,319538.0,22947818,11.39,1.39
Central African Republic,1980,300,Africa,23424792,Africa,Middle Africa,3604,,2406849,0.15,
Chad,1980,300,Africa,23424777,Africa,Middle Africa,180747,,4487371,4.03,
Chile,1980,300,South America,23424782,Americas,South America,10924500,9688408.0,11239991,97.19,86.2
China,1980,300,Asia,23424781,Asia,Eastern Asia,117037885,23894150.0,974232513,12.01,2.45
Colombia,1980,300,South America,23424787,Americas,South America,18472749,18251358.0,25891610,71.35,70.49
Comoros,1980,300,Africa,23424786,Africa,Eastern Africa,268089,268089.0,268089,100.0,100.0
Costa Rica,1980,300,North America,23424791,Americas,Central America,2383965,2383972.0,2383964,100.0,100.0
Dem. Rep. Korea,1980,300,Asia,23424865,Asia,Eastern Asia,17155044,6324276.0,17508458,97.98,36.12
Democratic Republic of the Congo,1980,300,Africa,23424780,Africa,Middle Africa,6292946,4446378.0,26565424,23.69,16.74
Djibouti,1980,300,Africa,23424797,Africa,Eastern Africa,236115,236115.0,236114,100.0,100.0
Dominica,1980,300,North America,23424798,Americas,Caribbean,52481,52481.0,52481,100.0,100.0
Ecuador,1980,300,South America,23424801,Americas,South America,7755350,7756568.0,7813742,99.25,99.27
Egypt,1980,300,Africa,23424802,Africa,Northern Africa,1985,,42621366,0.0,
El Salvador,1980,300,North America,23424807,Americas,Central America,4461027,4461025.0,4461019,100.0,100.0
Equatorial Guinea,1980,300,Africa,23424804,Africa,Middle Africa,143774,117540.0,253779,56.65,46.32
Eritrea,1980,300,Africa,23424806,Africa,Eastern Africa,1485645,511996.0,1672023,88.85,30.62
Ethiopia,1980,300,Africa,23424808,Africa,Eastern Africa,30136076,25070017.0,34843728,86.49,71.95
Fiji,1980,300,Oceania,23424813,Oceania,Melanesia,0,,553879,0.0,
France,1980,300,Europe,-90,Europe,Western Europe,30636797,968283.0,53320757,57.46,1.82
French Polynesia,1980,300,Oceania,23424817,Oceania,Polynesia,102545,,111178,92.23,
French Southern and Antarctic Lands,1980,300,Seven seas (open ocean),28289406,Seven seas (open ocean),Seven seas (open ocean),0,,0,,
Gabon,1980,300,Africa,23424822,Africa,Middle Africa,254,,656402,0.04,
Georgia,1980,300,Asia,23424823,Asia,Western Asia,5064455,3180846.0,5064454,100.0,62.81
Germany,1980,300,Europe,23424829,Europe,Western Europe,40905230,,77701260,52.64,
Greece,1980,300,Europe,23424833,Europe,Southern Europe,6312141,4444050.0,8755417,72.09,50.76
Grenada,1980,300,North America,23424826,Americas,Caribbean,72402,72402.0,72402,100.0,100.0
Guam,1980,300,Oceania,23424832,Oceania,Micronesia,101631,,101632,100.0,
Guatemala,1980,300,North America,23424834,Americas,Central America,6961467,6953090.0,6963739,99.97,99.85
Heard I. and McDonald Islands,1980,300,Seven seas (open ocean),28289411,Seven seas (open ocean),Seven seas (open ocean),0,,0,,
Honduras,1980,300,North America,23424841,Americas,Central America,3686272,3408442.0,3725583,98.94,91.49
Iceland,1980,300,Europe,23424845,Europe,Northern Europe,195222,195048.0,195218,100.0,99.91
India,1980,300,Asia,23424848,Asia,Southern Asia,272982,2386.0,691061567,0.04,0.0
Indonesia,1980,300,Asia,23424846,Asia,South-Eastern Asia,128891972,128402994.0,142104549,90.7,90.36
Iran,1980,300,Asia,23424851,Asia,Southern Asia,16062248,2211872.0,38311825,41.93,5.77
Iraq,1980,300,Asia,23424855,Asia,Western Asia,1241902,8953.0,13653057,9.1,0.07
Israel,1980,300,Asia,23424852,Asia,Western Asia,3230085,,3310955,97.56,
Italy,1980,300,Europe,23424853,Europe,Southern Europe,28545391,23808384.0,54866930,52.03,43.39
Japan,1980,300,Asia,23424856,Asia,Eastern Asia,113362116,109753107.0,113385116,99.98,96.8
Jordan,1980,300,Asia,23424860,Asia,Western Asia,2168200,,2219813,97.67,
Kenya,1980,300,Africa,23424863,Africa,Eastern Africa,16113826,8106726.0,16209779,99.41,50.01
Lao PDR,1980,300,Asia,23424872,Asia,South-Eastern Asia,133304,,3286065,4.06,
Lebanon,1980,300,Asia,23424873,Asia,Western Asia,2277079,,2277079,100.0,
Libya,1980,300,Africa,23424882,Africa,Northern Africa,215,,2908174,0.01,
Luxembourg,1980,300,Europe,23424881,Europe,Western Europe,372635,,372635,100.0,
Madagascar,1980,300,Africa,23424883,Africa,Eastern Africa,15792,,8836420,0.18,
Malawi,1980,300,Africa,23424889,Africa,Eastern Africa,606043,606043.0,6285896,9.64,9.64
Malaysia,1980,300,Asia,23424901,Asia,South-Eastern Asia,387284,163608.0,12312639,3.15,1.33
Malta,1980,300,Europe,23424897,Europe,Southern Europe,313584,313584.0,313584,100.0,100.0
Mauritius,1980,300,Seven seas (open ocean),23424894,Africa,Eastern Africa,902536,902536.0,902536,100.0,100.0
Mexico,1980,300,North America,23424900,Americas,Central America,56562315,49408863.0,67382114,83.94,73.33
Mongolia,1980,300,Asia,23424887,Asia,Eastern Asia,564825,,1700605,33.21,
Montserrat,1980,300,North America,23424888,Americas,Caribbean,6967,6967.0,6967,100.0,100.0
Morocco,1980,300,Africa,23424893,Africa,Northern Africa,137742,109745.0,19726178,0.7,0.56
Mozambique,1980,300,Africa,23424902,Africa,Eastern Africa,753,753.0,11051973,0.01,0.01
Myanmar,1980,300,Asia,23424763,Asia,South-Eastern Asia,26201987,569517.0,32790222,79.91,1.74
Netherlands,1980,300,Europe,-90,Europe,Western Europe,12079044,2407.0,13914666,86.81,0.02
New Caledonia,1980,300,Oceania,23424903,Oceania,Melanesia,18987,18987.0,82060,23.14,23.14
New Zealand,1980,300,Oceania,23424916,Oceania,Australia and New Zealand,2248862,2095760.0,2916549,77.11,71.86
Nicaragua,1980,300,North America,23424915,Americas,Central America,3201058,3200834.0,3245388,98.63,98.63
Niger,1980,300,Africa,23424906,Africa,Western Africa,187165,,6213220,3.01,
Nigeria,1980,300,Africa,23424908,Africa,Western Africa,14375012,14073096.0,72288859,19.89,19.47
Northern Cyprus,1980,300,Asia,-90,Asia,Western Asia,5531,,255341,2.17,
Northern Mariana Islands,1980,300,Oceania,23424788,Oceania,Micronesia,16041,14971.0,16041,100.0,93.33
Norway,1980,300,Europe,-90,Europe,Northern Europe,20,,3487029,0.0,
Oman,1980,300,Asia,23424898,Asia,Western Asia,4273,,1022865,0.42,
Palestine,1980,300,Asia,28289408,Asia,Western Asia,1283946,,1801805,71.26,
Panama,1980,300,North America,23424924,Americas,Central America,1074688,374889.0,1908015,56.32,19.65
Papua New Guinea,1980,300,Oceania,23424926,Oceania,Melanesia,2506875,2506665.0,2766106,90.63,90.62
Peru,1980,300,South America,23424919,Americas,South America,3891459,3308216.0,17131969,22.71,19.31
Philippines,1980,300,Asia,23424934,Asia,South-Eastern Asia,40924628,40867362.0,42860071,95.48,95.35
Pitcairn Islands,1980,300,Oceania,23424918,Oceania,Polynesia,0,,0,,
Portugal,1980,300,Europe,23424925,Europe,Southern Europe,420024,177300.0,8934426,4.7,1.98
Puerto Rico,1980,300,North America,23424935,Americas,Caribbean,281162,11682.0,3148509,8.93,0.37
Republic of Cabo Verde,1980,300,Africa,23424794,Africa,Western Africa,267036,267036.0,267036,100.0,100.0
Republic of Korea,1980,300,Asia,23424868,Asia,Eastern Asia,35179108,2449387.0,35228364,99.86,6.95
Russian Federation,1980,300,Europe,23424936,Europe,Eastern Europe,11691005,418318.0,140104599,8.34,0.3
Rwanda,1980,300,Africa,23424937,Africa,Eastern Africa,5206798,5206798.0,5206798,100.0,100.0
Saint Helena,1980,300,Seven seas (open ocean),23424944,Africa,Western Africa,304,,5718,5.32,
Saint Kitts and Nevis,1980,300,North America,23424940,Americas,Caribbean,30396,30396.0,30396,100.0,100.0
Saint Lucia,1980,300,North America,23424951,Americas,Caribbean,103397,103397.0,103397,100.0,100.0
Saint Vincent and the Grenadines,1980,300,North America,23424981,Americas,Caribbean,53740,53740.0,53740,100.0,100.0
Saint-Barthélemy,1980,300,North America,56042304,Americas,Caribbean,2250,2250.0,2250,100.0,100.0
Saint-Martin,1980,300,North America,56042305,Americas,Caribbean,4117,4117.0,4117,100.0,100.0
Samoa,1980,300,Oceania,23424992,Oceania,Polynesia,118271,106764.0,118275,100.0,90.27
San Marino,1980,300,Europe,23424947,Europe,Southern Europe,20557,,20557,100.0,
Saudi Arabia,1980,300,Asia,23424938,Asia,Western Asia,5867142,1013865.0,9972393,58.83,10.17
Sint Maarten,1980,300,North America,-90,Americas,Caribbean,11635,11635.0,11635,100.0,100.0
Solomon Islands,1980,300,Oceania,23424766,Oceania,Melanesia,139772,139839.0,141491,98.79,98.83
Somaliland,1980,300,Africa,-99,Africa,Eastern Africa,711297,385234.0,1434335,49.59,26.86
South Africa,1980,300,Africa,23424942,Africa,Southern Africa,0,,29283822,0.0,
South Georgia and the Islands,1980,300,Seven seas (open ocean),23424955,Seven seas (open ocean),Seven seas (open ocean),0,,0,,
South Sudan,1980,300,Africa,-99,Africa,Eastern Africa,6664,,4169511,0.16,
Spain,1980,300,Europe,23424950,Europe,Southern Europe,22677440,1322059.0,35808890,63.33,3.69
Sudan,1980,300,Africa,-90,Africa,Northern Africa,5640931,,16661009,33.86,
Switzerland,1980,300,Europe,23424957,Europe,Western Europe,898173,,6327624,14.19,
Syria,1980,300,Asia,23424956,Asia,Western Asia,6591188,,8713011,75.65,
São Tomé and Principe,1980,300,Africa,23424966,Africa,Middle Africa,4667,,87524,5.33,
Taiwan,1980,300,Asia,23424971,Asia,Eastern Asia,17564198,,17601805,99.79,
Tanzania,1980,300,Africa,23424973,Africa,Eastern Africa,13819388,9223595.0,19107591,72.32,48.27
Timor-Leste,1980,300,Asia,23424968,Asia,South-Eastern Asia,607671,607671.0,607673,100.0,100.0
Tonga,1980,300,Oceania,23424964,Oceania,Polynesia,68723,68723.0,68723,100.0,100.0
Trinidad and Tobago,1980,300,North America,23424958,Americas,Caribbean,1086311,1086311.0,1086311,100.0,100.0
Tunisia,1980,300,Africa,23424967,Africa,Northern Africa,4336068,,6056603,71.59,
Turkey,1980,300,Asia,23424969,Asia,Western Asia,37589167,5943505.0,42392553,88.67,14.02
Turkmenistan,1980,300,Asia,23424972,Asia,Central Asia,19424,,2882415,0.67,
Uganda,1980,300,Africa,23424974,Africa,Eastern Africa,11662969,3690395.0,13382122,87.15,27.58
United States,1980,300,North America,23424977,Americas,Northern America,40075893,6649986.0,219655415,18.24,3.03
United States Virgin Islands,1980,300,North America,23424985,Americas,Caribbean,74680,74680.0,74680,100.0,100.0
Vanuatu,1980,300,Oceania,23424907,Oceania,Melanesia,74972,74972.0,74973,100.0,100.0
Vatican,1980,300,Europe,23424986,Europe,Southern Europe,10848,10848.0,10848,100.0,100.0
Venezuela,1980,300,South America,23424982,Americas,South America,413789,369052.0,14632177,2.83,2.52
Vietnam,1980,300,Asia,23424984,Asia,South-Eastern Asia,15387315,9634670.0,51219782,30.04,18.81
Wallis and Futuna Islands,1980,300,Oceania,23424989,Oceania,Polynesia,5573,2515.0,5573,100.0,45.13
Yemen,1980,300,Asia,23425002,Asia,Western Asia,9028196,8329701.0,9049730,99.76,92.04
Zambia,1980,300,Africa,23425003,Africa,Eastern Africa,382131,315838.0,5652606,6.76,5.59
Algeria,1985,300,Africa,23424740,Africa,Northern Africa,59134,,21517617,0.27,
American Samoa,1985,300,Oceania,23424746,Oceania,Polynesia,32412,32412.0,32412,100.0,100.0
Andorra,1985,300,Europe,23424744,Europe,Southern Europe,43708,,43708,100.0,
Anguilla,1985,300,North America,23424751,Americas,Caribbean,4670,4670.0,4670,100.0,100.0
Antarctica,1985,300,Antarctica,28289409,Antarctica,Antarctica,0,0.0,0,,
Antigua and Barbuda,1985,300,North America,23424737,Americas,Caribbean,59216,59216.0,59216,100.0,100.0
Argentina,1985,300,South America,23424747,Americas,South America,4904138,1056956.0,30124580,16.28,3.51
Armenia,1985,300,Asia,23424743,Asia,Western Asia,3274492,3274492.0,3274492,100.0,100.0
Australia,1985,300,Oceania,-90,Oceania,Australia and New Zealand,4052712,,15406985,26.3,
Azerbaijan,1985,300,Asia,23424741,Asia,Western Asia,4532138,2754962.0,6798331,66.67,40.52
Bangladesh,1985,300,Asia,23424759,Asia,Southern Asia,10874,,93842342,0.01,
Barbados,1985,300,North America,23424754,Americas,Caribbean,174481,174473.0,174473,100.0,100.0
Belgium,1985,300,Europe,23424757,Europe,Western Europe,9802716,,9966394,98.36,
Belize,1985,300,North America,23424760,Americas,Central America,76010,6509.0,130336,58.32,4.99
Bolivia,1985,300,South America,23424762,Americas,South America,2810831,1533648.0,6362922,44.18,24.1
British Virgin Islands,1985,300,North America,23424983,Americas,Caribbean,9869,9869.0,9869,100.0,100.0
Burundi,1985,300,Africa,23424774,Africa,Eastern Africa,4993001,4846715.0,4993001,100.0,97.07
Cambodia,1985,300,Asia,23424776,Asia,South-Eastern Asia,34725,37.0,7328848,0.47,0.0
Cameroon,1985,300,Africa,23424785,Africa,Middle Africa,6262700,6215305.0,9716254,64.46,63.97
Canada,1985,300,North America,23424775,Americas,Northern America,2780872,340783.0,24246815,11.47,1.41
Central African Republic,1985,300,Africa,23424792,Africa,Middle Africa,3410,,2546976,0.13,
Chad,1985,300,Africa,23424777,Africa,Middle Africa,213417,,5055962,4.22,
Chile,1985,300,South America,23424782,Americas,South America,11740699,10448047.0,12087334,97.13,86.44
China,1985,300,Asia,23424781,Asia,Eastern Asia,126700903,25647161.0,1051060826,12.05,2.44
Colombia,1985,300,South America,23424787,Americas,South America,20629782,20379351.0,28985174,71.17,70.31
Comoros,1985,300,Africa,23424786,Africa,Eastern Africa,305147,305147.0,305147,100.0,100.0
Costa Rica,1985,300,North America,23424791,Americas,Central America,2737662,2737669.0,2737660,100.0,100.0
Dem. Rep. Korea,1985,300,Asia,23424865,Asia,Eastern Asia,18376737,6667670.0,18749925,98.01,35.56
Democratic Republic of the Congo,1985,300,Africa,23424780,Africa,Middle Africa,7069476,4994002.0,30606606,23.1,16.32
Djibouti,1985,300,Africa,23424797,Africa,Eastern Africa,280455,280455.0,280455,100.0,100.0
Dominica,1985,300,North America,23424798,Americas,Caribbean,51589,51589.0,51589,100.0,100.0
Ecuador,1985,300,South America,23424801,Americas,South America,8816873,8818328.0,8880615,99.28,99.3
Egypt,1985,300,Africa,23424802,Africa,Northern Africa,2272,,48775864,0.0,
El Salvador,1985,300,North America,23424807,Americas,Central America,4825308,4825305.0,4825299,100.0,100.0
Equatorial Guinea,1985,300,Africa,23424804,Africa,Middle Africa,188193,150044.0,343785,54.74,43.64
Eritrea,1985,300,Africa,23424806,Africa,Eastern Africa,1692909,616742.0,1912815,88.5,32.24
Ethiopia,1985,300,Africa,23424808,Africa,Eastern Africa,34794902,29003217.0,40165834,86.63,72.21
Fiji,1985,300,Oceania,23424813,Oceania,Melanesia,0,,627396,0.0,
France,1985,300,Europe,-90,Europe,Western Europe,31407900,1051683.0,54798743,57.32,1.92
French Polynesia,1985,300,Oceania,23424817,Oceania,Polynesia,117393,,126828,92.56,
French Southern and Antarctic Lands,1985,300,Seven seas (open ocean),28289406,Seven seas (open ocean),Seven seas (open ocean),0,,0,,
Gabon,1985,300,Africa,23424822,Africa,Middle Africa,328,,747514,0.04,
Georgia,1985,300,Asia,23424823,Asia,Western Asia,5252352,3325655.0,5252350,100.0,63.32
Germany,1985,300,Europe,23424829,Europe,Western Europe,40793476,,77551622,52.6,
Greece,1985,300,Europe,23424833,Europe,Southern Europe,6631852,4626270.0,9223831,71.9,50.16
Grenada,1985,300,North America,23424826,Americas,Caribbean,76563,76563.0,76563,100.0,100.0
Guam,1985,300,Oceania,23424832,Oceania,Micronesia,114195,,114196,100.0,
Guatemala,1985,300,North America,23424834,Americas,Central America,7899242,7889227.0,7902073,99.96,99.84
Heard I. and McDonald Islands,1985,300,Seven seas (open ocean),28289411,Seven seas (open ocean),Seven seas (open ocean),0,,0,,
Honduras,1985,300,North America,23424841,Americas,Central America,4281474,3961737.0,4327092,98.95,91.56
Iceland,1985,300,Europe,23424845,Europe,Northern Europe,207119,206931.0,207115,100.0,99.91
India,1985,300,Asia,23424848,Asia,Southern Asia,296389,2737.0,773852012,0.04,0.0
Indonesia,1985,300,Asia,23424846,Asia,South-Eastern Asia,143813561,143254390.0,159100848,90.39,90.04
Iran,1985,300,Asia,23424851,Asia,Southern Asia,19382130,2720440.0,46998945,41.24,5.79
Iraq,1985,300,Asia,23424855,Asia,Western Asia,1484459,12117.0,15754067,9.42,0.08
Israel,1985,300,Asia,23424852,Asia,Western Asia,3591571,,3683786,97.5,
Italy,1985,300,Europe,23424853,Europe,Southern Europe,28812466,24041270.0,55173178,52.22,43.57
Japan,1985,300,Asia,23424856,Asia,Eastern Asia,116763627,113093855.0,116786201,99.98,96.84
Jordan,1985,300,Asia,23424860,Asia,Western Asia,2687722,,2753835,97.6,
Kenya,1985,300,Africa,23424863,Africa,Eastern Africa,19333105,9688414.0,19467408,99.31,49.77
Lao PDR,1985,300,Asia,23424872,Asia,South-Eastern Asia,159577,,3728996,4.28,
Lebanon,1985,300,Asia,23424873,Asia,Western Asia,2593004,,2593004,100.0,
Libya,1985,300,Africa,23424882,Africa,Northern Africa,265,,3619053,0.01,
Luxembourg,1985,300,Europe,23424881,Europe,Western Europe,374829,,374829,100.0,
Madagascar,1985,300,Africa,23424883,Africa,Eastern Africa,18914,,10166517,0.19,
Malawi,1985,300,Africa,23424889,Africa,Eastern Africa,747378,747378.0,7647757,9.77,9.77
Malaysia,1985,300,Asia,23424901,Asia,South-Eastern Asia,436573,187160.0,14124608,3.09,1.33
Malta,1985,300,Europe,23424897,Europe,Southern Europe,327466,327466.0,327466,100.0,100.0
Mauritius,1985,300,Seven seas (open ocean),23424894,Africa,Eastern Africa,969267,969267.0,969267,100.0,100.0
Mexico,1985,300,North America,23424900,Americas,Central America,62696349,54642391.0,74520620,84.13,73.33
Mongolia,1985,300,Asia,23424887,Asia,Eastern Asia,625913,,1922001,32.57,
Montserrat,1985,300,North America,23424888,Americas,Caribbean,6665,6665.0,6665,100.0,100.0
Morocco,1985,300,Africa,23424893,Africa,Northern Africa,172301,142877.0,22396822,0.77,0.64
Mozambique,1985,300,Africa,23424902,Africa,Eastern Africa,817,817.0,12286369,0.01,0.01
Myanmar,1985,300,Asia,23424763,Asia,South-Eastern Asia,26884157,913940.0,35919178,74.85,2.54
Netherlands,1985,300,Europe,-90,Europe,Western Europe,12393283,2528.0,14296303,86.69,0.02
New Caledonia,1985,300,Oceania,23424903,Oceania,Melanesia,18063,18063.0,88381,20.44,20.44
New Zealand,1985,300,Oceania,23424916,Oceania,Australia and New Zealand,2351197,2193009.0,3032381,77.54,72.32
Nicaragua,1985,300,North America,23424915,Americas,Central America,3642075,3641779.0,3698122,98.48,98.48
Niger,1985,300,Africa,23424906,Africa,Western Africa,214565,,7230201,2.97,
Nigeria,1985,300,Africa,23424908,Africa,Western Africa,16361295,16028040.0,82832786,19.75,19.35
Northern Cyprus,1985,300,Asia,-90,Asia,Western Asia,5934,,266255,2.23,
Northern Mariana Islands,1985,300,Oceania,23424788,Oceania,Micronesia,29074,26868.0,29074,100.0,92.41
Norway,1985,300,Europe,-90,Europe,Northern Europe,21,,3548685,0.0,
Oman,1985,300,Asia,23424898,Asia,Western Asia,5042,,1359409,0.37,
Palestine,1985,300,Asia,28289408,Asia,Western Asia,1523743,,2131482,71.49,
Panama,1985,300,North America,23424924,Americas,Central America,1174588,421212.0,2145035,54.76,19.64
Papua New Guinea,1985,300,Oceania,23424926,Oceania,Melanesia,2788001,2787748.0,3077020,90.61,90.6
Peru,1985,300,South America,23424919,Americas,South America,4366755,3698366.0,19327984,22.59,19.13
Philippines,1985,300,Asia,23424934,Asia,South-Eastern Asia,46985483,46910289.0,48780885,96.32,96.17
Pitcairn Islands,1985,300,Oceania,23424918,Oceania,Polynesia,0,,0,,
Portugal,1985,300,Europe,23424925,Europe,Southern Europe,435510,180659.0,9118574,4.78,1.98
Puerto Rico,1985,300,North America,23424935,Americas,Caribbean,362995,10025.0,3341721,10.86,0.3
Republic of Cabo Verde,1985,300,Africa,23424794,Africa,Western Africa,285081,285081.0,285081,100.0,100.0
Republic of Korea,1985,300,Asia,23424868,Asia,Eastern Asia,38102303,2863444.0,38148247,99.88,7.51
Russian Federation,1985,300,Europe,23424936,Europe,Eastern Europe,12266788,428665.0,144805179,8.47,0.3
Rwanda,1985,300,Africa,23424937,Africa,Eastern Africa,6215761,6215761.0,6215761,100.0,100.0
Saint Helena,1985,300,Seven seas (open ocean),23424944,Africa,Western Africa,340,,5896,5.77,
Saint Kitts and Nevis,1985,300,North America,23424940,Americas,Caribbean,29591,29591.0,29591,100.0,100.0
Saint Lucia,1985,300,North America,23424951,Americas,Caribbean,112706,112706.0,112706,100.0,100.0
Saint Vincent and the Grenadines,1985,300,North America,23424981,Americas,Caribbean,55881,55881.0,55881,100.0,100.0
Saint-Barthélemy,1985,300,North America,56042304,Americas,Caribbean,3108,3108.0,3108,100.0,100.0
Saint-Martin,1985,300,North America,56042305,Americas,Caribbean,8473,8473.0,8473,100.0,100.0
Samoa,1985,300,Oceania,23424992,Oceania,Polynesia,120277,108871.0,120282,100.0,90.51
San Marino,1985,300,Europe,23424947,Europe,Southern Europe,21364,,21364,100.0,
Saudi Arabia,1985,300,Asia,23424938,Asia,Western Asia,7240363,1177438.0,12633947,57.31,9.32
Sint Maarten,1985,300,North America,-90,Americas,Caribbean,19582,19582.0,19582,100.0,100.0
Solomon Islands,1985,300,Oceania,23424766,Oceania,Melanesia,167524,167597.0,169568,98.79,98.84
Somaliland,1985,300,Africa,-99,Africa,Eastern Africa,814201,419681.0,1606048,50.7,26.13
South Africa,1985,300,Africa,23424942,Africa,Southern Africa,0,,33543418,0.0,
South Georgia and the Islands,1985,300,Seven seas (open ocean),23424955,Seven seas (open ocean),Seven seas (open ocean),0,,0,,
South Sudan,1985,300,Africa,-99,Africa,Eastern Africa,14161,,4680935,0.3,
Spain,1985,300,Europe,23424950,Europe,Southern Europe,23429187,1376147.0,36732448,63.78,3.75
Sudan,1985,300,Africa,-90,Africa,Northern Africa,6703558,,19502363,34.37,
Switzerland,1985,300,Europe,23424957,Europe,Western Europe,982230,,6479492,15.16,
Syria,1985,300,Asia,23424956,Asia,Western Asia,7830372,,10318149,75.89,
São Tomé and Principe,1985,300,Africa,23424966,Africa,Middle Africa,4856,,96073,5.05,
Taiwan,1985,300,Asia,23424971,Asia,Eastern Asia,18951674,,18988313,99.81,
Tanzania,1985,300,Africa,23424973,Africa,Eastern Africa,16103962,10668650.0,22351610,72.05,47.73
Timor-Leste,1985,300,Asia,23424968,Asia,South-Eastern Asia,646482,646482.0,646485,100.0,100.0
Tonga,1985,300,Oceania,23424964,Oceania,Polynesia,70838,70838.0,70838,100.0,100.0
Trinidad and Tobago,1985,300,North America,23424958,Americas,Caribbean,1154938,1154938.0,1154938,100.0,100.0
Tunisia,1985,300,Africa,23424967,Africa,Northern Africa,4942853,,6884297,71.8,
Turkey,1985,300,Asia,23424969,Asia,Western Asia,42076945,6594475.0,47174218,89.19,13.98
Turkmenistan,1985,300,Asia,23424972,Asia,Central Asia,21748,,3261951,0.67,
Uganda,1985,300,Africa,23424974,Africa,Eastern Africa,13260587,4101313.0,15149826,87.53,27.07
United States,1985,300,North America,23424977,Americas,Northern America,44600480,7097407.0,231451497,19.27,3.07
United States Virgin Islands,1985,300,North America,23424985,Americas,Caribbean,78773,78773.0,78773,100.0,100.0
Vanuatu,1985,300,Oceania,23424907,Oceania,Melanesia,85314,85314.0,85315,100.0,100.0
Vatican,1985,300,Europe,23424986,Europe,Southern Europe,11305,11305.0,11305,100.0,100.0
Venezuela,1985,300,South America,23424982,Americas,South America,483343,430108.0,16737464,2.89,2.57
Vietnam,1985,300,Asia,23424984,Asia,South-Eastern Asia,17550056,11043584.0,57883487,30.32,19.08
Wallis and Futuna Islands,1985,300,Oceania,23424989,Oceania,Polynesia,6271,2900.0,6271,100.0,46.24
Yemen,1985,300,Asia,23425002,Asia,Western Asia,10838505,10018099.0,10863959,99.77,92.21
Zambia,1985,300,Africa,23425003,Africa,Eastern Africa,476627,391020.0,6632179,7.19,5.9
Algeria,1990,300,Africa,23424740,Africa,Northern Africa,72540,,24837478,0.29,
American Samoa,1990,300,Oceania,23424746,Oceania,Polynesia,39338,39338.0,39338,100.0,100.0
Andorra,1990,300,Europe,23424744,Europe,Southern Europe,53400,,53400,100.0,
Anguilla,1990,300,North America,23424751,Americas,Caribbean,5665,5665.0,5665,100.0,100.0
Antarctica,1990,300,Antarctica,28289409,Antarctica,Antarctica,0,0.0,0,,
Antigua and Barbuda,1990,300,North America,23424737,Americas,Caribbean,57316,57316.0,57316,100.0,100.0
Argentina,1990,300,South America,23424747,Americas,South America,5504235,1192982.0,32460008,16.96,3.68
Armenia,1990,300,Asia,23424743,Asia,Western Asia,3527124,3527124.0,3527124,100.0,100.0
Australia,1990,300,Oceania,-90,Oceania,Australia and New Zealand,4315751,,16628114,25.95,
Azerbaijan,1990,300,Asia,23424741,Asia,Western Asia,4949103,2987034.0,7327837,67.54,40.76
Bangladesh,1990,300,Asia,23424759,Asia,Southern Asia,12606,,104849499,0.01,
Barbados,1990,300,North America,23424754,Americas,Caribbean,175858,175850.0,175850,100.0,100.0
Belgium,1990,300,Europe,23424757,Europe,Western Europe,9880543,,10044796,98.36,
Belize,1990,300,North America,23424760,Americas,Central America,89428,7663.0,148103,60.38,5.17
Bolivia,1990,300,South America,23424762,Americas,South America,3050855,1686389.0,7070950,43.15,23.85
British Virgin Islands,1990,300,North America,23424983,Americas,Caribbean,11554,11554.0,11554,100.0,100.0
Burundi,1990,300,Africa,23424774,Africa,Eastern Africa,5538738,5375142.0,5538739,100.0,97.05
Cambodia,1990,300,Asia,23424776,Asia,South-Eastern Asia,47777,44.0,8849597,0.54,0.0
Cameroon,1990,300,Africa,23424785,Africa,Middle Africa,7237610,7179944.0,11306097,64.02,63.51
Canada,1990,300,North America,23424775,Americas,Northern America,3061496,372492.0,25974074,11.79,1.43
Central African Republic,1990,300,Africa,23424792,Africa,Middle Africa,3445,,2804865,0.12,
Chad,1990,300,Africa,23424777,Africa,Middle Africa,266018,,5928059,4.49,
Chile,1990,300,South America,23424782,Americas,South America,12688861,11303203.0,13086603,96.96,86.37
China,1990,300,Asia,23424781,Asia,Eastern Asia,137849794,27607783.0,1142999954,12.06,2.42
Colombia,1990,300,South America,23424787,Americas,South America,22827546,22547531.0,32196598,70.9,70.03
Comoros,1990,300,Africa,23424786,Africa,Eastern Africa,348933,348933.0,348933,100.0,100.0
Costa Rica,1990,300,North America,23424791,Americas,Central America,3120928,3120938.0,3120926,100.0,100.0
Dem. Rep. Korea,1990,300,Asia,23424865,Asia,Eastern Asia,19677570,7066826.0,20080314,97.99,35.19
Democratic Republic of the Congo,1990,300,Africa,23424780,Africa,Middle Africa,8070475,5714564.0,35728839,22.59,15.99
Djibouti,1990,300,Africa,23424797,Africa,Eastern Africa,393388,393389.0,393388,100.0,100.0
Dominica,1990,300,North America,23424798,Americas,Caribbean,50361,50361.0,50361,100.0,100.0
Ecuador,1990,300,South America,23424801,Americas,South America,9956331,9958003.0,10025987,99.31,99.32
Egypt,1990,300,Africa,23424802,Africa,Northern Africa,2573,,55854071,0.0,
El Salvador,1990,300,North America,23424807,Americas,Central America,5309854,5309850.0,5309843,100.0,100.0
Equatorial Guinea,1990,300,Africa,23424804,Africa,Middle Africa,237462,189483.0,425462,55.81,44.54
Eritrea,1990,300,Africa,23424806,Africa,Eastern Africa,1909451,721864.0,2170319,87.98,33.26
Ethiopia,1990,300,Africa,23424808,Africa,Eastern Africa,41384620,34547123.0,47725520,86.71,72.39
Fiji,1990,300,Oceania,23424813,Oceania,Melanesia,0,,675191,0.0,
France,1990,300,Europe,-90,Europe,Western Europe,32049188,1168948.0,56230441,57.0,2.08
French Polynesia,1990,300,Oceania,23424817,Oceania,Polynesia,131011,,141197,92.79,
French Southern and Antarctic Lands,1990,300,Seven seas (open ocean),28289406,Seven seas (open ocean),Seven seas (open ocean),0,,0,,
Gabon,1990,300,Africa,23424822,Africa,Middle Africa,422,,854710,0.05,
Georgia,1990,300,Asia,23424823,Asia,Western Asia,5302370,3375801.0,5302368,100.0,63.67
Germany,1990,300,Europe,23424829,Europe,Western Europe,41766339,,79275935,52.68,
Greece,1990,300,Europe,23424833,Europe,Southern Europe,6899517,4768321.0,9636311,71.6,49.48
Grenada,1990,300,North America,23424826,Americas,Caribbean,75175,75175.0,75175,100.0,100.0
Guam,1990,300,Oceania,23424832,Oceania,Micronesia,126624,,126626,100.0,
Guatemala,1990,300,North America,23424834,Americas,Central America,9041724,9029421.0,9045355,99.96,99.82
Heard I. and McDonald Islands,1990,300,Seven seas (open ocean),28289411,Seven seas (open ocean),Seven seas (open ocean),0,,0,,
Honduras,1990,300,North America,23424841,Americas,Central America,4930773,4561458.0,4983424,98.94,91.53
Iceland,1990,300,Europe,23424845,Europe,Northern Europe,219325,219122.0,219321,100.0,99.91
India,1990,300,Asia,23424848,Asia,Southern Asia,319513,3122.0,863390766,0.04,0.0
Indonesia,1990,300,Asia,23424846,Asia,South-Eastern Asia,157470003,156843576.0,174872188,90.05,89.69
Iran,1990,300,Asia,23424851,Asia,Southern Asia,22448007,3192592.0,55461705,40.47,5.76
Iraq,1990,300,Asia,23424855,Asia,Western Asia,1723494,16055.0,17658110,9.76,0.09
Israel,1990,300,Asia,23424852,Asia,Western Asia,4124306,,4231939,97.46,
Italy,1990,300,Europe,23424853,Europe,Southern Europe,29008103,24216627.0,55297142,52.46,43.79
Japan,1990,300,Asia,23424856,Asia,Eastern Asia,119408650,115556250.0,119431028,99.98,96.76
Jordan,1990,300,Asia,23424860,Asia,Western Asia,3394584,,3481872,97.49,
Kenya,1990,300,Africa,23424863,Africa,Eastern Africa,22981495,11480650.0,23171825,99.18,49.55
Lao PDR,1990,300,Asia,23424872,Asia,South-Eastern Asia,194220,,4298117,4.52,
Lebanon,1990,300,Asia,23424873,Asia,Western Asia,3077284,,3077284,100.0,
Libya,1990,300,Africa,23424882,Africa,Northern Africa,307,,4163988,0.01,
Luxembourg,1990,300,Europe,23424881,Europe,Western Europe,388556,,388556,100.0,
Madagascar,1990,300,Africa,23424883,Africa,Eastern Africa,23052,,11728258,0.2,
Malawi,1990,300,Africa,23424889,Africa,Eastern Africa,951625,951625.0,9556044,9.96,9.96
Malaysia,1990,300,Asia,23424901,Asia,South-Eastern Asia,498587,216350.0,16431124,3.03,1.32
Malta,1990,300,Europe,23424897,Europe,Southern Europe,342072,342072.0,342072,100.0,100.0
Mauritius,1990,300,Seven seas (open ocean),23424894,Africa,Eastern Africa,1030883,1030883.0,1030883,100.0,100.0
Mexico,1990,300,North America,23424900,Americas,Central America,68632358,59690364.0,81333807,84.38,73.39
Mongolia,1990,300,Asia,23424887,Asia,Eastern Asia,689943,,2163138,31.9,
Montserrat,1990,300,North America,23424888,Americas,Caribbean,6425,6425.0,6425,100.0,100.0
Morocco,1990,300,Africa,23424893,Africa,Northern Africa,194733,160117.0,24638617,0.79,0.65
Mozambique,1990,300,Africa,23424902,Africa,Eastern Africa,824,824.0,12900790,0.01,0.01
Myanmar,1990,300,Asia,23424763,Asia,South-Eastern Asia,26919477,1371967.0,38826256,69.33,3.53
Netherlands,1990,300,Europe,-90,Europe,Western Europe,12772854,2629.0,14722976,86.75,0.02
New Caledonia,1990,300,Oceania,23424903,Oceania,Melanesia,18359,18359.0,100170,18.33,18.33
New Zealand,1990,300,Oceania,23424916,Oceania,Australia and New Zealand,2448677,2285631.0,3151590,77.7,72.52
Nicaragua,1990,300,North America,23424915,Americas,Central America,4086638,4086255.0,4156503,98.32,98.31
Niger,1990,300,Africa,23424906,Africa,Western Africa,246827,,8414372,2.93,
Nigeria,1990,300,Africa,23424908,Africa,Western Africa,18476274,18105485.0,94362881,19.58,19.19
Northern Cyprus,1990,300,Asia,-90,Asia,Western Asia,6448,,279481,2.31,
Northern Mariana Islands,1990,300,Oceania,23424788,Oceania,Micronesia,43578,40263.0,43578,100.0,92.39
Norway,1990,300,Europe,-90,Europe,Northern Europe,22,,3628787,0.0,
Oman,1990,300,Asia,23424898,Asia,Western Asia,5594,,1811598,0.31,
Palestine,1990,300,Asia,28289408,Asia,Western Asia,1858553,,2585574,71.88,
Panama,1990,300,North America,23424924,Americas,Central America,1266075,467941.0,2395056,52.86,19.54
Papua New Guinea,1990,300,Oceania,23424926,Oceania,Melanesia,3130014,3129716.0,3456292,90.56,90.55
Peru,1990,300,South America,23424919,Americas,South America,4860031,4097508.0,21630130,22.47,18.94
Philippines,1990,300,Asia,23424934,Asia,South-Eastern Asia,53415053,53315763.0,55051513,97.03,96.85
Pitcairn Islands,1990,300,Oceania,23424918,Oceania,Polynesia,0,,0,,
Portugal,1990,300,Europe,23424925,Europe,Southern Europe,448346,179771.0,9114666,4.92,1.97
Puerto Rico,1990,300,North America,23424935,Americas,Caribbean,467661,6892.0,3484612,13.42,0.2
Republic of Cabo Verde,1990,300,Africa,23424794,Africa,Western Africa,305013,305013.0,305013,100.0,100.0
Republic of Korea,1990,300,Asia,23424868,Asia,Eastern Asia,40953613,3068166.0,40994772,99.9,7.48
Russian Federation,1990,300,Europe,23424936,Europe,Eastern Europe,13021120,434141.0,149953361,8.68,0.29
Rwanda,1990,300,Africa,23424937,Africa,Eastern Africa,7262351,7262351.0,7262351,100.0,100.0
Saint Helena,1990,300,Seven seas (open ocean),23424944,Africa,Western Africa,367,,5811,6.32,
Saint Kitts and Nevis,1990,300,North America,23424940,Americas,Caribbean,28372,28372.0,28372,100.0,100.0
Saint Lucia,1990,300,North America,23424951,Americas,Caribbean,120412,120412.0,120412,100.0,100.0
Saint Vincent and the Grenadines,1990,300,North America,23424981,Americas,Caribbean,56691,56691.0,56691,100.0,100.0
Saint-Barthélemy,1990,300,North America,56042304,Americas,Caribbean,4045,4045.0,4045,100.0,100.0
Saint-Martin,1990,300,North America,56042305,Americas,Caribbean,15384,15384.0,15384,100.0,100.0
Samoa,1990,300,Oceania,23424992,Oceania,Polynesia,122100,110825.0,122104,100.0,90.76
San Marino,1990,300,Europe,23424947,Europe,Southern Europe,22169,,22169,100.0,
Saudi Arabia,1990,300,Asia,23424938,Asia,Western Asia,8691648,1288608.0,15675443,55.45,8.22
Sint Maarten,1990,300,North America,-90,Americas,Caribbean,30562,30562.0,30562,100.0,100.0
Solomon Islands,1990,300,Oceania,23424766,Oceania,Melanesia,197024,197102.0,199440,98.79,98.83
Somaliland,1990,300,Africa,-99,Africa,Eastern Africa,895329,420806.0,1686618,53.08,24.95
South Africa,1990,300,Africa,23424942,Africa,Southern Africa,0,,39620172,0.0,
South Georgia and the Islands,1990,300,Seven seas (open ocean),23424955,Seven seas (open ocean),Seven seas (open ocean),0,,0,,
South Sudan,1990,300,Africa,-99,Africa,Eastern Africa,27483,,4724819,0.58,
Spain,1990,300,Europe,23424950,Europe,Southern Europe,23884097,1407155.0,37122027,64.34,3.79
Sudan,1990,300,Africa,-90,Africa,Northern Africa,7376782,,21072130,35.01,
Switzerland,1990,300,Europe,23424957,Europe,Western Europe,1085780,,6722356,16.15,
Syria,1990,300,Asia,23424956,Asia,Western Asia,9231915,,12145968,76.01,
São Tomé and Principe,1990,300,Africa,23424966,Africa,Middle Africa,5309,,108490,4.89,
Taiwan,1990,300,Asia,23424971,Asia,Eastern Asia,20017911,,20051543,99.83,
Tanzania,1990,300,Africa,23424973,Africa,Eastern Africa,18640718,12245277.0,25957105,71.81,47.18
Timor-Leste,1990,300,Asia,23424968,Asia,South-Eastern Asia,718963,718963.0,718967,100.0,100.0
Tonga,1990,300,Oceania,23424964,Oceania,Polynesia,73874,73874.0,73874,100.0,100.0
Trinidad and Tobago,1990,300,North America,23424958,Americas,Caribbean,1218578,1218578.0,1218578,100.0,100.0
Tunisia,1990,300,Africa,23424967,Africa,Northern Africa,5632776,,7770829,72.49,
Turkey,1990,300,Asia,23424969,Asia,Western Asia,46574016,7171204.0,51989530,89.58,13.79
Turkmenistan,1990,300,Asia,23424972,Asia,Central Asia,24615,,3735939,0.66,
Uganda,1990,300,Africa,23424974,Africa,Eastern Africa,15553616,4701134.0,17711453,87.82,26.54
United States,1990,300,North America,23424977,Americas,Northern America,49957237,7806123.0,244172306,20.46,3.2
United States Virgin Islands,1990,300,North America,23424985,Americas,Caribbean,77799,77799.0,77799,100.0,100.0
Vanuatu,1990,300,Oceania,23424907,Oceania,Melanesia,97624,97624.0,97625,100.0,100.0
Vatican,1990,300,Europe,23424986,Europe,Southern Europe,11831,11831.0,11831,100.0,100.0
Venezuela,1990,300,South America,23424982,Americas,South America,560461,497700.0,18992234,2.95,2.62
Vietnam,1990,300,Asia,23424984,Asia,South-Eastern Asia,20019697,12717227.0,64803315,30.89,19.62
Wallis and Futuna Islands,1990,300,Oceania,23424989,Oceania,Polynesia,6558,3110.0,6558,100.0,47.42
Yemen,1990,300,Asia,23425002,Asia,Western Asia,13143222,12170866.0,13173338,99.77,92.39
Zambia,1990,300,Africa,23425003,Africa,Eastern Africa,572099,466329.0,7650057,7.48,6.1
Algeria,1995,300,Africa,23424740,Africa,Northern Africa,85865,,27750201,0.31,
American Samoa,1995,300,Oceania,23424746,Oceania,Polynesia,44496,44496.0,44496,100.0,100.0
Andorra,1995,300,Europe,23424744,Europe,Southern Europe,62650,,62650,100.0,
Anguilla,1995,300,North America,23424751,Americas,Caribbean,6524,6524.0,6524,100.0,100.0
Antarctica,1995,300,Antarctica,28289409,Antarctica,Antarctica,0,0.0,0,,
Antigua and Barbuda,1995,300,North America,23424737,Americas,Caribbean,61578,61578.0,61578,100.0,100.0
Argentina,1995,300,South America,23424747,Americas,South America,6049417,1330489.0,34747277,17.41,3.83
Armenia,1995,300,Asia,23424743,Asia,Western Asia,3297829,3297829.0,3297829,100.0,100.0
Australia,1995,300,Oceania,-90,Oceania,Australia and New Zealand,4482291,,17548746,25.54,
Azerbaijan,1995,300,Asia,23424741,Asia,Western Asia,5327210,3182529.0,7776928,68.5,40.92
Bangladesh,1995,300,Asia,23424759,Asia,Southern Asia,13920,,115283425,0.01,
Barbados,1995,300,North America,23424754,Americas,Caribbean,177552,177544.0,177544,100.0,100.0
Belgium,1995,300,Europe,23424757,Europe,Western Europe,10013714,,10178906,98.38,
Belize,1995,300,North America,23424760,Americas,Central America,105396,8761.0,167462,62.94,5.23
Bolivia,1995,300,South America,23424762,Americas,South America,3293743,1848679.0,7813576,42.15,23.66
British Virgin Islands,1995,300,North America,23424983,Americas,Caribbean,12996,12996.0,12996,100.0,100.0
Burundi,1995,300,Africa,23424774,Africa,Eastern Africa,5965577,5787792.0,5965577,100.0,97.02
Cambodia,1995,300,Asia,23424776,Asia,South-Eastern Asia,67524,53.0,10837093,0.62,0.0
Cameroon,1995,300,Africa,23424785,Africa,Middle Africa,8295887,8233083.0,13041079,63.61,63.13
Canada,1995,300,North America,23424775,Americas,Northern America,3384306,395102.0,27535646,12.29,1.43
Central African Republic,1995,300,Africa,23424792,Africa,Middle Africa,3727,,3271806,0.11,
Chad,1995,300,Africa,23424777,Africa,Middle Africa,330271,,6996643,4.72,
Chile,1995,300,South America,23424782,Americas,South America,13709247,12232021.0,14160481,96.81,86.38
China,1995,300,Asia,23424781,Asia,Eastern Asia,143639725,28012912.0,1205872507,11.91,2.32
Colombia,1995,300,South America,23424787,Americas,South America,25064716,24760834.0,35516500,70.57,69.72
Comoros,1995,300,Africa,23424786,Africa,Eastern Africa,391560,391560.0,391560,100.0,100.0
Costa Rica,1995,300,North America,23424791,Americas,Central America,3533130,3533143.0,3533128,100.0,100.0
Dem. Rep. Korea,1995,300,Asia,23424865,Asia,Eastern Asia,21139898,7585621.0,21574806,97.98,35.16
Democratic Republic of the Congo,1995,300,Africa,23424780,Africa,Middle Africa,9479564,6712966.0,42957940,22.07,15.63
Djibouti,1995,300,Africa,23424797,Africa,Eastern Africa,461707,461707.0,461707,100.0,100.0
Dominica,1995,300,North America,23424798,Americas,Caribbean,50899,50899.0,50899,100.0,100.0
Ecuador,1995,300,South America,23424801,Americas,South America,11036755,11038444.0,11110510,99.34,99.35
Egypt,1995,300,Africa,23424802,Africa,Northern Africa,2803,,62726578,0.0,
El Salvador,1995,300,North America,23424807,Americas,Central America,5690139,5690135.0,5690127,100.0,100.0
Equatorial Guinea,1995,300,Africa,23424804,Africa,Middle Africa,298164,242993.0,510842,58.37,47.57
Eritrea,1995,300,Africa,23424806,Africa,Eastern Africa,1931151,810030.0,2190899,88.14,36.97
Ethiopia,1995,300,Africa,23424808,Africa,Eastern Africa,49683232,41532606.0,57212158,86.84,72.59
Fiji,1995,300,Oceania,23424813,Oceania,Melanesia,0,,687071,0.0,
France,1995,300,Europe,-90,Europe,Western Europe,32660797,1285482.0,57368553,56.93,2.24
French Polynesia,1995,300,Oceania,23424817,Oceania,Polynesia,142294,,152974,93.02,
French Southern and Antarctic Lands,1995,300,Seven seas (open ocean),28289406,Seven seas (open ocean),Seven seas (open ocean),0,,0,,
Gabon,1995,300,Africa,23424822,Africa,Middle Africa,454,,977838,0.05,
Georgia,1995,300,Asia,23424823,Asia,Western Asia,4794103,3063727.0,4794101,100.0,63.91
Germany,1995,300,Europe,23424829,Europe,Western Europe,42916476,,81022718,52.97,
Greece,1995,300,Europe,23424833,Europe,Southern Europe,7148558,4917122.0,10018901,71.35,49.08
Grenada,1995,300,North America,23424826,Americas,Caribbean,79558,79558.0,79558,100.0,100.0
Guam,1995,300,Oceania,23424832,Oceania,Micronesia,137759,,137761,100.0,
Guatemala,1995,300,North America,23424834,Americas,Central America,10317298,10303861.0,10321584,99.96,99.83
Heard I. and McDonald Islands,1995,300,Seven seas (open ocean),28289411,Seven seas (open ocean),Seven seas (open ocean),0,,0,,
Honduras,1995,300,North America,23424841,Americas,Central America,5669768,5236076.0,5730959,98.93,91.36
Iceland,1995,300,Europe,23424845,Europe,Northern Europe,231457,231275.0,231453,100.0,99.92
India,1995,300,Asia,23424848,Asia,Southern Asia,342131,3530.0,956545341,0.04,0.0
Indonesia,1995,300,Asia,23424846,Asia,South-Eastern Asia,170355264,169667976.0,190119983,89.6,89.24
Iran,1995,300,Asia,23424851,Asia,Southern Asia,24148669,3466368.0,60413575,39.97,5.74
Iraq,1995,300,Asia,23424855,Asia,Western Asia,2178344,21765.0,20948291,10.4,0.1
Israel,1995,300,Asia,23424852,Asia,Western Asia,4680457,,4804746,97.41,
Italy,1995,300,Europe,23424853,Europe,Southern Europe,29052021,24235110.0,55432909,52.41,43.72
Japan,1995,300,Asia,23424856,Asia,Eastern Asia,121267057,117034260.0,121289051,99.98,96.49
Jordan,1995,300,Asia,23424860,Asia,Western Asia,4337558,,4454940,97.37,
Kenya,1995,300,Africa,23424863,Africa,Eastern Africa,26630067,13252375.0,26899167,99.0,49.27
Lao PDR,1995,300,Asia,23424872,Asia,South-Eastern Asia,234846,,4916720,4.78,
Lebanon,1995,300,Asia,23424873,Asia,Western Asia,3469684,,3469684,100.0,
Libya,1995,300,Africa,23424882,Africa,Northern Africa,340,,4655075,0.01,
Luxembourg,1995,300,Europe,23424881,Europe,Western Europe,413976,,413976,100.0,
Madagascar,1995,300,Africa,23424883,Africa,Eastern Africa,29031,,13685392,0.21,
Malawi,1995,300,Africa,23424889,Africa,Eastern Africa,1015903,1015903.0,10134094,10.02,10.02
Malaysia,1995,300,Asia,23424901,Asia,South-Eastern Asia,562616,247288.0,18932763,2.97,1.31
Malta,1995,300,Europe,23424897,Europe,Southern Europe,356776,356776.0,356776,100.0,100.0
Mauritius,1995,300,Seven seas (open ocean),23424894,Africa,Eastern Africa,1095650,1095650.0,1095650,100.0,100.0
Mexico,1995,300,North America,23424900,Americas,Central America,75455720,65404542.0,89531829,84.28,73.05
Mongolia,1995,300,Asia,23424887,Asia,Eastern Asia,719440,,2331776,30.85,
Montserrat,1995,300,North America,23424888,Americas,Caribbean,4962,4962.0,4962,100.0,100.0
Morocco,1995,300,Africa,23424893,Africa,Northern Africa,213692,178792.0,26678339,0.8,0.67
Mozambique,1995,300,Africa,23424902,Africa,Eastern Africa,944,944.0,15132025,0.01,0.01
Myanmar,1995,300,Asia,23424763,Asia,South-Eastern Asia,26588797,1880892.0,41319189,64.35,4.55
Netherlands,1995,300,Europe,-90,Europe,Western Europe,13219044,2783.0,15218927,86.86,0.02
New Caledonia,1995,300,Oceania,23424903,Oceania,Melanesia,18116,18116.0,114660,15.8,15.8
New Zealand,1995,300,Oceania,23424916,Oceania,Australia and New Zealand,2649464,2480056.0,3403046,77.86,72.88
Nicaragua,1995,300,North America,23424915,Americas,Central America,4557628,4557146.0,4644209,98.14,98.13
Niger,1995,300,Africa,23424906,Africa,Western Africa,285754,,9867054,2.9,
Nigeria,1995,300,Africa,23424908,Africa,Western Africa,20827335,20410019.0,107224464,19.42,19.03
Northern Cyprus,1995,300,Asia,-90,Asia,Western Asia,5975,,301397,1.98,
Northern Mariana Islands,1995,300,Oceania,23424788,Oceania,Micronesia,45152,43753.0,45152,100.0,96.9
Norway,1995,300,Europe,-90,Europe,Northern Europe,23,,3744604,0.0,
Oman,1995,300,Asia,23424898,Asia,Western Asia,5175,,2175116,0.24,
Palestine,1995,300,Asia,28289408,Asia,Western Asia,2307221,,3182407,72.5,
Panama,1995,300,North America,23424924,Americas,Central America,1337365,511961.0,2660290,50.27,19.24
Papua New Guinea,1995,300,Oceania,23424926,Oceania,Melanesia,3738545,3738192.0,4138060,90.35,90.34
Peru,1995,300,South America,23424919,Americas,South America,5337523,4476200.0,23920117,22.31,18.71
Philippines,1995,300,Asia,23424934,Asia,South-Eastern Asia,60743393,60620901.0,62236045,97.6,97.4
Pitcairn Islands,1995,300,Oceania,23424918,Oceania,Polynesia,0,,0,,
Portugal,1995,300,Europe,23424925,Europe,Southern Europe,446711,178817.0,9144940,4.88,1.96
Puerto Rico,1995,300,North America,23424935,Americas,Caribbean,490834,7583.0,3643099,13.47,0.21
Republic of Cabo Verde,1995,300,Africa,23424794,Africa,Western Africa,351821,351821.0,351821,100.0,100.0
Republic of Korea,1995,300,Asia,23424868,Asia,Eastern Asia,42179385,3090397.0,42218163,99.91,7.32
Russian Federation,1995,300,Europe,23424936,Europe,Eastern Europe,13518329,414277.0,150479695,8.98,0.28
Rwanda,1995,300,Africa,23424937,Africa,Eastern Africa,5667080,5667080.0,5667080,100.0,100.0
Saint Helena,1995,300,Seven seas (open ocean),23424944,Africa,Western Africa,384,,5533,6.94,
Saint Kitts and Nevis,1995,300,North America,23424940,Americas,Caribbean,29670,29670.0,29670,100.0,100.0
Saint Lucia,1995,300,North America,23424951,Americas,Caribbean,128916,128916.0,128916,100.0,100.0
Saint Vincent and the Grenadines,1995,300,North America,23424981,Americas,Caribbean,57449,57449.0,57449,100.0,100.0
Saint-Barthélemy,1995,300,North America,56042304,Americas,Caribbean,4813,4813.0,4813,100.0,100.0
Saint-Martin,1995,300,North America,56042305,Americas,Caribbean,16448,16448.0,16448,100.0,100.0
Samoa,1995,300,Oceania,23424992,Oceania,Polynesia,127110,115717.0,127115,100.0,91.03
San Marino,1995,300,Europe,23424947,Europe,Southern Europe,23727,,23727,100.0,
Saudi Arabia,1995,300,Asia,23424938,Asia,Western Asia,10005339,1405208.0,18497414,54.09,7.6
Sint Maarten,1995,300,North America,-90,Americas,Caribbean,33394,33394.0,33394,100.0,100.0
Solomon Islands,1995,300,Oceania,23424766,Oceania,Melanesia,229091,229176.0,231933,98.77,98.81
Somaliland,1995,300,Africa,-99,Africa,Eastern Africa,1016822,450924.0,1824236,55.74,24.72
South Africa,1995,300,Africa,23424942,Africa,Southern Africa,0,,43696703,0.0,
South Georgia and the Islands,1995,300,Seven seas (open ocean),23424955,Seven seas (open ocean),Seven seas (open ocean),0,,0,,
South Sudan,1995,300,Africa,-99,Africa,Eastern Africa,59007,,5271684,1.12,
Spain,1995,300,Europe,23424950,Europe,Southern Europe,24699212,1447407.0,37985501,65.02,3.81
Sudan,1995,300,Africa,-90,Africa,Northern Africa,8309901,,23286212,35.69,
Switzerland,1995,300,Europe,23424957,Europe,Western Europe,1109239,,7047597,15.74,
Syria,1995,300,Asia,23424956,Asia,Western Asia,10665987,,13996265,76.21,
São Tomé and Principe,1995,300,Africa,23424966,Africa,Middle Africa,5720,,119940,4.77,
Taiwan,1995,300,Asia,23424971,Asia,Eastern Asia,20863366,,20897635,99.84,
Tanzania,1995,300,Africa,23424973,Africa,Eastern Africa,21734541,14136462.0,30272386,71.8,46.7
Timor-Leste,1995,300,Asia,23424968,Asia,South-Eastern Asia,777438,777438.0,777443,100.0,100.0
Tonga,1995,300,Oceania,23424964,Oceania,Polynesia,76677,76677.0,76677,100.0,100.0
Trinidad and Tobago,1995,300,North America,23424958,Americas,Caribbean,1257740,1257740.0,1257740,100.0,100.0
Tunisia,1995,300,Africa,23424967,Africa,Northern Africa,6263017,,8557296,73.19,
Turkey,1995,300,Asia,23424969,Asia,Western Asia,51044191,7814667.0,56769294,89.92,13.77
Turkmenistan,1995,300,Asia,23424972,Asia,Central Asia,25927,,4261767,0.61,
Uganda,1995,300,Africa,23424974,Africa,Eastern Africa,18317116,5395565.0,20812863,88.01,25.92
United States,1995,300,North America,23424977,Americas,Northern America,55103016,8720553.0,261525201,21.07,3.33
United States Virgin Islands,1995,300,North America,23424985,Americas,Caribbean,79869,79869.0,79869,100.0,100.0
Vanuatu,1995,300,Oceania,23424907,Oceania,Melanesia,110807,110807.0,110807,100.0,100.0
Vatican,1995,300,Europe,23424986,Europe,Southern Europe,11859,11859.0,11859,100.0,100.0
Venezuela,1995,300,South America,23424982,Americas,South America,654606,582855.0,21259630,3.08,2.74
Vietnam,1995,300,Asia,23424984,Asia,South-Eastern Asia,22917100,14837328.0,71498233,32.05,20.75
Wallis and Futuna Islands,1995,300,Oceania,23424989,Oceania,Polynesia,6875,3351.0,6875,100.0,48.74
Yemen,1995,300,Asia,23425002,Asia,Western Asia,15818397,14674073.0,15855324,99.77,92.55
Zambia,1995,300,Africa,23425003,Africa,Eastern Africa,672371,545699.0,8656466,7.77,6.3
Algeria,2000,300,Africa,23424740,Africa,Northern Africa,98076,,30023595,0.33,
American Samoa,2000,300,Oceania,23424746,Oceania,Polynesia,48598,48598.0,48598,100.0,100.0
Andorra,2000,300,Europe,23424744,Europe,Southern Europe,65709,,65709,100.0,
Anguilla,2000,300,North America,23424751,Americas,Caribbean,7470,7470.0,7470,100.0,100.0
Antarctica,2000,300,Antarctica,28289409,Antarctica,Antarctica,0,0.0,0,,
Antigua and Barbuda,2000,300,North America,23424737,Americas,Caribbean,67147,67147.0,67147,100.0,100.0
Argentina,2000,300,South America,23424747,Americas,South America,6566708,1462087.0,36852868,17.82,3.97
Armenia,2000,300,Asia,23424743,Asia,Western Asia,3146488,3146488.0,3146488,100.0,100.0
Australia,2000,300,Oceania,-90,Oceania,Australia and New Zealand,4682546,,18523298,25.28,
Azerbaijan,2000,300,Asia,23424741,Asia,Western Asia,5552601,3289167.0,8070003,68.81,40.76
Bangladesh,2000,300,Asia,23424759,Asia,Southern Asia,16026,,126419126,0.01,
Barbados,2000,300,North America,23424754,Americas,Caribbean,178417,178410.0,178410,100.0,100.0
Belgium,2000,300,Europe,23424757,Europe,Western Europe,10181212,,10346987,98.4,
Belize,2000,300,North America,23424760,Americas,Central America,129929,10693.0,199336,65.18,5.36
Bolivia,2000,300,South America,23424762,Americas,South America,3530291,2020439.0,8561119,41.24,23.6
British Virgin Islands,2000,300,North America,23424983,Americas,Caribbean,14673,14673.0,14673,100.0,100.0
Burundi,2000,300,Africa,23424774,Africa,Eastern Africa,6364501,6170876.0,6364503,100.0,96.96
Cambodia,2000,300,Asia,23424776,Asia,South-Eastern Asia,85766,58.0,12025623,0.71,0.0
Cameroon,2000,300,Africa,23424785,Africa,Middle Africa,9436458,9369120.0,14872648,63.45,63.0
Canada,2000,300,North America,23424775,Americas,Northern America,3613531,405325.0,28885889,12.51,1.4
Central African Republic,2000,300,Africa,23424792,Africa,Middle Africa,3826,,3752039,0.1,
Chad,2000,300,Africa,23424777,Africa,Middle Africa,422304,,8365427,5.05,
Chile,2000,300,South America,23424782,Americas,South America,14596625,13066415.0,15096662,96.69,86.55
China,2000,300,Asia,23424781,Asia,Eastern Asia,145258565,27170656.0,1249662753,11.62,2.17
Colombia,2000,300,South America,23424787,Americas,South America,27246542,26919822.0,38716270,70.37,69.53
Comoros,2000,300,Africa,23424786,Africa,Eastern Africa,434486,434486.0,434486,100.0,100.0
Costa Rica,2000,300,North America,23424791,Americas,Central America,3937820,3937836.0,3937817,100.0,100.0
Dem. Rep. Korea,2000,300,Asia,23424865,Asia,Eastern Asia,22190710,8021823.0,22641055,98.01,35.43
Democratic Republic of the Congo,2000,300,Africa,23424780,Africa,Middle Africa,10326959,7324475.0,48252243,21.4,15.18
Djibouti,2000,300,Africa,23424797,Africa,Eastern Africa,585583,585584.0,585583,100.0,100.0
Dominica,2000,300,North America,23424798,Americas,Caribbean,50988,50988.0,50988,100.0,100.0
Ecuador,2000,300,South America,23424801,Americas,South America,12071075,12072788.0,12147561,99.37,99.38
Egypt,2000,300,Africa,23424802,Africa,Northern Africa,3056,,69833019,0.0,
El Salvador,2000,300,North America,23424807,Americas,Central America,5901793,5901789.0,5901781,100.0,100.0
Equatorial Guinea,2000,300,Africa,23424804,Africa,Middle Africa,416502,361739.0,616521,67.56,58.67
Eritrea,2000,300,Africa,23424806,Africa,Eastern Africa,2154802,952323.0,2435819,88.46,39.1
Ethiopia,2000,300,Africa,23424808,Africa,Eastern Africa,57916892,48471763.0,66634033,86.92,72.74
Fiji,2000,300,Oceania,23424813,Oceania,Melanesia,0,,724471,0.0,
France,2000,300,Europe,-90,Europe,Western Europe,33371938,1381858.0,58723473,56.83,2.35
French Polynesia,2000,300,Oceania,23424817,Oceania,Polynesia,154179,,164992,93.45,
French Southern and Antarctic Lands,2000,300,Seven seas (open ocean),28289406,Seven seas (open ocean),Seven seas (open ocean),0,,0,,
Gabon,2000,300,Africa,23424822,Africa,Middle Africa,493,,1112988,0.04,
Georgia,2000,300,Asia,23424823,Asia,Western Asia,4188357,2694770.0,4188355,100.0,64.34
Germany,2000,300,Europe,23424829,Europe,Western Europe,43347617,,81450054,53.22,
Greece,2000,300,Europe,23424833,Europe,Southern Europe,7328135,5039775.0,10301442,71.14,48.92
Grenada,2000,300,North America,23424826,Americas,Caribbean,82715,82715.0,82715,100.0,100.0
Guam,2000,300,Oceania,23424832,Oceania,Micronesia,147876,,147878,100.0,
Guatemala,2000,300,North America,23424834,Americas,Central America,11687915,11673181.0,11692819,99.96,99.83
Heard I. and McDonald Islands,2000,300,Seven seas (open ocean),28289411,Seven seas (open ocean),Seven seas (open ocean),0,,0,,
Honduras,2000,300,North America,23424841,Americas,Central America,6490741,5983691.0,6561059,98.93,91.2
Iceland,2000,300,Europe,23424845,Europe,Northern Europe,245109,244947.0,245104,100.0,99.94
India,2000,300,Asia,23424848,Asia,Southern Asia,363871,3917.0,1051367184,0.03,0.0
Indonesia,2000,300,Asia,23424846,Asia,South-Eastern Asia,182860059,182125295.0,205315269,89.06,88.71
Iran,2000,300,Asia,23424851,Asia,Southern Asia,25666772,3700632.0,65106444,39.42,5.68
Iraq,2000,300,Asia,23424855,Asia,Western Asia,2720687,29774.0,24627716,11.05,0.12
Israel,2000,300,Asia,23424852,Asia,Western Asia,5233178,,5378779,97.29,
Italy,2000,300,Europe,23424853,Europe,Southern Europe,29009310,24165060.0,55523054,52.25,43.52
Japan,2000,300,Asia,23424856,Asia,Eastern Asia,122571651,118237490.0,122592283,99.98,96.45
Jordan,2000,300,Asia,23424860,Asia,Western Asia,4916962,,5050672,97.35,
Kenya,2000,300,Africa,23424863,Africa,Eastern Africa,30509182,15111748.0,30893412,98.76,48.92
Lao PDR,2000,300,Asia,23424872,Asia,South-Eastern Asia,271399,,5437586,4.99,
Lebanon,2000,300,Asia,23424873,Asia,Western Asia,3800423,,3800423,100.0,
Libya,2000,300,Africa,23424882,Africa,Northern Africa,377,,5074600,0.01,
Luxembourg,2000,300,Europe,23424881,Europe,Western Europe,441141,,441141,100.0,
Madagascar,2000,300,Africa,23424883,Africa,Eastern Africa,37548,,15994371,0.23,
Malawi,2000,300,Africa,23424889,Africa,Eastern Africa,1141145,1141145.0,11253023,10.14,10.14
Malaysia,2000,300,Asia,23424901,Asia,South-Eastern Asia,618837,273861.0,21631320,2.86,1.27
Malta,2000,300,Europe,23424897,Europe,Southern Europe,371977,371977.0,371977,100.0,100.0
Mauritius,2000,300,Seven seas (open ocean),23424894,Africa,Eastern Africa,1147450,1147450.0,1147450,100.0,100.0
Mexico,2000,300,North America,23424900,Americas,Central America,82012836,70909186.0,97385807,84.21,72.81
Mongolia,2000,300,Asia,23424887,Asia,Eastern Asia,717825,,2452311,29.27,
Montserrat,2000,300,North America,23424888,Americas,Caribbean,3005,3005.0,3005,100.0,100.0
Morocco,2000,300,Africa,23424893,Africa,Northern Africa,248677,202027.0,28667180,0.87,0.7
Mozambique,2000,300,Africa,23424902,Africa,Eastern Africa,987,987.0,17271799,0.01,0.01
Myanmar,2000,300,Asia,23424763,Asia,South-Eastern Asia,26528547,2398834.0,43743505,60.65,5.48
Netherlands,2000,300,Europe,-90,Europe,Western Europe,13629153,2972.0,15665593,87.0,0.02
New Caledonia,2000,300,Oceania,23424903,Oceania,Melanesia,16547,16547.0,128236,12.9,12.9
New Zealand,2000,300,Oceania,23424916,Oceania,Australia and New Zealand,2785841,2612440.0,3565537,78.13,73.27
Nicaragua,2000,300,North America,23424915,Americas,Central America,4931610,4930942.0,5038466,97.88,97.87
Niger,2000,300,Africa,23424906,Africa,Western Africa,333651,,11684744,2.86,
Nigeria,2000,300,Africa,23424908,Africa,Western Africa,23523201,23052742.0,121773958,19.32,18.93
Northern Cyprus,2000,300,Asia,-90,Asia,Western Asia,5795,,328827,1.76,
Northern Mariana Islands,2000,300,Oceania,23424788,Oceania,Micronesia,72046,64389.0,72046,100.0,89.37
Norway,2000,300,Europe,-90,Europe,Northern Europe,26,,3870990,0.0,
Oman,2000,300,Asia,23424898,Asia,Western Asia,5212,,2346597,0.22,
Palestine,2000,300,Asia,28289408,Asia,Western Asia,2714935,,3761348,72.18,
Panama,2000,300,North America,23424924,Americas,Central America,1396107,555597.0,2945275,47.4,18.86
Papua New Guinea,2000,300,Oceania,23424926,Oceania,Melanesia,4460067,4459648.0,4952920,90.05,90.04
Peru,2000,300,South America,23424919,Americas,South America,5784396,4820276.0,26081265,22.18,18.48
Philippines,2000,300,Asia,23424934,Asia,South-Eastern Asia,68781983,68646059.0,70177675,98.01,97.82
Pitcairn Islands,2000,300,Oceania,23424918,Oceania,Polynesia,0,,0,,
Portugal,2000,300,Europe,23424925,Europe,Southern Europe,453688,183767.0,9376611,4.84,1.96
Puerto Rico,2000,300,North America,23424935,Americas,Caribbean,513825,8035.0,3763537,13.65,0.21
Republic of Cabo Verde,2000,300,Africa,23424794,Africa,Western Africa,392436,392436.0,392436,100.0,100.0
Republic of Korea,2000,300,Asia,23424868,Asia,Eastern Asia,43567079,2993376.0,43603434,99.92,6.87
Russian Federation,2000,300,Europe,23424936,Europe,Eastern Europe,13723703,388056.0,148669853,9.23,0.26
Rwanda,2000,300,Africa,23424937,Africa,Eastern Africa,8054506,8054506.0,8054506,100.0,100.0
Saint Helena,2000,300,Seven seas (open ocean),23424944,Africa,Western Africa,398,,5205,7.65,
Saint Kitts and Nevis,2000,300,North America,23424940,Americas,Caribbean,31651,31651.0,31651,100.0,100.0
Saint Lucia,2000,300,North America,23424951,Americas,Caribbean,134926,134926.0,134926,100.0,100.0
Saint Vincent and the Grenadines,2000,300,North America,23424981,Americas,Caribbean,57068,57068.0,57068,100.0,100.0
Saint-Barthélemy,2000,300,North America,56042304,Americas,Caribbean,5554,5554.0,5554,100.0,100.0
Saint-Martin,2000,300,North America,56042305,Americas,Caribbean,16925,16925.0,16925,100.0,100.0
Samoa,2000,300,Oceania,23424992,Oceania,Polynesia,133694,122010.0,133699,100.0,91.26
San Marino,2000,300,Europe,23424947,Europe,Southern Europe,25472,,25472,100.0,
Saudi Arabia,2000,300,Asia,23424938,Asia,Western Asia,11276506,1587002.0,21109556,53.42,7.52
Sint Maarten,2000,300,North America,-90,Americas,Caribbean,32349,32349.0,32349,100.0,100.0
Solomon Islands,2000,300,Oceania,23424766,Oceania,Melanesia,264098,264190.0,267402,98.76,98.8
Somaliland,2000,300,Africa,-99,Africa,Eastern Africa,1262044,594891.0,2274770,55.48,26.15
South Africa,2000,300,Africa,23424942,Africa,Southern Africa,0,,46504472,0.0,
South Georgia and the Islands,2000,300,Seven seas (open ocean),23424955,Seven seas (open ocean),Seven seas (open ocean),0,,0,,
South Sudan,2000,300,Africa,-99,Africa,Eastern Africa,129742,,6076371,2.14,
Spain,2000,300,Europe,23424950,Europe,Southern Europe,25563227,1491560.0,38846992,65.8,3.84
Sudan,2000,300,Africa,-90,Africa,Northern Africa,9571868,,26315371,36.37,
Switzerland,2000,300,Europe,23424957,Europe,Western Europe,1126072,,7192988,15.66,
Syria,2000,300,Asia,23424956,Asia,Western Asia,12150136,,15922363,76.31,
São Tomé and Principe,2000,300,Africa,23424966,Africa,Middle Africa,5966,,129495,4.61,
Taiwan,2000,300,Asia,23424971,Asia,Eastern Asia,21597576,,21632542,99.84,
Tanzania,2000,300,Africa,23424973,Africa,Eastern Africa,24448759,15732967.0,34151720,71.59,46.07
Timor-Leste,2000,300,Asia,23424968,Asia,South-Eastern Asia,834170,834170.0,834176,100.0,100.0
Tonga,2000,300,Oceania,23424964,Oceania,Polynesia,80489,80489.0,80489,100.0,100.0
Trinidad and Tobago,2000,300,North America,23424958,Americas,Caribbean,1280801,1280801.0,1280801,100.0,100.0
Tunisia,2000,300,Africa,23424967,Africa,Northern Africa,6672106,,9093449,73.37,
Turkey,2000,300,Asia,23424969,Asia,Western Asia,55419191,8509124.0,61437332,90.2,13.85
Turkmenistan,2000,300,Asia,23424972,Asia,Central Asia,26052,,4618026,0.56,
Uganda,2000,300,Africa,23424974,Africa,Eastern Africa,21288438,6099534.0,24159051,88.12,25.25
United States,2000,300,North America,23424977,Americas,Northern America,60351319,9405873.0,278063907,21.7,3.38
United States Virgin Islands,2000,300,North America,23424985,Americas,Caribbean,83372,83372.0,83372,100.0,100.0
Vanuatu,2000,300,Oceania,23424907,Oceania,Melanesia,125332,125332.0,125333,100.0,100.0
Vatican,2000,300,Europe,23424986,Europe,Southern Europe,11632,11632.0,11632,100.0,100.0
Venezuela,2000,300,South America,23424982,Americas,South America,741517,662196.0,23490680,3.16,2.82
Vietnam,2000,300,Asia,23424984,Asia,South-Eastern Asia,25714396,16990876.0,76621656,33.56,22.18
Wallis and Futuna Islands,2000,300,Oceania,23424989,Oceania,Polynesia,7117,3582.0,7117,100.0,50.33
Yemen,2000,300,Asia,23425002,Asia,Western Asia,18289280,16966933.0,18333580,99.76,92.55
Zambia,2000,300,Africa,23425003,Africa,Eastern Africa,797995,648398.0,9872112,8.08,6.57
Algeria,2005,300,Africa,23424740,Africa,Northern Africa,110639,,32183109,0.34,
American Samoa,2005,300,Oceania,23424746,Oceania,Polynesia,47748,47748.0,47748,100.0,100.0
Andorra,2005,300,Europe,23424744,Europe,Southern Europe,79207,,79207,100.0,
Anguilla,2005,300,North America,23424751,Americas,Caribbean,8161,8161.0,8161,100.0,100.0
Antarctica,2005,300,Antarctica,28289409,Antarctica,Antarctica,0,0.0,0,,
Antigua and Barbuda,2005,300,North America,23424737,Americas,Caribbean,70941,70941.0,70941,100.0,100.0
Argentina,2005,300,South America,23424747,Americas,South America,6983703,1575634.0,38832910,17.98,4.06
Armenia,2005,300,Asia,23424743,Asia,Western Asia,3027047,3027047.0,3027047,100.0,100.0
Australia,2005,300,Oceania,-90,Oceania,Australia and New Zealand,4983107,,19638881,25.37,
Azerbaijan,2005,300,Asia,23424741,Asia,Western Asia,5921012,3471593.0,8524386,69.46,40.73
Bangladesh,2005,300,Asia,23424759,Asia,Southern Asia,18032,,137879897,0.01,
Barbados,2005,300,North America,23424754,Americas,Caribbean,181832,181825.0,181825,100.0,100.0
Belgium,2005,300,Europe,23424757,Europe,Western Europe,10431064,,10599185,98.41,
Belize,2005,300,North America,23424760,Americas,Central America,154911,12590.0,232085,66.75,5.42
Bolivia,2005,300,South America,23424762,Americas,South America,3769881,2147577.0,9337331,40.37,23.0
British Virgin Islands,2005,300,North America,23424983,Americas,Caribbean,17108,17108.0,17108,100.0,100.0
Burundi,2005,300,Africa,23424774,Africa,Eastern Africa,7439403,7206383.0,7439405,100.0,96.87
Cambodia,2005,300,Asia,23424776,Asia,South-Eastern Asia,108171,83.0,13140569,0.82,0.0
Cameroon,2005,300,Africa,23424785,Africa,Middle Africa,10787883,10716174.0,17014024,63.41,62.98
Canada,2005,300,North America,23424775,Americas,Northern America,3804799,420291.0,30348157,12.54,1.38
Central African Republic,2005,300,Africa,23424792,Africa,Middle Africa,3746,,4200989,0.09,
Chad,2005,300,Africa,23424777,Africa,Middle Africa,552422,,10103678,5.47,
Chile,2005,300,South America,23424782,Americas,South America,15355910,13761954.0,15908420,96.53,86.51
China,2005,300,Asia,23424781,Asia,Eastern Asia,149789855,27442337.0,1288932024,11.62,2.13
Colombia,2005,300,South America,23424787,Americas,South America,29258484,28913310.0,41673211,70.21,69.38
Comoros,2005,300,Africa,23424786,Africa,Eastern Africa,481213,481213.0,481213,100.0,100.0
Costa Rica,2005,300,North America,23424791,Americas,Central America,4271055,4271071.0,4271052,100.0,100.0
Dem. Rep. Korea,2005,300,Asia,23424865,Asia,Eastern Asia,22881591,8311720.0,23358013,97.96,35.58
Democratic Republic of the Congo,2005,300,Africa,23424780,Africa,Middle Africa,11906032,8450028.0,56130886,21.21,15.05
Djibouti,2005,300,Africa,23424797,Africa,Eastern Africa,656391,656392.0,656391,100.0,100.0
Dominica,2005,300,North America,23424798,Americas,Caribbean,52009,52009.0,52009,100.0,100.0
Ecuador,2005,300,South America,23424801,Americas,South America,13194920,13196661.0,13274895,99.4,99.41
Egypt,2005,300,Africa,23424802,Africa,Northern Africa,2879,,77419729,0.0,
El Salvador,2005,300,North America,23424807,Americas,Central America,5982514,5982509.0,5982501,100.0,100.0
Equatorial Guinea,2005,300,Africa,23424804,Africa,Middle Africa,555414,491418.0,789527,70.35,62.24
Eritrea,2005,300,Africa,23424806,Africa,Eastern Africa,2560323,1146471.0,2879065,88.93,39.82
Ethiopia,2005,300,Africa,23424808,Africa,Eastern Africa,66953639,56112756.0,76929960,87.03,72.94
Fiji,2005,300,Oceania,23424813,Oceania,Melanesia,0,,764175,0.0,
France,2005,300,Europe,-90,Europe,Western Europe,34321088,1411062.0,60609111,56.63,2.33
French Polynesia,2005,300,Oceania,23424817,Oceania,Polynesia,165842,,176773,93.82,
French Southern and Antarctic Lands,2005,300,Seven seas (open ocean),28289406,Seven seas (open ocean),Seven seas (open ocean),0,,0,,
Gabon,2005,300,Africa,23424822,Africa,Middle Africa,553,,1286261,0.04,
Georgia,2005,300,Asia,23424823,Asia,Western Asia,3880284,2529589.0,3880282,100.0,65.19
Germany,2005,300,Europe,23424829,Europe,Western Europe,43251122,,81115997,53.32,
Greece,2005,300,Europe,23424833,Europe,Southern Europe,7359544,5066132.0,10369749,70.97,48.85
Grenada,2005,300,North America,23424826,Americas,Caribbean,85204,85204.0,85204,100.0,100.0
Guam,2005,300,Oceania,23424832,Oceania,Micronesia,152134,,152136,100.0,
Guatemala,2005,300,North America,23424834,Americas,Central America,13080390,13063633.0,13086368,99.95,99.83
Heard I. and McDonald Islands,2005,300,Seven seas (open ocean),28289411,Seven seas (open ocean),Seven seas (open ocean),0,,0,,
Honduras,2005,300,North America,23424841,Americas,Central America,7373976,6790493.0,7453092,98.94,91.11
Iceland,2005,300,Europe,23424845,Europe,Northern Europe,260439,260290.0,260435,100.0,99.94
India,2005,300,Asia,23424848,Asia,Southern Asia,385888,4273.0,1145961608,0.03,0.0
Indonesia,2005,300,Asia,23424846,Asia,South-Eastern Asia,193913092,193122241.0,219317098,88.42,88.06
Iran,2005,300,Asia,23424851,Asia,Southern Asia,27105112,3906066.0,69686015,38.9,5.61
Iraq,2005,300,Asia,23424855,Asia,Western Asia,3410729,40327.0,28699211,11.88,0.14
Israel,2005,300,Asia,23424852,Asia,Western Asia,5741963,,5904385,97.25,
Italy,2005,300,Europe,23424853,Europe,Southern Europe,29497683,24487329.0,56739025,51.99,43.16
Japan,2005,300,Asia,23424856,Asia,Eastern Asia,123635971,119367372.0,123655780,99.98,96.53
Jordan,2005,300,Asia,23424860,Asia,Western Asia,5521048,,5670904,97.36,
Kenya,2005,300,Africa,23424863,Africa,Eastern Africa,35326505,17290218.0,35886819,98.44,48.18
Lao PDR,2005,300,Asia,23424872,Asia,South-Eastern Asia,306770,,5849997,5.24,
Lebanon,2005,300,Asia,23424873,Asia,Western Asia,4094271,,4094271,100.0,
Libya,2005,300,Africa,23424882,Africa,Northern Africa,461,,5750812,0.01,
Luxembourg,2005,300,Europe,23424881,Europe,Western Europe,469776,,469776,100.0,
Madagascar,2005,300,Africa,23424883,Africa,Eastern Africa,50280,,18522036,0.27,
Malawi,2005,300,Africa,23424889,Africa,Eastern Africa,1320713,1320713.0,12796803,10.32,10.32
Malaysia,2005,300,Asia,23424901,Asia,South-Eastern Asia,667380,291576.0,24448430,2.73,1.19
Malta,2005,300,Europe,23424897,Europe,Southern Europe,380900,380900.0,380900,100.0,100.0
Mauritius,2005,300,Seven seas (open ocean),23424894,Africa,Eastern Africa,1185652,1185652.0,1185652,100.0,100.0
Mexico,2005,300,North America,23424900,Americas,Central America,88188154,76268387.0,104907133,84.06,72.7
Mongolia,2005,300,Asia,23424887,Asia,Eastern Asia,674794,,2562207,26.34,
Montserrat,2005,300,North America,23424888,Americas,Caribbean,2583,2583.0,2583,100.0,100.0
Morocco,2005,300,Africa,23424893,Africa,Northern Africa,290672,232505.0,30601818,0.95,0.76
Mozambique,2005,300,Africa,23424902,Africa,Eastern Africa,1122,1122.0,19677152,0.01,0.01
Myanmar,2005,300,Asia,23424763,Asia,South-Eastern Asia,26498443,2917083.0,45784106,57.88,6.37
Netherlands,2005,300,Europe,-90,Europe,Western Europe,13954357,3614.0,16029051,87.06,0.02
New Caledonia,2005,300,Oceania,23424903,Oceania,Melanesia,14490,14490.0,143596,10.09,10.09
New Zealand,2005,300,Oceania,23424916,Oceania,Australia and New Zealand,2986832,2805257.0,3816964,78.25,73.49
Nicaragua,2005,300,North America,23424915,Americas,Central America,5236787,5235853.0,5365941,97.59,97.58
Niger,2005,300,Africa,23424906,Africa,Western Africa,395710,,13923114,2.84,
Nigeria,2005,300,Africa,23424908,Africa,Western Africa,26835145,26309103.0,139274140,19.27,18.89
Northern Cyprus,2005,300,Asia,-90,Asia,Western Asia,6031,,354868,1.7,
Northern Mariana Islands,2005,300,Oceania,23424788,Oceania,Micronesia,62740,57947.0,62740,100.0,92.36
Norway,2005,300,Europe,-90,Europe,Northern Europe,28,,3996821,0.0,
Oman,2005,300,Asia,23424898,Asia,Western Asia,5019,,2520811,0.2,
Palestine,2005,300,Asia,28289408,Asia,Western Asia,3019542,,4235472,71.29,
Panama,2005,300,North America,23424924,Americas,Central America,1522457,617741.0,3244618,46.92,19.04
Papua New Guinea,2005,300,Oceania,23424926,Oceania,Melanesia,5261840,5261220.0,5863700,89.74,89.73
Peru,2005,300,South America,23424919,Americas,South America,6009534,4983795.0,27563390,21.8,18.08
Philippines,2005,300,Asia,23424934,Asia,South-Eastern Asia,76480423,76355015.0,77772610,98.34,98.18
Pitcairn Islands,2005,300,Oceania,23424918,Oceania,Polynesia,0,,0,,
Portugal,2005,300,Europe,23424925,Europe,Southern Europe,461195,189446.0,9587868,4.81,1.98
Puerto Rico,2005,300,North America,23424935,Americas,Caribbean,516868,8361.0,3742102,13.81,0.22
Republic of Cabo Verde,2005,300,Africa,23424794,Africa,Western Africa,421447,421447.0,421447,100.0,100.0
Republic of Korea,2005,300,Asia,23424868,Asia,Eastern Asia,44710567,2918112.0,44745216,99.92,6.52
Russian Federation,2005,300,Europe,23424936,Europe,Eastern Europe,13773398,359823.0,145549931,9.46,0.25
Rwanda,2005,300,Africa,23424937,Africa,Eastern Africa,8971035,8971035.0,8971035,100.0,100.0
Saint Helena,2005,300,Seven seas (open ocean),23424944,Africa,Western Africa,402,,4733,8.49,
Saint Kitts and Nevis,2005,300,North America,23424940,Americas,Caribbean,32666,32666.0,32666,100.0,100.0
Saint Lucia,2005,300,North America,23424951,Americas,Caribbean,139650,139650.0,139650,100.0,100.0
Saint Vincent and the Grenadines,2005,300,North America,23424981,Americas,Caribbean,56104,56104.0,56104,100.0,100.0
Saint-Barthélemy,2005,300,North America,56042304,Americas,Caribbean,6337,6337.0,6337,100.0,100.0
Saint-Martin,2005,300,North America,56042305,Americas,Caribbean,19112,19112.0,19112,100.0,100.0
Samoa,2005,300,Oceania,23424992,Oceania,Polynesia,136975,125256.0,136979,100.0,91.44
San Marino,2005,300,Europe,23424947,Europe,Southern Europe,27961,,27961,100.0,
Saudi Arabia,2005,300,Asia,23424938,Asia,Western Asia,12580274,1753012.0,23910690,52.61,7.33
Sint Maarten,2005,300,North America,-90,Americas,Caribbean,34398,34398.0,34398,100.0,100.0
Solomon Islands,2005,300,Oceania,23424766,Oceania,Melanesia,297829,297925.0,301587,98.75,98.79
Somaliland,2005,300,Africa,-99,Africa,Eastern Africa,1523842,747461.0,2748952,55.43,27.19
South Africa,2005,300,Africa,23424942,Africa,Southern Africa,0,,48691559,0.0,
South Georgia and the Islands,2005,300,Seven seas (open ocean),23424955,Seven seas (open ocean),Seven seas (open ocean),0,,0,,
South Sudan,2005,300,Africa,-99,Africa,Eastern Africa,302388,,7612885,3.97,
Spain,2005,300,Europe,23424950,Europe,Southern Europe,27609520,1633586.0,41598884,66.37,3.93
Sudan,2005,300,Africa,-90,Africa,Northern Africa,11012999,,29582021,37.23,
Switzerland,2005,300,Europe,23424957,Europe,Western Europe,1179584,,7439362,15.86,
Syria,2005,300,Asia,23424956,Asia,Western Asia,13915525,,18125287,76.77,
São Tomé and Principe,2005,300,Africa,23424966,Africa,Middle Africa,6663,,145189,4.59,
Taiwan,2005,300,Asia,23424971,Asia,Eastern Asia,22199691,,22235534,99.84,
Tanzania,2005,300,Africa,23424973,Africa,Eastern Africa,27857919,17721547.0,39106144,71.24,45.32
Timor-Leste,2005,300,Asia,23424968,Asia,South-Eastern Asia,919801,919801.0,919807,100.0,100.0
Tonga,2005,300,Oceania,23424964,Oceania,Polynesia,84477,84477.0,84477,100.0,100.0
Trinidad and Tobago,2005,300,North America,23424958,Americas,Caribbean,1315294,1315294.0,1315294,100.0,100.0
Tunisia,2005,300,Africa,23424967,Africa,Northern Africa,7024274,,9530587,73.7,
Turkey,2005,300,Asia,23424969,Asia,Western Asia,59678440,8940750.0,65864498,90.61,13.57
Turkmenistan,2005,300,Asia,23424972,Asia,Central Asia,26972,,4958637,0.54,
Uganda,2005,300,Africa,23424974,Africa,Eastern Africa,24790942,6890849.0,28094850,88.24,24.53
United States,2005,300,North America,23424977,Americas,Northern America,64869416,10014666.0,292325066,22.19,3.43
United States Virgin Islands,2005,300,North America,23424985,Americas,Caribbean,81921,81921.0,81921,100.0,100.0
Vanuatu,2005,300,Oceania,23424907,Oceania,Melanesia,142748,142748.0,142749,100.0,100.0
Vatican,2005,300,Europe,23424986,Europe,Southern Europe,11674,11674.0,11674,100.0,100.0
Venezuela,2005,300,South America,23424982,Americas,South America,820383,734251.0,25640053,3.2,2.86
Vietnam,2005,300,Asia,23424984,Asia,South-Eastern Asia,28406037,19188090.0,80695674,35.2,23.78
Wallis and Futuna Islands,2005,300,Oceania,23424989,Oceania,Polynesia,7014,3656.0,7014,100.0,52.12
Yemen,2005,300,Asia,23425002,Asia,Western Asia,20917169,19408309.0,20967477,99.76,92.56
Zambia,2005,300,Africa,23425003,Africa,Eastern Africa,949351,773820.0,11563749,8.21,6.69
Algeria,2010,300,Africa,23424740,Africa,Northern Africa,126163,,35045175,0.36,
American Samoa,2010,300,Oceania,23424746,Oceania,Polynesia,44637,44637.0,44637,100.0,100.0
Andorra,2010,300,Europe,23424744,Europe,Southern Europe,70903,,70903,100.0,
Anguilla,2010,300,North America,23424751,Americas,Caribbean,8805,8805.0,8805,100.0,100.0
Antarctica,2010,300,Antarctica,28289409,Antarctica,Antarctica,0,0.0,0,,
Antigua and Barbuda,2010,300,North America,23424737,Americas,Caribbean,75543,75543.0,75543,100.0,100.0
Argentina,2010,300,South America,23424747,Americas,South America,7378623,1687154.0,40840615,18.07,4.13
Armenia,2010,300,Asia,23424743,Asia,Western Asia,2927352,2927352.0,2927352,100.0,100.0
Australia,2010,300,Oceania,-90,Oceania,Australia and New Zealand,5466718,,21430390,25.51,
Azerbaijan,2010,300,Asia,23424741,Asia,Western Asia,6256981,3638081.0,9093658,68.81,40.01
Bangladesh,2010,300,Asia,23424759,Asia,Southern Asia,19464,,145200244,0.01,
Barbados,2010,300,North America,23424754,Americas,Caribbean,185654,185646.0,185646,100.0,100.0
Belgium,2010,300,Europe,23424757,Europe,Western Europe,10785917,,10958645,98.42,
Belize,2010,300,North America,23424760,Americas,Central America,181599,14758.0,266076,68.25,5.55
Bolivia,2010,300,South America,23424762,Americas,South America,4023810,2263889.0,10170070,39.57,22.26
British Virgin Islands,2010,300,North America,23424983,Americas,Caribbean,19984,19984.0,19984,100.0,100.0
Burundi,2010,300,Africa,23424774,Africa,Eastern Africa,9160767,8866241.0,9160769,100.0,96.78
Cambodia,2010,300,Asia,23424776,Asia,South-Eastern Asia,133158,105.0,14246095,0.93,0.0
Cameroon,2010,300,Africa,23424785,Africa,Middle Africa,12462979,12384975.0,19572095,63.68,63.28
Canada,2010,300,North America,23424775,Americas,Northern America,4050966,432953.0,32015827,12.65,1.35
Central African Republic,2010,300,Africa,23424792,Africa,Middle Africa,3844,,4651414,0.08,
Chad,2010,300,Africa,23424777,Africa,Middle Africa,716461,,11985641,5.98,
Chile,2010,300,South America,23424782,Americas,South America,16112454,14426348.0,16722617,96.35,86.27
China,2010,300,Asia,23424781,Asia,Eastern Asia,155171915,27904606.0,1330699560,11.66,2.1
Colombia,2010,300,South America,23424787,Americas,South America,30906763,30549644.0,44237371,69.87,69.06
Comoros,2010,300,Africa,23424786,Africa,Eastern Africa,534339,534339.0,534339,100.0,100.0
Costa Rica,2010,300,North America,23424791,Americas,Central America,4573981,4573996.0,4573978,100.0,100.0
Dem. Rep. Korea,2010,300,Asia,23424865,Asia,Eastern Asia,23463034,8549000.0,23961266,97.92,35.68
Democratic Republic of the Congo,2010,300,Africa,23424780,Africa,Middle Africa,13604160,9659357.0,65913014,20.64,14.65
Djibouti,2010,300,Africa,23424797,Africa,Eastern Africa,725167,725168.0,725168,100.0,100.0
Dominica,2010,300,North America,23424798,Americas,Caribbean,52825,52825.0,52825,100.0,100.0
Ecuador,2010,300,South America,23424801,Americas,South America,14396401,14398136.0,14480105,99.42,99.43
Egypt,2010,300,Africa,23424802,Africa,Northern Africa,3086,,85478557,0.0,
El Salvador,2010,300,North America,23424807,Americas,Central America,6059449,6059445.0,6059436,100.0,100.0
Equatorial Guinea,2010,300,Africa,23424804,Africa,Middle Africa,719099,639676.0,1014730,70.87,63.04
Eritrea,2010,300,Africa,23424806,Africa,Eastern Africa,2862978,1288695.0,3207853,89.25,40.17
Ethiopia,2010,300,Africa,23424808,Africa,Eastern Africa,77175369,64848372.0,88559571,87.15,73.23
Fiji,2010,300,Oceania,23424813,Oceania,Melanesia,0,,793619,0.0,
France,2010,300,Europe,-90,Europe,Western Europe,35368695,1480914.0,62622829,56.48,2.36
French Polynesia,2010,300,Oceania,23424817,Oceania,Polynesia,172480,,183151,94.17,
French Southern and Antarctic Lands,2010,300,Seven seas (open ocean),28289406,Seven seas (open ocean),Seven seas (open ocean),0,,0,,
Gabon,2010,300,Africa,23424822,Africa,Middle Africa,621,,1523990,0.04,
Georgia,2010,300,Asia,23424823,Asia,Western Asia,3746160,2475759.0,3746158,100.0,66.09
Germany,2010,300,Europe,23424829,Europe,Western Europe,43304913,,81231353,53.31,
Greece,2010,300,Europe,23424833,Europe,Southern Europe,7294580,5042659.0,10295129,70.85,48.98
Grenada,2010,300,North America,23424826,Americas,Caribbean,88431,88431.0,88431,100.0,100.0
Guam,2010,300,Oceania,23424832,Oceania,Micronesia,153716,,153718,100.0,
Guatemala,2010,300,North America,23424834,Americas,Central America,14485039,14466075.0,14492440,99.95,99.82
Heard I. and McDonald Islands,2010,300,Seven seas (open ocean),28289411,Seven seas (open ocean),Seven seas (open ocean),0,,0,,
Honduras,2010,300,North America,23424841,Americas,Central America,8236547,7577036.0,8323896,98.95,91.03
Iceland,2010,300,Europe,23424845,Europe,Northern Europe,280906,280766.0,280902,100.0,99.95
India,2010,300,Asia,23424848,Asia,Southern Asia,403289,4584.0,1231579444,0.03,0.0
Indonesia,2010,300,Asia,23424846,Asia,South-Eastern Asia,204836635,203987745.0,233757911,87.63,87.26
Iran,2010,300,Asia,23424851,Asia,Southern Asia,28965008,4134441.0,74798887,38.72,5.53
Iraq,2010,300,Asia,23424855,Asia,Western Asia,3934384,50586.0,31268037,12.58,0.16
Israel,2010,300,Asia,23424852,Asia,Western Asia,6272174,,6452135,97.21,
Italy,2010,300,Europe,23424853,Europe,Southern Europe,30152858,24929729.0,58335711,51.69,42.73
Japan,2010,300,Asia,23424856,Asia,Eastern Asia,124008696,119810490.0,124028135,99.98,96.6
Jordan,2010,300,Asia,23424860,Asia,Western Asia,6738153,,6919148,97.38,
Kenya,2010,300,Africa,23424863,Africa,Eastern Africa,40735042,19641280.0,41555667,98.03,47.26
Lao PDR,2010,300,Asia,23424872,Asia,South-Eastern Asia,353916,,6300655,5.62,
Lebanon,2010,300,Asia,23424873,Asia,Western Asia,4441205,,4441205,100.0,
Libya,2010,300,Africa,23424882,Africa,Northern Africa,570,,6399441,0.01,
Luxembourg,2010,300,Europe,23424881,Europe,Western Europe,511654,,511654,100.0,
Madagascar,2010,300,Africa,23424883,Africa,Eastern Africa,67006,,21404655,0.31,
Malawi,2010,300,Africa,23424889,Africa,Eastern Africa,1555294,1555294.0,14779158,10.52,10.52
Malaysia,2010,300,Asia,23424901,Asia,South-Eastern Asia,702404,303215.0,27110800,2.59,1.12
Malta,2010,300,Europe,23424897,Europe,Southern Europe,386534,386534.0,386534,100.0,100.0
Mauritius,2010,300,Seven seas (open ocean),23424894,Africa,Eastern Africa,1208802,1208802.0,1208802,100.0,100.0
Mexico,2010,300,North America,23424900,Americas,Central America,93904848,81210120.0,111957548,83.88,72.54
Mongolia,2010,300,Asia,23424887,Asia,Eastern Asia,629409,,2706741,23.25,
Montserrat,2010,300,North America,23424888,Americas,Caribbean,2726,2726.0,2726,100.0,100.0
Morocco,2010,300,Africa,23424893,Africa,Northern Africa,341760,277994.0,32699276,1.05,0.85
Mozambique,2010,300,Africa,23424902,Africa,Eastern Africa,1300,1300.0,22490354,0.01,0.01
Myanmar,2010,300,Asia,23424763,Asia,South-Eastern Asia,26444017,3402896.0,47375406,55.82,7.18
Netherlands,2010,300,Europe,-90,Europe,Western Europe,14268252,4443.0,16388779,87.06,0.03
New Caledonia,2010,300,Oceania,23424903,Oceania,Melanesia,11840,11840.0,158360,7.48,7.48
New Zealand,2010,300,Oceania,23424916,Oceania,Australia and New Zealand,3146991,2957012.0,4011215,78.45,73.72
Nicaragua,2010,300,North America,23424915,Americas,Central America,5607700,5606477.0,5763059,97.3,97.28
Niger,2010,300,Africa,23424906,Africa,Western Africa,473503,,16721029,2.83,
Nigeria,2010,300,Africa,23424908,Africa,Western Africa,31018710,30434407.0,159583533,19.44,19.07
Northern Cyprus,2010,300,Asia,-90,Asia,Western Asia,6229,,379419,1.64,
Northern Mariana Islands,2010,300,Oceania,23424788,Oceania,Micronesia,50150,48617.0,50150,100.0,96.94
Norway,2010,300,Europe,-90,Europe,Northern Europe,31,,4238682,0.0,
Oman,2010,300,Asia,23424898,Asia,Western Asia,5370,,2939079,0.18,
Palestine,2010,300,Asia,28289408,Asia,Western Asia,3363932,,4762433,70.63,
Panama,2010,300,North America,23424924,Americas,Central America,1645191,681675.0,3557527,46.25,19.16
Papua New Guinea,2010,300,Oceania,23424926,Oceania,Melanesia,6139658,6138623.0,6871437,89.35,89.34
Peru,2010,300,South America,23424919,Americas,South America,6118724,5062363.0,28650298,21.36,17.67
Philippines,2010,300,Asia,23424934,Asia,South-Eastern Asia,84212161,84114342.0,85432325,98.57,98.46
Pitcairn Islands,2010,300,Oceania,23424918,Oceania,Polynesia,0,,0,,
Portugal,2010,300,Europe,23424925,Europe,Southern Europe,459259,190663.0,9647054,4.76,1.98
Puerto Rico,2010,300,North America,23424935,Americas,Caribbean,518465,8147.0,3656554,14.18,0.22
Republic of Cabo Verde,2010,300,Africa,23424794,Africa,Western Africa,446381,446381.0,446381,100.0,100.0
Republic of Korea,2010,300,Asia,23424868,Asia,Eastern Asia,45636699,2864143.0,45670165,99.93,6.27
Russian Federation,2010,300,Europe,23424936,Europe,Eastern Europe,14036017,338673.0,144953493,9.68,0.23
Rwanda,2010,300,Africa,23424937,Africa,Eastern Africa,10248901,10248901.0,10248901,100.0,100.0
Saint Helena,2010,300,Seven seas (open ocean),23424944,Africa,Western Africa,423,,4505,9.39,
Saint Kitts and Nevis,2010,300,North America,23424940,Americas,Caribbean,33290,33290.0,33290,100.0,100.0
Saint Lucia,2010,300,North America,23424951,Americas,Caribbean,144045,144045.0,144045,100.0,100.0
Saint Vincent and the Grenadines,2010,300,North America,23424981,Americas,Caribbean,54566,54566.0,54566,100.0,100.0
Saint-Barthélemy,2010,300,North America,56042304,Americas,Caribbean,7112,7112.0,7112,100.0,100.0
Saint-Martin,2010,300,North America,56042305,Americas,Caribbean,20818,20818.0,20818,100.0,100.0
Samoa,2010,300,Oceania,23424992,Oceania,Polynesia,141142,129259.0,141147,100.0,91.58
San Marino,2010,300,Europe,23424947,Europe,Southern Europe,29932,,29932,100.0,
Saudi Arabia,2010,300,Asia,23424938,Asia,Western Asia,14940265,2083230.0,28834410,51.81,7.22
Sint Maarten,2010,300,North America,-90,Americas,Caribbean,36414,36414.0,36414,100.0,100.0
Solomon Islands,2010,300,Oceania,23424766,Oceania,Melanesia,335619,335718.0,339871,98.75,98.78
Somaliland,2010,300,Africa,-99,Africa,Eastern Africa,1780546,887910.0,3193307,55.76,27.81
South Africa,2010,300,Africa,23424942,Africa,Southern Africa,0,,51437012,0.0,
South Georgia and the Islands,2010,300,Seven seas (open ocean),23424955,Seven seas (open ocean),Seven seas (open ocean),0,,0,,
South Sudan,2010,300,Africa,-99,Africa,Eastern Africa,686462,,9654621,7.11,
Spain,2010,300,Europe,23424950,Europe,Southern Europe,29700514,1779551.0,44298309,67.05,4.02
Sudan,2010,300,Africa,-90,Africa,Northern Africa,12900189,,33801130,38.16,
Switzerland,2010,300,Europe,23424957,Europe,Western Europe,1242369,,7831180,15.86,
Syria,2010,300,Asia,23424956,Asia,Western Asia,17050188,,21800142,78.21,
São Tomé and Principe,2010,300,Africa,23424966,Africa,Middle Africa,7254,,163084,4.45,
Taiwan,2010,300,Asia,23424971,Asia,Eastern Asia,22499398,,22534802,99.84,
Tanzania,2010,300,Africa,23424973,Africa,Eastern Africa,31609705,19870739.0,44768227,70.61,44.39
Timor-Leste,2010,300,Asia,23424968,Asia,South-Eastern Asia,1033866,1033866.0,1033873,100.0,100.0
Tonga,2010,300,Oceania,23424964,Oceania,Polynesia,87351,87351.0,87351,100.0,100.0
Trinidad and Tobago,2010,300,North America,23424958,Americas,Caribbean,1353943,1353943.0,1353943,100.0,100.0
Tunisia,2010,300,Africa,23424967,Africa,Northern Africa,7412365,,9988083,74.21,
Turkey,2010,300,Asia,23424969,Asia,Western Asia,63924310,9231524.0,70216178,91.04,13.15
Turkmenistan,2010,300,Asia,23424972,Asia,Central Asia,28126,,5362911,0.52,
Uganda,2010,300,Africa,23424974,Africa,Eastern Africa,28726711,7734152.0,32494911,88.4,23.8
United States,2010,300,North America,23424977,Americas,Northern America,69169082,10761518.0,306548175,22.56,3.51
United States Virgin Islands,2010,300,North America,23424985,Americas,Caribbean,81534,81534.0,81534,100.0,100.0
Vanuatu,2010,300,Oceania,23424907,Oceania,Melanesia,161808,161808.0,161809,100.0,100.0
Vatican,2010,300,Europe,23424986,Europe,Southern Europe,11825,11825.0,11825,100.0,100.0
Venezuela,2010,300,South America,23424982,Americas,South America,888127,797011.0,27599184,3.22,2.89
Vietnam,2010,300,Asia,23424984,Asia,South-Eastern Asia,31350562,21666198.0,84909273,36.92,25.52
Wallis and Futuna Islands,2010,300,Oceania,23424989,Oceania,Polynesia,6325,3416.0,6325,100.0,54.01
Yemen,2010,300,Asia,23425002,Asia,Western Asia,24271131,22513764.0,24330034,99.76,92.53
Zambia,2010,300,Africa,23425003,Africa,Eastern Africa,1147905,935232.0,13809046,8.31,6.77
Algeria,2015,300,Africa,23424740,Africa,Northern Africa,146283,,38674218,0.38,
American Samoa,2015,300,Oceania,23424746,Oceania,Polynesia,41925,41925.0,41925,100.0,100.0
Andorra,2015,300,Europe,23424744,Europe,Southern Europe,71006,,71006,100.0,
Anguilla,2015,300,North America,23424751,Americas,Caribbean,9612,9612.0,9612,100.0,100.0
Antarctica,2015,300,Antarctica,28289409,Antarctica,Antarctica,0,0.0,0,,
Antigua and Barbuda,2015,300,North America,23424737,Americas,Caribbean,78448,78448.0,78448,100.0,100.0
Argentina,2015,300,South America,23424747,Americas,South America,7974168,1840513.0,42967520,18.56,4.28
Armenia,2015,300,Asia,23424743,Asia,Western Asia,2861376,2861376.0,2861376,100.0,100.0
Australia,2015,300,Oceania,-90,Oceania,Australia and New Zealand,6045463,,23182300,26.08,
Azerbaijan,2015,300,Asia,23424741,Asia,Western Asia,6685254,3863467.0,9706901,68.87,39.8
Bangladesh,2015,300,Asia,23424759,Asia,Southern Asia,20628,,154392933,0.01,
Barbados,2015,300,North America,23424754,Americas,Caribbean,188648,188641.0,188641,100.0,100.0
Belgium,2015,300,Europe,23424757,Europe,Western Europe,11149373,,11326647,98.43,
Belize,2015,300,North America,23424760,Americas,Central America,207825,16865.0,297705,69.81,5.67
Bolivia,2015,300,South America,23424762,Americas,South America,4276595,2380490.0,11021558,38.8,21.6
British Virgin Islands,2015,300,North America,23424983,Americas,Caribbean,21191,21191.0,21191,100.0,100.0
Burundi,2015,300,Africa,23424774,Africa,Eastern Africa,10742448,10394453.0,10742449,100.0,96.76
Cambodia,2015,300,Asia,23424776,Asia,South-Eastern Asia,157978,124.0,15291169,1.03,0.0
Cameroon,2015,300,Africa,23424785,Africa,Middle Africa,14567384,14480066.0,22657906,64.29,63.91
Canada,2015,300,North America,23424775,Americas,Northern America,4293862,453894.0,33718218,12.73,1.35
Central African Republic,2015,300,Africa,23424792,Africa,Middle Africa,3829,,4815241,0.08,
Chad,2015,300,Africa,23424777,Africa,Middle Africa,946788,,14224574,6.66,
Chile,2015,300,South America,23424782,Americas,South America,16900864,15113717.0,17573677,96.17,86.0
China,2015,300,Asia,23424781,Asia,Eastern Asia,159456122,28144984.0,1375196089,11.6,2.05
Colombia,2015,300,South America,23424787,Americas,South America,32336137,31977446.0,46514971,69.52,68.75
Comoros,2015,300,Africa,23424786,Africa,Eastern Africa,596183,596183.0,596183,100.0,100.0
Costa Rica,2015,300,North America,23424791,Americas,Central America,4844389,4844404.0,4844387,100.0,100.0
Dem. Rep. Korea,2015,300,Asia,23424865,Asia,Eastern Asia,24056622,8764091.0,24564565,97.93,35.68
Democratic Republic of the Congo,2015,300,Africa,23424780,Africa,Middle Africa,15277908,10853848.0,78102557,19.56,13.9
Djibouti,2015,300,Africa,23424797,Africa,Eastern Africa,791664,791665.0,791664,100.0,100.0
Dominica,2015,300,North America,23424798,Americas,Caribbean,54399,54399.0,54399,100.0,100.0
Ecuador,2015,300,South America,23424801,Americas,South America,15576323,15578096.0,15663076,99.45,99.46
Egypt,2015,300,Africa,23424802,Africa,Northern Africa,3339,,95803173,0.0,
El Salvador,2015,300,North America,23424807,Americas,Central America,6175110,6175105.0,6175095,100.0,100.0
Equatorial Guinea,2015,300,Africa,23424804,Africa,Middle Africa,908631,813668.0,1260309,72.1,64.56
Eritrea,2015,300,Africa,23424806,Africa,Eastern Africa,3054909,1369504.0,3422068,89.27,40.02
Ethiopia,2015,300,Africa,23424808,Africa,Eastern Africa,88705496,74844087.0,101655659,87.26,73.63
Fiji,2015,300,Oceania,23424813,Oceania,Melanesia,0,,807072,0.0,
France,2015,300,Europe,-90,Europe,Western Europe,36094431,1528976.0,64064900,56.34,2.39
French Polynesia,2015,300,Oceania,23424817,Oceania,Polynesia,176540,,186701,94.56,
French Southern and Antarctic Lands,2015,300,Seven seas (open ocean),28289406,Seven seas (open ocean),Seven seas (open ocean),0,,0,,
Gabon,2015,300,Africa,23424822,Africa,Middle Africa,675,,1817883,0.04,
Georgia,2015,300,Asia,23424823,Asia,Western Asia,3669542,2446474.0,3669540,100.0,66.67
Germany,2015,300,Europe,23424829,Europe,Western Europe,43720735,,81977387,53.33,
Greece,2015,300,Europe,23424833,Europe,Southern Europe,7135630,4974118.0,10084502,70.76,49.32
Grenada,2015,300,North America,23424826,Americas,Caribbean,92193,92193.0,92193,100.0,100.0
Guam,2015,300,Oceania,23424832,Oceania,Micronesia,157125,,157127,100.0,
Guatemala,2015,300,North America,23424834,Americas,Central America,15935783,15914155.0,15945168,99.94,99.81
Heard I. and McDonald Islands,2015,300,Seven seas (open ocean),28289411,Seven seas (open ocean),Seven seas (open ocean),0,,0,,
Honduras,2015,300,North America,23424841,Americas,Central America,9057999,8323025.0,9152946,98.96,90.93
Iceland,2015,300,Europe,23424845,Europe,Northern Europe,293100,292964.0,293095,100.0,99.96
India,2015,300,Asia,23424848,Asia,Southern Asia,416220,4906.0,1313395628,0.03,0.0
Indonesia,2015,300,Asia,23424846,Asia,South-Eastern Asia,215312300,214389964.0,248047434,86.8,86.43
Iran,2015,300,Asia,23424851,Asia,Southern Asia,31424284,4397802.0,81128566,38.73,5.42
Iraq,2015,300,Asia,23424855,Asia,Western Asia,5122258,71877.0,37761719,13.56,0.19
Israel,2015,300,Asia,23424852,Asia,Western Asia,6864900,,7063462,97.19,
Italy,2015,300,Europe,23424853,Europe,Southern Europe,30125391,24842791.0,58755533,51.27,42.28
Japan,2015,300,Asia,23424856,Asia,Eastern Asia,123194752,119039339.0,123213246,99.98,96.61
Jordan,2015,300,Asia,23424860,Asia,Western Asia,9209900,,9470100,97.25,
Kenya,2015,300,Africa,23424863,Africa,Eastern Africa,45740313,21767650.0,46901625,97.52,46.41
Lao PDR,2015,300,Asia,23424872,Asia,South-Eastern Asia,401693,,6758114,5.94,
Lebanon,2015,300,Asia,23424873,Asia,Western Asia,5801664,,5801664,100.0,
Libya,2015,300,Africa,23424882,Africa,Northern Africa,660,,6107565,0.01,
Luxembourg,2015,300,Europe,23424881,Europe,Western Europe,572811,,572811,100.0,
Madagascar,2015,300,Africa,23424883,Africa,Eastern Africa,84043,,24468886,0.34,
Malawi,2015,300,Africa,23424889,Africa,Eastern Africa,1825343,1825344.0,17023248,10.72,10.72
Malaysia,2015,300,Asia,23424901,Asia,South-Eastern Asia,729033,313215.0,29347995,2.48,1.07
Malta,2015,300,Europe,23424897,Europe,Southern Europe,419296,419296.0,419296,100.0,100.0
Mauritius,2015,300,Seven seas (open ocean),23424894,Africa,Eastern Africa,1218246,1218246.0,1218246,100.0,100.0
Mexico,2015,300,North America,23424900,Americas,Central America,100120195,86472710.0,119522192,83.77,72.35
Mongolia,2015,300,Asia,23424887,Asia,Eastern Asia,627983,,2969429,21.15,
Montserrat,2015,300,North America,23424888,Americas,Caribbean,2781,2781.0,2781,100.0,100.0
Morocco,2015,300,Africa,23424893,Africa,Northern Africa,392390,324825.0,34958716,1.12,0.93
Mozambique,2015,300,Africa,23424902,Africa,Eastern Africa,1531,1531.0,26183830,0.01,0.01
Myanmar,2015,300,Asia,23424763,Asia,South-Eastern Asia,26658364,3962215.0,49378551,53.99,8.02
Netherlands,2015,300,Europe,-90,Europe,Western Europe,14650547,5128.0,16817924,87.11,0.03
New Caledonia,2015,300,Oceania,23424903,Oceania,Melanesia,9997,9997.0,176775,5.66,5.66
New Zealand,2015,300,Oceania,23424916,Oceania,Australia and New Zealand,3327683,3131622.0,4231520,78.64,74.01
Nicaragua,2015,300,North America,23424915,Americas,Central America,6011196,6009714.0,6200081,96.95,96.93
Niger,2015,300,Africa,23424906,Africa,Western Africa,573291,,20204122,2.84,
Nigeria,2015,300,Africa,23424908,Africa,Western Africa,35908058,35256845.0,182460348,19.68,19.32
Northern Cyprus,2015,300,Asia,-90,Asia,Western Asia,6058,,385851,1.57,
Northern Mariana Islands,2015,300,Oceania,23424788,Oceania,Micronesia,48108,47448.0,48108,100.0,98.63
Norway,2015,300,Europe,-90,Europe,Northern Europe,35,,4507580,0.0,
Oman,2015,300,Asia,23424898,Asia,Western Asia,6732,,4219064,0.16,
Palestine,2015,300,Asia,28289408,Asia,Western Asia,3747591,,5336316,70.23,
Panama,2015,300,North America,23424924,Americas,Central America,1766989,748061.0,3885814,45.47,19.25
Papua New Guinea,2015,300,Oceania,23424926,Oceania,Melanesia,7022006,7020759.0,7901462,88.87,88.85
Peru,2015,300,South America,23424919,Americas,South America,6341573,5237048.0,30105740,21.06,17.4
Philippines,2015,300,Asia,23424934,Asia,South-Eastern Asia,91873028,91799381.0,93096503,98.69,98.61
Pitcairn Islands,2015,300,Oceania,23424918,Oceania,Polynesia,0,,0,,
Portugal,2015,300,Europe,23424925,Europe,Southern Europe,439612,182753.0,9423032,4.67,1.94
Puerto Rico,2015,300,North America,23424935,Americas,Caribbean,516424,6779.0,3442161,15.0,0.2
Republic of Cabo Verde,2015,300,Africa,23424794,Africa,Western Africa,474957,474957.0,474957,100.0,100.0
Republic of Korea,2015,300,Asia,23424868,Asia,Eastern Asia,47699217,2907093.0,47734835,99.93,6.09
Russian Federation,2015,300,Europe,23424936,Europe,Eastern Europe,14544637,331422.0,146360063,9.94,0.23
Rwanda,2015,300,Africa,23424937,Africa,Eastern Africa,11576111,11576111.0,11576111,100.0,100.0
Saint Helena,2015,300,Seven seas (open ocean),23424944,Africa,Western Africa,476,,4604,10.34,
Saint Kitts and Nevis,2015,300,North America,23424940,Americas,Caribbean,33607,33607.0,33607,100.0,100.0
Saint Lucia,2015,300,North America,23424951,Americas,Caribbean,147222,147222.0,147222,100.0,100.0
Saint Vincent and the Grenadines,2015,300,North America,23424981,Americas,Caribbean,52810,52810.0,52810,100.0,100.0
Saint-Barthélemy,2015,300,North America,56042304,Americas,Caribbean,7676,7676.0,7676,100.0,100.0
Saint-Martin,2015,300,North America,56042305,Americas,Caribbean,19995,19995.0,19995,100.0,100.0
Samoa,2015,300,Oceania,23424992,Oceania,Polynesia,147333,135088.0,147338,100.0,91.69
San Marino,2015,300,Europe,23424947,Europe,Southern Europe,31774,,31774,100.0,
Saudi Arabia,2015,300,Asia,23424938,Asia,Western Asia,16330526,2166131.0,32104489,50.87,6.75
Sint Maarten,2015,300,North America,-90,Americas,Caribbean,40405,40405.0,40405,100.0,100.0
Solomon Islands,2015,300,Oceania,23424766,Oceania,Melanesia,382567,382672.0,387428,98.75,98.77
Somaliland,2015,300,Africa,-99,Africa,Eastern Africa,2003351,990079.0,3571177,56.1,27.72
South Africa,2015,300,Africa,23424942,Africa,Southern Africa,0,,55496257,0.0,
South Georgia and the Islands,2015,300,Seven seas (open ocean),23424955,Seven seas (open ocean),Seven seas (open ocean),0,,0,,
South Sudan,2015,300,Africa,-99,Africa,Eastern Africa,1315441,,11143359,11.8,
Spain,2015,300,Europe,23424950,Europe,Southern Europe,30159122,1793455.0,44192571,68.24,4.06
Sudan,2015,300,Africa,-90,Africa,Northern Africa,14955032,,38243719,39.1,
Switzerland,2015,300,Europe,23424957,Europe,Western Europe,1309071,,8286930,15.8,
Syria,2015,300,Asia,23424956,Asia,Western Asia,14236843,,18759594,75.89,
São Tomé and Principe,2015,300,Africa,23424966,Africa,Middle Africa,7605,,179610,4.23,
Taiwan,2015,300,Asia,23424971,Asia,Eastern Asia,22936387,,22972012,99.84,
Tanzania,2015,300,Africa,23424973,Africa,Eastern Africa,36517484,22663853.0,52182166,69.98,43.43
Timor-Leste,2015,300,Asia,23424968,Asia,South-Eastern Asia,1146923,1146923.0,1146931,100.0,100.0
Tonga,2015,300,Oceania,23424964,Oceania,Polynesia,87562,87562.0,87562,100.0,100.0
Trinidad and Tobago,2015,300,North America,23424958,Americas,Caribbean,1400097,1400097.0,1400097,100.0,100.0
Tunisia,2015,300,Africa,23424967,Africa,Northern Africa,7904290,,10590050,74.64,
Turkey,2015,300,Asia,23424969,Asia,Western Asia,69658397,9866896.0,76492591,91.07,12.9
Turkmenistan,2015,300,Asia,23424972,Asia,Central Asia,29938,,5893545,0.51,
Uganda,2015,300,Africa,23424974,Africa,Eastern Africa,33318425,8681271.0,37623707,88.56,23.07
United States,2015,300,North America,23424977,Americas,Northern America,73236161,11439104.0,319833585,22.9,3.58
United States Virgin Islands,2015,300,North America,23424985,Americas,Caribbean,78830,78830.0,78830,100.0,100.0
Vanuatu,2015,300,Oceania,23424907,Oceania,Melanesia,181335,181335.0,181336,100.0,100.0
Vatican,2015,300,Europe,23424986,Europe,Southern Europe,12052,12052.0,12052,100.0,100.0
Venezuela,2015,300,South America,23424982,Americas,South America,943873,847913.0,29314625,3.22,2.89
Vietnam,2015,300,Asia,23424984,Asia,South-Eastern Asia,34524336,24364786.0,89640192,38.51,27.18
Wallis and Futuna Islands,2015,300,Oceania,23424989,Oceania,Polynesia,5820,3217.0,5820,100.0,55.27
Yemen,2015,300,Asia,23425002,Asia,Western Asia,27961709,25940104.0,28029124,99.76,92.55
Zambia,2015,300,Africa,23425003,Africa,Eastern Africa,1346185,1092260.0,16285578,8.27,6.71
Algeria,2020,300,Africa,23424740,Africa,Northern Africa,168571,,42514701,0.4,
American Samoa,2020,300,Oceania,23424746,Oceania,Polynesia,36265,36265.0,36265,100.0,100.0
Andorra,2020,300,Europe,23424744,Europe,Southern Europe,76763,,76763,100.0,
Anguilla,2020,300,North America,23424751,Americas,Caribbean,10134,10134.0,10134,100.0,100.0
Antarctica,2020,300,Antarctica,28289409,Antarctica,Antarctica,0,0.0,0,,
Antigua and Barbuda,2020,300,North America,23424737,Americas,Caribbean,78716,78716.0,78716,100.0,100.0
Argentina,2020,300,South America,23424747,Americas,South America,8507242,1977186.0,44715827,19.03,4.42
Armenia,2020,300,Asia,23424743,Asia,Western Asia,2788626,2788626.0,2788626,100.0,100.0
Australia,2020,300,Oceania,-90,Oceania,Australia and New Zealand,6675920,,24978304,26.73,
Azerbaijan,2020,300,Asia,23424741,Asia,Western Asia,6922545,3990264.0,10124768,68.37,39.41
Bangladesh,2020,300,Asia,23424759,Asia,Southern Asia,20865,,163672856,0.01,
Barbados,2020,300,North America,23424754,Americas,Caribbean,192652,192646.0,192646,100.0,100.0
Belgium,2020,300,Europe,23424757,Europe,Western Europe,11454263,,11635607,98.44,
Belize,2020,300,North America,23424760,Americas,Central America,238966,19279.0,332773,71.81,5.79
Bolivia,2020,300,South America,23424762,Americas,South America,4541656,2528771.0,11854699,38.31,21.33
British Virgin Islands,2020,300,North America,23424983,Americas,Caribbean,22159,22159.0,22159,100.0,100.0
Burundi,2020,300,Africa,23424774,Africa,Eastern Africa,12213788,11815115.0,12213787,100.0,96.74
Cambodia,2020,300,Asia,23424776,Asia,South-Eastern Asia,178623,189.0,16262339,1.1,0.0
Cameroon,2020,300,Africa,23424785,Africa,Middle Africa,16971594,16873138.0,26090835,65.05,64.67
Canada,2020,300,North America,23424775,Americas,Northern America,4586651,483416.0,35793166,12.81,1.35
Central African Republic,2020,300,Africa,23424792,Africa,Middle Africa,4364,,5337796,0.08,
Chad,2020,300,Africa,23424777,Africa,Middle Africa,1264091,,16746086,7.55,
Chile,2020,300,South America,23424782,Americas,South America,18222433,16267751.0,18978577,96.02,85.72
China,2020,300,Asia,23424781,Asia,Eastern Asia,161716415,27918242.0,1405565188,11.51,1.99
Colombia,2020,300,South America,23424787,Americas,South America,34597820,34217187.0,50277041,68.81,68.06
Comoros,2020,300,Africa,23424786,Africa,Eastern Africa,657359,657359.0,657359,100.0,100.0
Costa Rica,2020,300,North America,23424791,Americas,Central America,5070757,5070772.0,5070754,100.0,100.0
Dem. Rep. Korea,2020,300,Asia,23424865,Asia,Eastern Asia,24607593,8947794.0,25119551,97.96,35.62
Democratic Republic of the Congo,2020,300,Africa,23424780,Africa,Middle Africa,16815956,11967801.0,92248145,18.23,12.97
Djibouti,2020,300,Africa,23424797,Africa,Eastern Africa,836549,836549.0,836549,100.0,100.0
Dominica,2020,300,North America,23424798,Americas,Caribbean,56417,56417.0,56417,100.0,100.0
Ecuador,2020,300,South America,23424801,Americas,South America,16926060,16927946.0,17016516,99.47,99.48
Egypt,2020,300,Africa,23424802,Africa,Northern Africa,3491,,105243403,0.0,
El Salvador,2020,300,North America,23424807,Americas,Central America,6236059,6236053.0,6236043,100.0,100.0
Equatorial Guinea,2020,300,Africa,23424804,Africa,Middle Africa,1417389,1381117.0,1485611,95.41,92.97
Eritrea,2020,300,Africa,23424806,Africa,Eastern Africa,3240770,1572741.0,3677064,88.13,42.77
Ethiopia,2020,300,Africa,23424808,Africa,Eastern Africa,101622069,86222860.0,116318933,87.37,74.13
Fiji,2020,300,Oceania,23424813,Oceania,Melanesia,0,,812820,0.0,
France,2020,300,Europe,-90,Europe,Western Europe,36473788,1580017.0,64836584,56.25,2.44
French Polynesia,2020,300,Oceania,23424817,Oceania,Polynesia,183216,,192800,95.03,
French Southern and Antarctic Lands,2020,300,Seven seas (open ocean),28289406,Seven seas (open ocean),Seven seas (open ocean),0,,0,,
Gabon,2020,300,Africa,23424822,Africa,Middle Africa,551,,2017388,0.03,
Georgia,2020,300,Asia,23424823,Asia,Western Asia,3656299,2417226.0,3656297,100.0,66.11
Germany,2020,300,Europe,23424829,Europe,Western Europe,44428225,,83233927,53.38,
Greece,2020,300,Europe,23424833,Europe,Southern Europe,6923378,4834053.0,9809587,70.58,49.28
Grenada,2020,300,North America,23424826,Americas,Caribbean,94702,94702.0,94702,100.0,100.0
Guam,2020,300,Oceania,23424832,Oceania,Micronesia,157114,,157116,100.0,
Guatemala,2020,300,North America,23424834,Americas,Central America,17281553,17256224.0,17293364,99.93,99.79
Heard I. and McDonald Islands,2020,300,Seven seas (open ocean),28289411,Seven seas (open ocean),Seven seas (open ocean),0,,0,,
Honduras,2020,300,North America,23424841,Americas,Central America,9877853,9064452.0,9975223,99.02,90.87
Iceland,2020,300,Europe,23424845,Europe,Northern Europe,326100,325964.0,326096,100.0,99.96
India,2020,300,Asia,23424848,Asia,Southern Asia,422216,5261.0,1386429441,0.03,0.0
Indonesia,2020,300,Asia,23424846,Asia,South-Eastern Asia,223462833,222461416.0,259976558,85.95,85.57
Iran,2020,300,Asia,23424851,Asia,Southern Asia,33840583,4668888.0,86564880,39.09,5.39
Iraq,2020,300,Asia,23424855,Asia,Western Asia,6157901,95630.0,42559377,14.47,0.22
Israel,2020,300,Asia,23424852,Asia,Western Asia,7501690,,7719000,97.18,
Italy,2020,300,Europe,23424853,Europe,Southern Europe,29492829,24292563.0,58062954,50.79,41.84
Japan,2020,300,Asia,23424856,Asia,Eastern Asia,121270968,117213906.0,121288367,99.99,96.64
Jordan,2020,300,Asia,23424860,Asia,Western Asia,10655103,,10906862,97.69,
Kenya,2020,300,Africa,23424863,Africa,Eastern Africa,50450033,23722355.0,52045879,96.93,45.58
Lao PDR,2020,300,Asia,23424872,Asia,South-Eastern Asia,455997,,7282535,6.26,
Lebanon,2020,300,Asia,23424873,Asia,Western Asia,5124899,,5124899,100.0,
Libya,2020,300,Africa,23424882,Africa,Northern Africa,825,,6556152,0.01,
Luxembourg,2020,300,Europe,23424881,Europe,Western Europe,632905,,632905,100.0,
Madagascar,2020,300,Africa,23424883,Africa,Eastern Africa,99290,,27791340,0.36,
Malawi,2020,300,Africa,23424889,Africa,Eastern Africa,2132893,2132893.0,19489981,10.94,10.94
Malaysia,2020,300,Asia,23424901,Asia,South-Eastern Asia,750060,323775.0,31397999,2.39,1.03
Malta,2020,300,Europe,23424897,Europe,Southern Europe,471693,471693.0,471693,100.0,100.0
Mauritius,2020,300,Seven seas (open ocean),23424894,Africa,Eastern Africa,1223401,1223401.0,1223401,100.0,100.0
Mexico,2020,300,North America,23424900,Americas,Central America,104824108,90490813.0,125282432,83.67,72.23
Mongolia,2020,300,Asia,23424887,Asia,Eastern Asia,630691,,3298551,19.12,
Montserrat,2020,300,North America,23424888,Americas,Caribbean,2425,2425.0,2425,100.0,100.0
Morocco,2020,300,Africa,23424893,Africa,Northern Africa,397395,317023.0,36979344,1.07,0.86
Mozambique,2020,300,Africa,23424902,Africa,Eastern Africa,1778,1778.0,30435388,0.01,0.01
Myanmar,2020,300,Asia,23424763,Asia,South-Eastern Asia,27531026,4448303.0,51262123,53.71,8.68
Netherlands,2020,300,Europe,-90,Europe,Western Europe,15022279,5473.0,17217252,87.25,0.03
New Caledonia,2020,300,Oceania,23424903,Oceania,Melanesia,6209,6209.0,177609,3.5,3.5
New Zealand,2020,300,Oceania,23424916,Oceania,Australia and New Zealand,3676607,3474958.0,4656013,78.96,74.63
Nicaragua,2020,300,North America,23424915,Americas,Central America,6428169,6426452.0,6652507,96.63,96.6
Niger,2020,300,Africa,23424906,Africa,Western Africa,705351,,24397955,2.89,
Nigeria,2020,300,Africa,23424908,Africa,Western Africa,41173802,40444406.0,206618218,19.93,19.57
Northern Cyprus,2020,300,Asia,-90,Asia,Western Asia,5948,,390666,1.52,
Northern Mariana Islands,2020,300,Oceania,23424788,Oceania,Micronesia,46017,44666.0,46017,100.0,97.06
Norway,2020,300,Europe,-90,Europe,Northern Europe,40,,4681564,0.0,
Oman,2020,300,Asia,23424898,Asia,Western Asia,5643,,4559288,0.12,
Palestine,2020,300,Asia,28289408,Asia,Western Asia,4202185,,5960925,70.5,
Panama,2020,300,North America,23424924,Americas,Central America,1847799,801185.0,4219322,43.79,18.99
Papua New Guinea,2020,300,Oceania,23424926,Oceania,Melanesia,7887179,7885666.0,8918829,88.43,88.42
Peru,2020,300,South America,23424919,Americas,South America,6883692,5661314.0,32625021,21.1,17.35
Philippines,2020,300,Asia,23424934,Asia,South-Eastern Asia,100151458,100100646.0,101438621,98.73,98.68
Pitcairn Islands,2020,300,Oceania,23424918,Oceania,Polynesia,0,,0,,
Portugal,2020,300,Europe,23424925,Europe,Southern Europe,428314,177484.0,9336094,4.59,1.9
Puerto Rico,2020,300,North America,23424935,Americas,Caribbean,467798,7803.0,3216581,14.54,0.24
Republic of Cabo Verde,2020,300,Africa,23424794,Africa,Western Africa,508467,508467.0,508467,100.0,100.0
Republic of Korea,2020,300,Asia,23424868,Asia,Eastern Asia,48533634,2935438.0,48569257,99.93,6.04
Russian Federation,2020,300,Europe,23424936,Europe,Eastern Europe,14906796,323802.0,147268316,10.12,0.22
Rwanda,2020,300,Africa,23424937,Africa,Eastern Africa,13069031,13069031.0,13069031,100.0,100.0
Saint Helena,2020,300,Seven seas (open ocean),23424944,Africa,Western Africa,507,,4489,11.29,
Saint Kitts and Nevis,2020,300,North America,23424940,Americas,Caribbean,32600,32600.0,32600,100.0,100.0
Saint Lucia,2020,300,North America,23424951,Americas,Caribbean,147964,147964.0,147964,100.0,100.0
Saint Vincent and the Grenadines,2020,300,North America,23424981,Americas,Caribbean,51082,51082.0,51082,100.0,100.0
Saint-Barthélemy,2020,300,North America,56042304,Americas,Caribbean,8548,8548.0,8548,100.0,100.0
Saint-Martin,2020,300,North America,56042305,Americas,Caribbean,18546,18546.0,18546,100.0,100.0
Samoa,2020,300,Oceania,23424992,Oceania,Polynesia,155804,143199.0,155809,100.0,91.91
San Marino,2020,300,Europe,23424947,Europe,Southern Europe,32213,,32213,100.0,
Saudi Arabia,2020,300,Asia,23424938,Asia,Western Asia,17524168,2114208.0,35270292,49.69,5.99
Sint Maarten,2020,300,North America,-90,Americas,Caribbean,41317,41317.0,41317,100.0,100.0
Solomon Islands,2020,300,Oceania,23424766,Oceania,Melanesia,437138,437246.0,442580,98.77,98.79
Somaliland,2020,300,Africa,-99,Africa,Eastern Africa,2426702,938764.0,4123717,58.85,22.76
South Africa,2020,300,Africa,23424942,Africa,Southern Africa,0,,58412964,0.0,
South Georgia and the Islands,2020,300,Seven seas (open ocean),23424955,Seven seas (open ocean),Seven seas (open ocean),0,,0,,
South Sudan,2020,300,Africa,-99,Africa,Eastern Africa,1880508,,10589589,17.76,
Spain,2020,300,Europe,23424950,Europe,Southern Europe,31266858,1847531.0,45123302,69.29,4.09
Sudan,2020,300,Africa,-90,Africa,Northern Africa,17834754,,44470984,40.1,
Switzerland,2020,300,Europe,23424957,Europe,Western Europe,1368929,,8640482,15.84,
Syria,2020,300,Asia,23424956,Asia,Western Asia,15798396,,20329296,77.71,
São Tomé and Principe,2020,300,Africa,23424966,Africa,Middle Africa,7505,,194589,3.86,
Taiwan,2020,300,Asia,23424971,Asia,Eastern Asia,23258999,,23292901,99.85,
Tanzania,2020,300,Africa,23424973,Africa,Eastern Africa,42597988,26095587.0,61321080,69.47,42.56
Timor-Leste,2020,300,Asia,23424968,Asia,South-Eastern Asia,1237616,1237616.0,1237625,100.0,100.0
Tonga,2020,300,Oceania,23424964,Oceania,Polynesia,87831,87831.0,87831,100.0,100.0
Trinidad and Tobago,2020,300,North America,23424958,Americas,Caribbean,1454324,1454324.0,1454324,100.0,100.0
Tunisia,2020,300,Africa,23424967,Africa,Northern Africa,8401150,,11146682,75.37,
Turkey,2020,300,Asia,23424969,Asia,Western Asia,73715284,10161335.0,80830013,91.2,12.57
Turkmenistan,2020,300,Asia,23424972,Asia,Central Asia,32051,,6407088,0.5,
Uganda,2020,300,Africa,23424974,Africa,Eastern Africa,39504424,10078488.0,44522380,88.73,22.64
United States,2020,300,North America,23424977,Americas,Northern America,76827947,12181607.0,331055018,23.21,3.68
United States Virgin Islands,2020,300,North America,23424985,Americas,Caribbean,76388,76388.0,76388,100.0,100.0
Vanuatu,2020,300,Oceania,23424907,Oceania,Melanesia,204958,204958.0,204960,100.0,100.0
Vatican,2020,300,Europe,23424986,Europe,Southern Europe,12378,12378.0,12378,100.0,100.0
Venezuela,2020,300,South America,23424982,Americas,South America,898608,803732.0,27333126,3.29,2.94
Vietnam,2020,300,Asia,23424984,Asia,South-Eastern Asia,37562931,26993903.0,94021785,39.95,28.71
Wallis and Futuna Islands,2020,300,Oceania,23424989,Oceania,Polynesia,5521,3111.0,5521,100.0,56.35
Yemen,2020,300,Asia,23425002,Asia,Western Asia,31622707,29365708.0,31696604,99.77,92.65
Zambia,2020,300,Africa,23425003,Africa,Eastern Africa,1518458,1227084.0,18980121,8.0,6.47
Algeria,2025,300,Africa,23424740,Africa,Northern Africa,188842,,45911529,0.41,
American Samoa,2025,300,Oceania,23424746,Oceania,Polynesia,33459,33459.0,33459,100.0,100.0
Andorra,2025,300,Europe,23424744,Europe,Southern Europe,79372,,79372,100.0,
Anguilla,2025,300,North America,23424751,Americas,Caribbean,10381,10381.0,10381,100.0,100.0
Antarctica,2025,300,Antarctica,28289409,Antarctica,Antarctica,0,0.0,0,,
Antigua and Barbuda,2025,300,North America,23424737,Americas,Caribbean,80497,80497.0,80497,100.0,100.0
Argentina,2025,300,South America,23424747,Americas,South America,8879295,2070924.0,45992615,19.31,4.5
Armenia,2025,300,Asia,23424743,Asia,Western Asia,2761000,2761000.0,2761000,100.0,100.0
Australia,2025,300,Oceania,-90,Oceania,Australia and New Zealand,7110028,,26223672,27.11,
Azerbaijan,2025,300,Asia,23424741,Asia,Western Asia,6990159,4021047.0,10344480,67.57,38.87
Bangladesh,2025,300,Asia,23424759,Asia,Southern Asia,20949,,172490323,0.01,
Barbados,2025,300,North America,23424754,Americas,Caribbean,193938,193932.0,193932,100.0,100.0
Belgium,2025,300,Europe,23424757,Europe,Western Europe,11632442,,11815616,98.45,
Belize,2025,300,North America,23424760,Americas,Central America,263575,21651.0,359978,73.22,6.01
Bolivia,2025,300,South America,23424762,Americas,South America,4795748,2653335.0,12645468,37.92,20.98
British Virgin Islands,2025,300,North America,23424983,Americas,Caribbean,22880,22880.0,22880,100.0,100.0
Burundi,2025,300,Africa,23424774,Africa,Eastern Africa,13926635,13473932.0,13926634,100.0,96.75
Cambodia,2025,300,Asia,23424776,Asia,South-Eastern Asia,188277,263.0,17164671,1.1,0.0
Cameroon,2025,300,Africa,23424785,Africa,Middle Africa,19475475,19361707.0,29703347,65.57,65.18
Canada,2025,300,North America,23424775,Americas,Northern America,4805916,505862.0,37275586,12.89,1.36
Central African Republic,2025,300,Africa,23424792,Africa,Middle Africa,5062,,6087397,0.08,
Chad,2025,300,Africa,23424777,Africa,Middle Africa,1618766,,19517032,8.29,
Chile,2025,300,South America,23424782,Americas,South America,18576248,16562853.0,19361133,95.95,85.55
China,2025,300,Asia,23424781,Asia,Eastern Asia,160669344,27260843.0,1404772563,11.44,1.94
Colombia,2025,300,South America,23424787,Americas,South America,35254930,34871051.0,51938979,67.88,67.14
Comoros,2025,300,Africa,23424786,Africa,Eastern Africa,720142,720142.0,720142,100.0,100.0
Costa Rica,2025,300,North America,23424791,Americas,Central America,5226738,5226753.0,5226736,100.0,100.0
Dem. Rep. Korea,2025,300,Asia,23424865,Asia,Eastern Asia,25040003,9104107.0,25564891,97.95,35.61
Democratic Republic of the Congo,2025,300,Africa,23424780,Africa,Middle Africa,18325761,13052374.0,108384624,16.91,12.04
Djibouti,2025,300,Africa,23424797,Africa,Eastern Africa,898256,898256.0,898256,100.0,100.0
Dominica,2025,300,North America,23424798,Americas,Caribbean,58395,58395.0,58395,100.0,100.0
Ecuador,2025,300,South America,23424801,Americas,South America,17863936,17865947.0,17956093,99.49,99.5
Egypt,2025,300,Africa,23424802,Africa,Northern Africa,3658,,113895661,0.0,
El Salvador,2025,300,North America,23424807,Americas,Central America,6369753,6369747.0,6369736,100.0,100.0
Equatorial Guinea,2025,300,Africa,23424804,Africa,Middle Africa,1603900,1566251.0,1664875,96.34,94.08
Eritrea,2025,300,Africa,23424806,Africa,Eastern Africa,3550830,1746260.0,4048525,87.71,43.13
Ethiopia,2025,300,Africa,23424808,Africa,Eastern Africa,115436980,98227051.0,131977282,87.47,74.43
Fiji,2025,300,Oceania,23424813,Oceania,Melanesia,0,,841446,0.0,
France,2025,300,Europe,-90,Europe,Western Europe,36698281,1639093.0,65467733,56.06,2.5
French Polynesia,2025,300,Oceania,23424817,Oceania,Polynesia,190392,,199538,95.42,
French Southern and Antarctic Lands,2025,300,Seven seas (open ocean),28289406,Seven seas (open ocean),Seven seas (open ocean),0,,0,,
Gabon,2025,300,Africa,23424822,Africa,Middle Africa,536,,2249149,0.02,
Georgia,2025,300,Asia,23424823,Asia,Western Asia,3592776,2373673.0,3592773,100.0,66.07
Germany,2025,300,Europe,23424829,Europe,Western Europe,44417691,,83104996,53.45,
Greece,2025,300,Europe,23424833,Europe,Southern Europe,6752450,4748326.0,9577163,70.51,49.58
Grenada,2025,300,North America,23424826,Americas,Caribbean,98013,98013.0,98013,100.0,100.0
Guam,2025,300,Oceania,23424832,Oceania,Micronesia,162310,,162312,100.0,
Guatemala,2025,300,North America,23424834,Americas,Central America,18548194,18518803.0,18561628,99.93,99.77
Heard I. and McDonald Islands,2025,300,Seven seas (open ocean),28289411,Seven seas (open ocean),Seven seas (open ocean),0,,0,,
Honduras,2025,300,North America,23424841,Americas,Central America,10653161,9760598.0,10760299,99.0,90.71
Iceland,2025,300,Europe,23424845,Europe,Northern Europe,338017,337879.0,338013,100.0,99.96
India,2025,300,Asia,23424848,Asia,Southern Asia,423896,5592.0,1444320653,0.03,0.0
Indonesia,2025,300,Asia,23424846,Asia,South-Eastern Asia,229259011,228190436.0,269448748,85.08,84.69
Iran,2025,300,Asia,23424851,Asia,Southern Asia,35247707,4818293.0,89644349,39.32,5.37
Iraq,2025,300,Asia,23424855,Asia,Western Asia,7396788,124924.0,47553687,15.55,0.26
Israel,2025,300,Asia,23424852,Asia,Western Asia,8098668,,8335907,97.15,
Italy,2025,300,Europe,23424853,Europe,Southern Europe,28826866,23716446.0,57120187,50.47,41.52
Japan,2025,300,Asia,23424856,Asia,Eastern Asia,118057077,114101026.0,118073188,99.99,96.64
Jordan,2025,300,Asia,23424860,Asia,Western Asia,11149548,,11418201,97.65,
Kenya,2025,300,Africa,23424863,Africa,Eastern Africa,55254405,25662803.0,57382670,96.29,44.72
Lao PDR,2025,300,Asia,23424872,Asia,South-Eastern Asia,509604,,7786357,6.54,
Lebanon,2025,300,Asia,23424873,Asia,Western Asia,4634643,,4634643,100.0,
Libya,2025,300,Africa,23424882,Africa,Northern Africa,1069,,6936377,0.02,
Luxembourg,2025,300,Europe,23424881,Europe,Western Europe,670026,,670026,100.0,
Madagascar,2025,300,Africa,23424883,Africa,Eastern Africa,114495,,31309202,0.37,
Malawi,2025,300,Africa,23424889,Africa,Eastern Africa,2461773,2461773.0,22185299,11.1,11.1
Malaysia,2025,300,Asia,23424901,Asia,South-Eastern Asia,773545,333904.0,33143794,2.33,1.01
Malta,2025,300,Europe,23424897,Europe,Southern Europe,491942,491942.0,491942,100.0,100.0
Mauritius,2025,300,Seven seas (open ocean),23424894,Africa,Eastern Africa,1228183,1228183.0,1228183,100.0,100.0
Mexico,2025,300,North America,23424900,Americas,Central America,108423615,93483086.0,129538146,83.7,72.17
Mongolia,2025,300,Asia,23424887,Asia,Eastern Asia,642191,,3541715,18.13,
Montserrat,2025,300,North America,23424888,Americas,Caribbean,2318,2318.0,2318,100.0,100.0
Morocco,2025,300,Africa,23424893,Africa,Northern Africa,419764,336478.0,38885104,1.08,0.87
Mozambique,2025,300,Africa,23424902,Africa,Eastern Africa,1998,1998.0,34964402,0.01,0.01
Myanmar,2025,300,Asia,23424763,Asia,South-Eastern Asia,28358258,4903951.0,53144581,53.36,9.23
Netherlands,2025,300,Europe,-90,Europe,Western Europe,15297460,5770.0,17509852,87.36,0.03
New Caledonia,2025,300,Oceania,23424903,Oceania,Melanesia,4769,4769.0,189841,2.51,2.51
New Zealand,2025,300,Oceania,23424916,Oceania,Australia and New Zealand,3852651,3644609.0,4882325,78.91,74.65
Nicaragua,2025,300,North America,23424915,Americas,Central America,6864748,6862772.0,7129034,96.29,96.27
Niger,2025,300,Africa,23424906,Africa,Western Africa,842708,,29360052,2.87,
Nigeria,2025,300,Africa,23424908,Africa,Western Africa,46745919,45927280.0,232691427,20.09,19.74
Northern Cyprus,2025,300,Asia,-90,Asia,Western Asia,5982,,398077,1.5,
Northern Mariana Islands,2025,300,Oceania,23424788,Oceania,Micronesia,46714,45523.0,46714,100.0,97.45
Norway,2025,300,Europe,-90,Europe,Northern Europe,43,,4849006,0.0,
Oman,2025,300,Asia,23424898,Asia,Western Asia,4891,,4794934,0.1,
Palestine,2025,300,Asia,28289408,Asia,Western Asia,4659678,,6637006,70.21,
Panama,2025,300,North America,23424924,Americas,Central America,1906663,847527.0,4509242,42.28,18.8
Papua New Guinea,2025,300,Oceania,23424926,Oceania,Melanesia,8636448,8633909.0,9829899,87.86,87.83
Peru,2025,300,South America,23424919,Americas,South America,7204502,5903095.0,34285481,21.01,17.22
Philippines,2025,300,Asia,23424934,Asia,South-Eastern Asia,107932300,107902487.0,109313828,98.74,98.71
Pitcairn Islands,2025,300,Oceania,23424918,Oceania,Polynesia,0,,0,,
Portugal,2025,300,Europe,23424925,Europe,Southern Europe,416066,171767.0,9221347,4.51,1.86
Puerto Rico,2025,300,North America,23424935,Americas,Caribbean,473117,8153.0,3219786,14.69,0.25
Republic of Cabo Verde,2025,300,Africa,23424794,Africa,Western Africa,536427,536427.0,536427,100.0,100.0
Republic of Korea,2025,300,Asia,23424868,Asia,Eastern Asia,48411258,2895764.0,48446667,99.93,5.98
Russian Federation,2025,300,Europe,23424936,Europe,Eastern Europe,15090666,312909.0,144910455,10.41,0.22
Rwanda,2025,300,Africa,23424937,Africa,Eastern Africa,14656533,14656533.0,14656533,100.0,100.0
Saint Helena,2025,300,Seven seas (open ocean),23424944,Africa,Western Africa,523,,4254,12.29,
Saint Kitts and Nevis,2025,300,North America,23424940,Americas,Caribbean,32759,32759.0,32759,100.0,100.0
Saint Lucia,2025,300,North America,23424951,Americas,Caribbean,148788,148788.0,148788,100.0,100.0
Saint Vincent and the Grenadines,2025,300,North America,23424981,Americas,Caribbean,50427,50427.0,50427,100.0,100.0
Saint-Barthélemy,2025,300,North America,56042304,Americas,Caribbean,8809,8809.0,8809,100.0,100.0
Saint-Martin,2025,300,North America,56042305,Americas,Caribbean,18560,18560.0,18560,100.0,100.0
Samoa,2025,300,Oceania,23424992,Oceania,Polynesia,168271,154910.0,168276,100.0,92.06
San Marino,2025,300,Europe,23424947,Europe,Southern Europe,31880,,31880,100.0,
Saudi Arabia,2025,300,Asia,23424938,Asia,Western Asia,18347241,2160079.0,37232528,49.28,5.8
Sint Maarten,2025,300,North America,-90,Americas,Caribbean,41317,41317.0,41317,100.0,100.0
Solomon Islands,2025,300,Oceania,23424766,Oceania,Melanesia,494683,494793.0,500715,98.8,98.82
Somaliland,2025,300,Africa,-99,Africa,Eastern Africa,2662197,1052175.0,4568831,58.27,23.03
South Africa,2025,300,Africa,23424942,Africa,Southern Africa,0,,61267877,0.0,
South Georgia and the Islands,2025,300,Seven seas (open ocean),23424955,Seven seas (open ocean),Seven seas (open ocean),0,,0,,
South Sudan,2025,300,Africa,-99,Africa,Eastern Africa,2804564,,11477539,24.44,
Spain,2025,300,Europe,23424950,Europe,Southern Europe,31597398,1870922.0,45193871,69.92,4.14
Sudan,2025,300,Africa,-90,Africa,Northern Africa,20790401,,50627142,41.07,
Switzerland,2025,300,Europe,23424957,Europe,Western Europe,1408211,,8902463,15.82,
Syria,2025,300,Asia,23424956,Asia,Western Asia,19445827,,24909761,78.07,
São Tomé and Principe,2025,300,Africa,23424966,Africa,Middle Africa,7768,,214738,3.62,
Taiwan,2025,300,Asia,23424971,Asia,Eastern Asia,23425635,,23458085,99.86,
Tanzania,2025,300,Africa,23424973,Africa,Eastern Africa,48834708,29546818.0,70999767,68.78,41.62
Timor-Leste,2025,300,Asia,23424968,Asia,South-Eastern Asia,1334391,1334391.0,1334403,100.0,100.0
Tonga,2025,300,Oceania,23424964,Oceania,Polynesia,92324,92324.0,92324,100.0,100.0
Trinidad and Tobago,2025,300,North America,23424958,Americas,Caribbean,1475683,1475683.0,1475683,100.0,100.0
Tunisia,2025,300,Africa,23424967,Africa,Northern Africa,8818162,,11611836,75.94,
Turkey,2025,300,Asia,23424969,Asia,Western Asia,76093278,10286310.0,83360026,91.28,12.34
Turkmenistan,2025,300,Asia,23424972,Asia,Central Asia,33946,,6868206,0.49,
Uganda,2025,300,Africa,23424974,Africa,Eastern Africa,45663391,11356233.0,51402115,88.84,22.09
United States,2025,300,North America,23424977,Americas,Northern America,79109050,12651831.0,338628648,23.36,3.74
United States Virgin Islands,2025,300,North America,23424985,Americas,Caribbean,73923,73923.0,73923,100.0,100.0
Vanuatu,2025,300,Oceania,23424907,Oceania,Melanesia,230231,230231.0,230232,100.0,100.0
Vatican,2025,300,Europe,23424986,Europe,Southern Europe,12478,12478.0,12478,100.0,100.0
Venezuela,2025,300,South America,23424982,Americas,South America,955756,853522.0,28695747,3.33,2.97
Vietnam,2025,300,Asia,23424984,Asia,South-Eastern Asia,40415433,29525035.0,97465095,41.47,30.29
Wallis and Futuna Islands,2025,300,Oceania,23424989,Oceania,Polynesia,5356,3073.0,5356,100.0,57.37
Yemen,2025,300,Asia,23425002,Asia,Western Asia,35238764,32776024.0,35320141,99.77,92.8
Zambia,2025,300,Africa,23425003,Africa,Eastern Africa,1676290,1349929.0,21801170,7.69,6.19
Algeria,2030,300,Africa,23424740,Africa,Northern Africa,206973,,48708918,0.42,
American Samoa,2030,300,Oceania,23424746,Oceania,Polynesia,31555,31555.0,31555,100.0,100.0
Andorra,2030,300,Europe,23424744,Europe,Southern Europe,80130,,80130,100.0,
Anguilla,2030,300,North America,23424751,Americas,Caribbean,10383,10383.0,10383,100.0,100.0
Antarctica,2030,300,Antarctica,28289409,Antarctica,Antarctica,0,0.0,0,,
Antigua and Barbuda,2030,300,North America,23424737,Americas,Caribbean,82084,82084.0,82084,100.0,100.0
Argentina,2030,300,South America,23424747,Americas,South America,9186250,2147837.0,47308813,19.42,4.54
Armenia,2030,300,Asia,23424743,Asia,Western Asia,2744839,2744839.0,2744839,100.0,100.0
Australia,2030,300,Oceania,-90,Oceania,Australia and New Zealand,7472169,,27423565,27.25,
Azerbaijan,2030,300,Asia,23424741,Asia,Western Asia,7004225,4027450.0,10543804,66.43,38.2
Bangladesh,2030,300,Asia,23424759,Asia,Southern Asia,21742,,180341641,0.01,
Barbados,2030,300,North America,23424754,Americas,Caribbean,194129,194123.0,194123,100.0,100.0
Belgium,2030,300,Europe,23424757,Europe,Western Europe,11757942,,11942248,98.46,
Belize,2030,300,North America,23424760,Americas,Central America,287743,23603.0,386666,74.42,6.1
Bolivia,2030,300,South America,23424762,Americas,South America,5101896,2824728.0,13501307,37.79,20.92
British Virgin Islands,2030,300,North America,23424983,Americas,Caribbean,23577,23577.0,23577,100.0,100.0
Burundi,2030,300,Africa,23424774,Africa,Eastern Africa,15761327,15256144.0,15761326,100.0,96.79
Cambodia,2030,300,Asia,23424776,Asia,South-Eastern Asia,179506,326.0,17982306,1.0,0.0
Cameroon,2030,300,Africa,23424785,Africa,Middle Africa,22139421,22009832.0,33556897,65.98,65.59
Canada,2030,300,North America,23424775,Americas,Northern America,5031419,529079.0,38774851,12.98,1.36
Central African Republic,2030,300,Africa,23424792,Africa,Middle Africa,5924,,7086623,0.08,
Chad,2030,300,Africa,23424777,Africa,Middle Africa,2023427,,22539137,8.98,
Chile,2030,300,South America,23424782,Americas,South America,18810306,16759719.0,19601948,95.96,85.5
China,2030,300,Asia,23424781,Asia,Eastern Asia,159370354,26793047.0,1395930095,11.42,1.92
Colombia,2030,300,South America,23424787,Americas,South America,35641631,35261609.0,53446895,66.69,65.98
Comoros,2030,300,Africa,23424786,Africa,Eastern Africa,781976,781976.0,781976,100.0,100.0
Costa Rica,2030,300,North America,23424791,Americas,Central America,5377341,5377357.0,5377339,100.0,100.0
Dem. Rep. Korea,2030,300,Asia,23424865,Asia,Eastern Asia,25255256,9172706.0,25793847,97.91,35.56
Democratic Republic of the Congo,2030,300,Africa,23424780,Africa,Middle Africa,19727893,14061477.0,126796103,15.56,11.09
Djibouti,2030,300,Africa,23424797,Africa,Eastern Africa,956827,956827.0,956826,100.0,100.0
Dominica,2030,300,North America,23424798,Americas,Caribbean,60123,60123.0,60123,100.0,100.0
Ecuador,2030,300,South America,23424801,Americas,South America,18749946,18752101.0,18843251,99.5,99.52
Egypt,2030,300,Africa,23424802,Africa,Northern Africa,3708,,122596469,0.0,
El Salvador,2030,300,North America,23424807,Americas,Central America,6497539,6497533.0,6497521,100.0,100.0
Equatorial Guinea,2030,300,Africa,23424804,Africa,Middle Africa,1778424,1735702.0,1850668,96.1,93.79
Eritrea,2030,300,Africa,23424806,Africa,Eastern Africa,3911721,1931067.0,4465164,87.61,43.25
Ethiopia,2030,300,Africa,23424808,Africa,Eastern Africa,129847813,110760677.0,148248060,87.59,74.71
Fiji,2030,300,Oceania,23424813,Oceania,Melanesia,0,,875856,0.0,
France,2030,300,Europe,-90,Europe,Western Europe,36896129,1698999.0,66109535,55.81,2.57
French Polynesia,2030,300,Oceania,23424817,Oceania,Polynesia,197586,,206263,95.79,
French Southern and Antarctic Lands,2030,300,Seven seas (open ocean),28289406,Seven seas (open ocean),Seven seas (open ocean),0,,0,,
Gabon,2030,300,Africa,23424822,Africa,Middle Africa,527,,2479279,0.02,
Georgia,2030,300,Asia,23424823,Asia,Western Asia,3535760,2334034.0,3535756,100.0,66.01
Germany,2030,300,Europe,23424829,Europe,Western Europe,44227366,,82670920,53.5,
Greece,2030,300,Europe,23424833,Europe,Southern Europe,6615959,4687499.0,9386880,70.48,49.94
Grenada,2030,300,North America,23424826,Americas,Caribbean,100193,100193.0,100193,100.0,100.0
Guam,2030,300,Oceania,23424832,Oceania,Micronesia,167244,,167246,100.0,
Guatemala,2030,300,North America,23424834,Americas,Central America,19907336,19873905.0,19922498,99.92,99.76
Heard I. and McDonald Islands,2030,300,Seven seas (open ocean),28289411,Seven seas (open ocean),Seven seas (open ocean),0,,0,,
Honduras,2030,300,North America,23424841,Americas,Central America,11422953,10449614.0,11541015,98.98,90.54
Iceland,2030,300,Europe,23424845,Europe,Northern Europe,347399,347262.0,347395,100.0,99.96
India,2030,300,Asia,23424848,Asia,Southern Asia,426716,5939.0,1504379738,0.03,0.0
Indonesia,2030,300,Asia,23424846,Asia,South-Eastern Asia,234769360,233630856.0,278872036,84.19,83.78
Iran,2030,300,Asia,23424851,Asia,Southern Asia,36445015,4951562.0,92114187,39.57,5.38
Iraq,2030,300,Asia,23424855,Asia,Western Asia,8797711,158281.0,52805845,16.66,0.3
Israel,2030,300,Asia,23424852,Asia,Western Asia,8682873,,8942249,97.1,
Italy,2030,300,Europe,23424853,Europe,Southern Europe,28213367,23203368.0,56180449,50.22,41.3
Japan,2030,300,Asia,23424856,Asia,Eastern Asia,114690838,110847033.0,114705686,99.99,96.64
Jordan,2030,300,Asia,23424860,Asia,Western Asia,11620314,,11907691,97.59,
Kenya,2030,300,Africa,23424863,Africa,Eastern Africa,60388687,27719028.0,63160307,95.61,43.89
Lao PDR,2030,300,Asia,23424872,Asia,South-Eastern Asia,561660,,8253229,6.81,
Lebanon,2030,300,Asia,23424873,Asia,Western Asia,4322814,,4322814,100.0,
Libya,2030,300,Africa,23424882,Africa,Northern Africa,1375,,7289004,0.02,
Luxembourg,2030,300,Europe,23424881,Europe,Western Europe,698485,,698485,100.0,
Madagascar,2030,300,Africa,23424883,Africa,Eastern Africa,130091,,35057698,0.37,
Malawi,2030,300,Africa,23424889,Africa,Eastern Africa,2814847,2814848.0,25135972,11.2,11.2
Malaysia,2030,300,Asia,23424901,Asia,South-Eastern Asia,795834,342979.0,34710749,2.29,0.99
Malta,2030,300,Europe,23424897,Europe,Southern Europe,495731,495731.0,495731,100.0,100.0
Mauritius,2030,300,Seven seas (open ocean),23424894,Africa,Eastern Africa,1230978,1230978.0,1230978,100.0,100.0
Mexico,2030,300,North America,23424900,Americas,Central America,112091773,96702024.0,133730796,83.82,72.31
Mongolia,2030,300,Asia,23424887,Asia,Eastern Asia,645394,,3739900,17.26,
Montserrat,2030,300,North America,23424888,Americas,Caribbean,2276,2276.0,2276,100.0,100.0
Morocco,2030,300,Africa,23424893,Africa,Northern Africa,446755,362861.0,40569009,1.1,0.89
Mozambique,2030,300,Africa,23424902,Africa,Eastern Africa,2357,2357.0,39906713,0.01,0.01
Myanmar,2030,300,Asia,23424763,Asia,South-Eastern Asia,29002065,5337450.0,54787969,52.94,9.74
Netherlands,2030,300,Europe,-90,Europe,Western Europe,15509840,5982.0,17734783,87.45,0.03
New Caledonia,2030,300,Oceania,23424903,Oceania,Melanesia,3670,3670.0,203593,1.8,1.8
New Zealand,2030,300,Oceania,23424916,Oceania,Australia and New Zealand,3972430,3760055.0,5051674,78.64,74.43
Nicaragua,2030,300,North America,23424915,Americas,Central America,7272006,7269736.0,7576781,95.98,95.95
Niger,2030,300,Africa,23424906,Africa,Western Africa,1002676,,35238879,2.85,
Nigeria,2030,300,Africa,23424908,Africa,Western Africa,52517549,51603968.0,260518320,20.16,19.81
Northern Cyprus,2030,300,Asia,-90,Asia,Western Asia,6141,,404010,1.52,
Northern Mariana Islands,2030,300,Oceania,23424788,Oceania,Micronesia,47675,46699.0,47675,100.0,97.95
Norway,2030,300,Europe,-90,Europe,Northern Europe,47,,5030339,0.0,
Oman,2030,300,Asia,23424898,Asia,Western Asia,4386,,5105782,0.09,
Palestine,2030,300,Asia,28289408,Asia,Western Asia,5141115,,7348510,69.96,
Panama,2030,300,North America,23424924,Americas,Central America,1949594,888134.0,4784654,40.75,18.56
Papua New Guinea,2030,300,Oceania,23424926,Oceania,Melanesia,9356226,9353313.0,10711449,87.35,87.32
Peru,2030,300,South America,23424919,Americas,South America,7517183,6132763.0,35920724,20.93,17.07
Philippines,2030,300,Asia,23424934,Asia,South-Eastern Asia,115599007,115582975.0,117102352,98.72,98.7
Pitcairn Islands,2030,300,Oceania,23424918,Oceania,Polynesia,0,,0,,
Portugal,2030,300,Europe,23424925,Europe,Southern Europe,403118,166067.0,9078654,4.44,1.83
Puerto Rico,2030,300,North America,23424935,Americas,Caribbean,476296,8410.0,3204178,14.86,0.26
Republic of Cabo Verde,2030,300,Africa,23424794,Africa,Western Africa,563754,563754.0,563754,100.0,100.0
Republic of Korea,2030,300,Asia,23424868,Asia,Eastern Asia,48053561,2868784.0,48087868,99.93,5.97
Russian Federation,2030,300,Europe,23424936,Europe,Eastern Europe,15273183,305342.0,142842243,10.69,0.21
Rwanda,2030,300,Africa,23424937,Africa,Eastern Africa,16289584,16289584.0,16289584,100.0,100.0
Saint Helena,2030,300,Seven seas (open ocean),23424944,Africa,Western Africa,526,,3962,13.28,
Saint Kitts and Nevis,2030,300,North America,23424940,Americas,Caribbean,33112,33112.0,33112,100.0,100.0
Saint Lucia,2030,300,North America,23424951,Americas,Caribbean,149653,149653.0,149653,100.0,100.0
Saint Vincent and the Grenadines,2030,300,North America,23424981,Americas,Caribbean,50503,50503.0,50503,100.0,100.0
Saint-Barthélemy,2030,300,North America,56042304,Americas,Caribbean,8863,8863.0,8863,100.0,100.0
Saint-Martin,2030,300,North America,56042305,Americas,Caribbean,19172,19172.0,19172,100.0,100.0
Samoa,2030,300,Oceania,23424992,Oceania,Polynesia,180560,166558.0,180566,100.0,92.24
San Marino,2030,300,Europe,23424947,Europe,Southern Europe,31757,,31757,100.0,
Saudi Arabia,2030,300,Asia,23424938,Asia,Western Asia,19473120,2257152.0,39673815,49.08,5.69
Sint Maarten,2030,300,North America,-90,Americas,Caribbean,41298,41298.0,41298,100.0,100.0
Solomon Islands,2030,300,Oceania,23424766,Oceania,Melanesia,555502,555615.0,562073,98.83,98.85
Somaliland,2030,300,Africa,-99,Africa,Eastern Africa,2870683,1175325.0,5001721,57.39,23.5
South Africa,2030,300,Africa,23424942,Africa,Southern Africa,0,,64231646,0.0,
South Georgia and the Islands,2030,300,Seven seas (open ocean),23424955,Seven seas (open ocean),Seven seas (open ocean),0,,0,,
South Sudan,2030,300,Africa,-99,Africa,Eastern Africa,3879432,,12599986,30.79,
Spain,2030,300,Europe,23424950,Europe,Southern Europe,31559688,1881965.0,44874279,70.33,4.19
Sudan,2030,300,Africa,-90,Africa,Northern Africa,23881101,,57016946,41.88,
Switzerland,2030,300,Europe,23424957,Europe,Western Europe,1436406,,9137669,15.72,
Syria,2030,300,Asia,23424956,Asia,Western Asia,23065277,,29198146,79.0,
São Tomé and Principe,2030,300,Africa,23424966,Africa,Middle Africa,8046,,236410,3.4,
Taiwan,2030,300,Asia,23424971,Asia,Eastern Asia,23489358,,23520450,99.87,
Tanzania,2030,300,Africa,23424973,Africa,Eastern Africa,55366763,33122033.0,81407890,68.01,40.69
Timor-Leste,2030,300,Asia,23424968,Asia,South-Eastern Asia,1427020,1427020.0,1427033,100.0,100.0
Tonga,2030,300,Oceania,23424964,Oceania,Polynesia,96860,96860.0,96860,100.0,100.0
Trinidad and Tobago,2030,300,North America,23424958,Americas,Caribbean,1482344,1482344.0,1482344,100.0,100.0
Tunisia,2030,300,Africa,23424967,Africa,Northern Africa,9188607,,12010745,76.5,
Turkey,2030,300,Asia,23424969,Asia,Western Asia,78107248,10503020.0,85567398,91.28,12.27
Turkmenistan,2030,300,Asia,23424972,Asia,Central Asia,35516,,7262039,0.49,
Uganda,2030,300,Africa,23424974,Africa,Eastern Africa,51994466,12592308.0,58491778,88.89,21.53
United States,2030,300,North America,23424977,Americas,Northern America,81431600,13162313.0,347044286,23.46,3.79
United States Virgin Islands,2030,300,North America,23424985,Americas,Caribbean,70893,70893.0,70893,100.0,100.0
Vanuatu,2030,300,Oceania,23424907,Oceania,Melanesia,257695,257695.0,257696,100.0,100.0
Vatican,2030,300,Europe,23424986,Europe,Southern Europe,12537,12537.0,12537,100.0,100.0
Venezuela,2030,300,South America,23424982,Americas,South America,1032043,920328.0,30695669,3.36,3.0
Vietnam,2030,300,Asia,23424984,Asia,South-Eastern Asia,43063035,31927062.0,100063261,43.04,31.91
Wallis and Futuna Islands,2030,300,Oceania,23424989,Oceania,Polynesia,5247,3060.0,5247,100.0,58.32
Yemen,2030,300,Asia,23425002,Asia,Western Asia,39043099,36391300.0,39132275,99.77,93.0
Zambia,2030,300,Africa,23425003,Africa,Eastern Africa,1824639,1463158.0,24822620,7.35,5.89
